#
# There is insufficient memory for the Java Runtime Environment to continue.
# Native memory allocation (mmap) failed to map 428867584 bytes. Error detail: G1 virtual space
# Possible reasons:
#   The system is out of physical RAM or swap space
#   This process is running with CompressedOops enabled, and the Java Heap may be blocking the growth of the native heap
# Possible solutions:
#   Reduce memory load on the system
#   Increase physical memory or swap space
#   Check if swap backing store is full
#   Decrease Java heap size (-Xmx/-Xms)
#   Decrease number of Java threads
#   Decrease Java thread stack sizes (-Xss)
#   Set larger code cache with -XX:ReservedCodeCacheSize=
#   JVM is running with Unscaled Compressed Oops mode in which the Java heap is
#     placed in the first 4GB address space. The Java Heap base address is the
#     maximum limit for the native heap growth. Please use -XX:HeapBaseMinAddress
#     to set the Java Heap base and to place the Java Heap above 4GB virtual address.
# This output file may be truncated or incomplete.
#
#  Out of Memory Error (os_windows.cpp:3766), pid=3480, tid=14264
#
# JRE version: OpenJDK Runtime Environment (25.0.3) (build 25.0.3+-15898627-b508.16)
# Java VM: OpenJDK 64-Bit Server VM (25.0.3+-15898627-b508.16, mixed mode, tiered, compressed oops, compressed class ptrs, g1 gc, windows-amd64)
# No core dump will be written. Minidumps are not enabled by default on client versions of Windows
#

---------------  S U M M A R Y ------------

Command Line: --add-opens=java.base/java.lang=ALL-UNNAMED --add-opens=java.base/java.lang.invoke=ALL-UNNAMED --add-opens=java.base/java.util=ALL-UNNAMED --add-opens=java.prefs/java.util.prefs=ALL-UNNAMED --add-exports=jdk.compiler/com.sun.tools.javac.api=ALL-UNNAMED --add-exports=jdk.compiler/com.sun.tools.javac.util=ALL-UNNAMED --add-opens=java.base/java.nio.charset=ALL-UNNAMED --add-opens=java.base/java.net=ALL-UNNAMED --add-opens=java.base/java.util.concurrent=ALL-UNNAMED --add-opens=java.base/java.util.concurrent.atomic=ALL-UNNAMED --add-opens=java.xml/javax.xml.namespace=ALL-UNNAMED --add-opens=java.base/java.time=ALL-UNNAMED --enable-native-access=ALL-UNNAMED -Xmx2048m -Dfile.encoding=UTF-8 -Duser.country=IN -Duser.language=en -Duser.variant -javaagent:C:\Users\hp\.gradle\wrapper\dists\gradle-9.6.0-bin\42k10rwplmzkhuboz9kdazi7s\gradle-9.6.0\lib\agents\gradle-instrumentation-agent-9.6.0.jar org.gradle.launcher.daemon.bootstrap.GradleDaemon 9.6.0

Host: AMD Ryzen 5 5500U with Radeon Graphics         , 12 cores, 7G,  Windows 11 , 64 bit Build 26100 (10.0.26100.9444)
Time: Thu Oct  8 17:08:56 2026 India Standard Time elapsed time: 5995.063848 seconds (0d 1h 39m 55s)

---------------  T H R E A D  ---------------

Current thread (0x00000182ae6a8580):  VMThread "VM Thread"          [id=14264, stack(0x000000228c100000,0x000000228c200000) (1024K)]

Stack: [0x000000228c100000,0x000000228c200000]
Native frames: (J=compiled Java code, j=interpreted, Vv=VM code, C=native code)
V  [jvm.dll+0x7bf039]  (no source info available)
V  [jvm.dll+0x78912d]  (no source info available)
V  [jvm.dll+0xa0e615]  (no source info available)
V  [jvm.dll+0xa10c94]  (no source info available)
V  [jvm.dll+0xa11393]  (no source info available)
V  [jvm.dll+0x30a116]  (no source info available)
V  [jvm.dll+0x7bb145]  (no source info available)
V  [jvm.dll+0x7adc17]  (no source info available)
V  [jvm.dll+0x3fea3b]  (no source info available)
V  [jvm.dll+0x406bf6]  (no source info available)
V  [jvm.dll+0x3f30a6]  (no source info available)
V  [jvm.dll+0x3f3388]  (no source info available)
V  [jvm.dll+0x3c8622]  (no source info available)
V  [jvm.dll+0x3c86ba]  (no source info available)
V  [jvm.dll+0x417e60]  (no source info available)
V  [jvm.dll+0x416781]  (no source info available)
V  [jvm.dll+0x3c7d57]  (no source info available)
V  [jvm.dll+0x415bbf]  (no source info available)
V  [jvm.dll+0xa1765a]  (no source info available)
V  [jvm.dll+0xa18961]  (no source info available)
V  [jvm.dll+0xa18ed8]  (no source info available)
V  [jvm.dll+0xa19163]  (no source info available)
V  [jvm.dll+0x9ad738]  (no source info available)
V  [jvm.dll+0x7bd585]  (no source info available)
C  [ucrtbase.dll+0x2cd30]  (no source info available)
C  [KERNEL32.DLL+0x2cd87]  (no source info available)
C  [ntdll.dll+0xacaec]  (no source info available)

VM_Operation (0x0000002292dfe5d8): G1CollectForAllocation, mode: safepoint, requested by thread 0x00000182b6177810


---------------  P R O C E S S  ---------------

Threads class SMR info:
_java_thread_list=0x00000182ba4234c0, length=111, elements={
0x0000018296a44d00, 0x00000182ae6dc550, 0x00000182aeb734c0, 0x00000182aeb74080,
0x00000182ae6ef730, 0x00000182ae6f02f0, 0x00000182ae6f0fe0, 0x00000182ae7001c0,
0x00000182ae7010b0, 0x00000182ae709ce0, 0x00000182aeea6ff0, 0x00000182b5aeb9f0,
0x00000182b5a8b820, 0x00000182b59a4360, 0x00000182b5bfebd0, 0x00000182b5bfe400,
0x00000182b5c00b10, 0x00000182b5c041c0, 0x00000182b5c04990, 0x00000182b763ef60,
0x00000182b78debf0, 0x00000182b8513c10, 0x00000182b4b963c0, 0x00000182babc85e0,
0x00000182b81751c0, 0x00000182badb4200, 0x00000182b4b934e0, 0x00000182b4e35de0,
0x00000182b6171280, 0x00000182b5f59b40, 0x00000182b5f56c60, 0x00000182c2d94a20,
0x00000182c2d94250, 0x00000182c2d97900, 0x00000182c33c4990, 0x00000182c33c2280,
0x00000182c33c5160, 0x00000182b9f3d570, 0x00000182b9f3dd40, 0x00000182aec49c90,
0x00000182aec4ac30, 0x00000182aec4b400, 0x00000182b9996fc0, 0x00000182b61423d0,
0x00000182c87a63d0, 0x00000182ca0321d0, 0x00000182b757bc00, 0x00000182bad11db0,
0x00000182bad13520, 0x00000182bad12d50, 0x00000182c2c76130, 0x00000182c2c78070,
0x00000182b7913830, 0x00000182b7914000, 0x00000182b79147d0, 0x00000182b79118f0,
0x00000182b79120c0, 0x00000182b338e6d0, 0x00000182b338eea0, 0x00000182bac52d60,
0x00000182bac50e20, 0x00000182c26f3730, 0x00000182b96c9820, 0x00000182b96c9ff0,
0x00000182b96c8880, 0x00000182b96caf90, 0x00000182b96cb760, 0x00000182b96cbf30,
0x00000182b6179f20, 0x00000182b61787b0, 0x00000182ba7431c0, 0x00000182b40e8dd0,
0x00000182c2a127d0, 0x00000182c2a12000, 0x00000182c2a13770, 0x00000182b9995850,
0x00000182b99967f0, 0x00000182cb033050, 0x00000182cb035760, 0x00000182cb035f30,
0x00000182cb0347c0, 0x00000182cb036700, 0x00000182cb033ff0, 0x00000182cb034f90,
0x00000182aec4a460, 0x00000182b75056e0, 0x00000182b40e7e30, 0x00000182ba742220,
0x00000182b4e37eb0, 0x00000182aec4c3a0, 0x00000182b6145a80, 0x00000182b4e376e0,
0x00000182b8563e60, 0x00000182c26eafd0, 0x00000182c2bbe100, 0x00000182b617a6f0,
0x00000182c2b19e50, 0x00000182b31201f0, 0x00000182b448d740, 0x00000182b96ca7c0,
0x00000182b6177810, 0x00000182c87a6ba0, 0x00000182b617c630, 0x00000182b4e365b0,
0x00000182b5f57c00, 0x00000182b5f59370, 0x00000182b617e570, 0x00000182b617ed40,
0x00000182b617d5d0, 0x00000182b617b690, 0x00000182b311f250
}
_to_delete_list=0x00000182b91b12e0, length=110, elements={
0x0000018296a44d00, 0x00000182ae6dc550, 0x00000182aeb734c0, 0x00000182aeb74080,
0x00000182ae6ef730, 0x00000182ae6f02f0, 0x00000182ae6f0fe0, 0x00000182ae7001c0,
0x00000182ae7010b0, 0x00000182ae709ce0, 0x00000182aeea6ff0, 0x00000182b5aeb9f0,
0x00000182b5a8b820, 0x00000182b59a4360, 0x00000182b5bfebd0, 0x00000182b5bfe400,
0x00000182b5c00b10, 0x00000182b5c041c0, 0x00000182b5c04990, 0x00000182b763ef60,
0x00000182b78debf0, 0x00000182b8513c10, 0x00000182b4b963c0, 0x00000182babc85e0,
0x00000182b81751c0, 0x00000182badb4200, 0x00000182b4b934e0, 0x00000182b4e35de0,
0x00000182b6171280, 0x00000182b5f59b40, 0x00000182b5f56c60, 0x00000182c2d94a20,
0x00000182c2d94250, 0x00000182c2d97900, 0x00000182c33c4990, 0x00000182c33c2280,
0x00000182c33c5160, 0x00000182b9f3d570, 0x00000182b9f3dd40, 0x00000182aec49c90,
0x00000182aec4ac30, 0x00000182aec4b400, 0x00000182b9996fc0, 0x00000182b61423d0,
0x00000182c87a63d0, 0x00000182ca0321d0, 0x00000182b757bc00, 0x00000182bad11db0,
0x00000182bad13520, 0x00000182bad12d50, 0x00000182c2c76130, 0x00000182c2c78070,
0x00000182b7913830, 0x00000182b7914000, 0x00000182b79147d0, 0x00000182b79118f0,
0x00000182b79120c0, 0x00000182b338e6d0, 0x00000182b338eea0, 0x00000182bac52d60,
0x00000182bac50e20, 0x00000182c26f3730, 0x00000182b96c9820, 0x00000182b96c9ff0,
0x00000182b96c8880, 0x00000182b96caf90, 0x00000182b96cb760, 0x00000182b96cbf30,
0x00000182b6179f20, 0x00000182b61787b0, 0x00000182ba7431c0, 0x00000182b40e8dd0,
0x00000182c2a127d0, 0x00000182c2a12000, 0x00000182c2a13770, 0x00000182b9995850,
0x00000182b99967f0, 0x00000182cb033050, 0x00000182cb035760, 0x00000182cb035f30,
0x00000182cb0347c0, 0x00000182cb036700, 0x00000182cb033ff0, 0x00000182cb034f90,
0x00000182aec4a460, 0x00000182b75056e0, 0x00000182b40e7e30, 0x00000182ba742220,
0x00000182b4e37eb0, 0x00000182aec4c3a0, 0x00000182b6145a80, 0x00000182b4e376e0,
0x00000182b8563e60, 0x00000182c26eafd0, 0x00000182c2bbe100, 0x00000182b617a6f0,
0x00000182c2b19e50, 0x00000182b31201f0, 0x00000182b448d740, 0x00000182b96ca7c0,
0x00000182b6177810, 0x00000182c87a6ba0, 0x00000182b617c630, 0x00000182b4e365b0,
0x00000182b5f57c00, 0x00000182b5f59370, 0x00000182b617e570, 0x00000182b617ed40,
0x00000182b617d5d0, 0x00000182b617b690
}

Java Threads: ( => current thread )
  0x0000018296a44d00 JavaThread "main"                              [_thread_blocked, id=23428, stack(0x000000228ba00000,0x000000228bb00000) (1024K)]
  0x00000182ae6dc550 JavaThread "Common-Cleaner"             daemon [_thread_blocked, id=15556, stack(0x000000228c200000,0x000000228c300000) (1024K)]
  0x00000182aeb734c0 JavaThread "Reference Handler"          daemon [_thread_blocked, id=4164, stack(0x000000228c300000,0x000000228c400000) (1024K)]
  0x00000182aeb74080 JavaThread "Finalizer"                  daemon [_thread_blocked, id=18576, stack(0x000000228c400000,0x000000228c500000) (1024K)]
  0x00000182ae6ef730 JavaThread "Signal Dispatcher"          daemon [_thread_blocked, id=13284, stack(0x000000228c500000,0x000000228c600000) (1024K)]
  0x00000182ae6f02f0 JavaThread "Attach Listener"            daemon [_thread_blocked, id=20156, stack(0x000000228c600000,0x000000228c700000) (1024K)]
  0x00000182ae6f0fe0 JavaThread "Service Thread"             daemon [_thread_blocked, id=4388, stack(0x000000228c700000,0x000000228c800000) (1024K)]
  0x00000182ae7001c0 JavaThread "Monitor Deflation Thread"   daemon [_thread_blocked, id=13060, stack(0x000000228c800000,0x000000228c900000) (1024K)]
  0x00000182ae7010b0 JavaThread "C2 CompilerThread0"         daemon [_thread_blocked, id=19088, stack(0x000000228c900000,0x000000228ca00000) (1024K)]
  0x00000182ae709ce0 JavaThread "C1 CompilerThread0"         daemon [_thread_blocked, id=17292, stack(0x000000228ca00000,0x000000228cb00000) (1024K)]
  0x00000182aeea6ff0 JavaThread "Notification Thread"        daemon [_thread_blocked, id=7756, stack(0x000000228cb00000,0x000000228cc00000) (1024K)]
  0x00000182b5aeb9f0 JavaThread "Daemon health stats"               [_thread_blocked, id=14248, stack(0x000000228d100000,0x000000228d200000) (1024K)]
  0x00000182b5a8b820 JavaThread "Incoming local TCP Connector on port 55320"        [_thread_in_native, id=9220, stack(0x000000228d600000,0x000000228d700000) (1024K)]
  0x00000182b59a4360 JavaThread "Daemon periodic checks"            [_thread_blocked, id=10984, stack(0x000000228d700000,0x000000228d800000) (1024K)]
  0x00000182b5bfebd0 JavaThread "Cache worker for journal cache (C:\Users\hp\.gradle\caches\journal-1)"        [_thread_blocked, id=18312, stack(0x000000228e100000,0x000000228e200000) (1024K)]
  0x00000182b5bfe400 JavaThread "File lock request listener"        [_thread_in_native, id=19540, stack(0x000000228e200000,0x000000228e300000) (1024K)]
  0x00000182b5c00b10 JavaThread "Cache worker for file hash cache (C:\Users\hp\.gradle\caches\9.6.0\fileHashes)"        [_thread_blocked, id=9568, stack(0x000000228e300000,0x000000228e400000) (1024K)]
  0x00000182b5c041c0 JavaThread "Cache worker for file content cache (C:\Users\hp\.gradle\caches\9.6.0\fileContent)"        [_thread_blocked, id=21632, stack(0x000000228e700000,0x000000228e800000) (1024K)]
  0x00000182b5c04990 JavaThread "File watcher server"        daemon [_thread_blocked, id=21584, stack(0x000000228e800000,0x000000228e900000) (1024K)]
  0x00000182b763ef60 JavaThread "File watcher consumer"      daemon [_thread_blocked, id=16420, stack(0x000000228e900000,0x000000228ea00000) (1024K)]
  0x00000182b78debf0 JavaThread "Memory manager"                    [_thread_blocked, id=9804, stack(0x000000228ed00000,0x000000228ee00000) (1024K)]
  0x00000182b8513c10 JavaThread "DefaultDispatcher-worker-1" daemon [_thread_blocked, id=11144, stack(0x0000002290500000,0x0000002290600000) (1024K)]
  0x00000182b4b963c0 JavaThread "DefaultDispatcher-worker-2" daemon [_thread_blocked, id=3576, stack(0x0000002290600000,0x0000002290700000) (1024K)]
  0x00000182babc85e0 JavaThread "DefaultDispatcher-worker-3" daemon [_thread_blocked, id=13220, stack(0x0000002290700000,0x0000002290800000) (1024K)]
  0x00000182b81751c0 JavaThread "Periodic tasks thread"      daemon [_thread_blocked, id=21704, stack(0x0000002290800000,0x0000002290900000) (1024K)]
  0x00000182badb4200 JavaThread "ApplicationImpl pooled thread 1"        [_thread_blocked, id=2064, stack(0x0000002290900000,0x0000002290a00000) (1024K)]
  0x00000182b4b934e0 JavaThread "Java2D Disposer"            daemon [_thread_blocked, id=9076, stack(0x0000002290e00000,0x0000002290f00000) (1024K)]
  0x00000182b4e35de0 JavaThread "AWT-Windows"                daemon [_thread_in_native, id=19004, stack(0x0000002291000000,0x0000002291100000) (1024K)]
  0x00000182b6171280 JavaThread "DefaultDispatcher-worker-4" daemon [_thread_blocked, id=8124, stack(0x000000228fb00000,0x000000228fc00000) (1024K)]
  0x00000182b5f59b40 JavaThread "RMI Scheduler(0)"           daemon [_thread_blocked, id=14748, stack(0x0000002291400000,0x0000002291500000) (1024K)]
  0x00000182b5f56c60 JavaThread "RMI TCP Accept-0"           daemon [_thread_in_native, id=22592, stack(0x0000002291700000,0x0000002291800000) (1024K)]
  0x00000182c2d94a20 JavaThread "jar transforms"                    [_thread_blocked, id=15904, stack(0x000000228ea00000,0x000000228eb00000) (1024K)]
  0x00000182c2d94250 JavaThread "jar transforms Thread 2"           [_thread_blocked, id=18168, stack(0x000000228eb00000,0x000000228ec00000) (1024K)]
  0x00000182c2d97900 JavaThread "jar transforms Thread 3"           [_thread_blocked, id=2352, stack(0x000000228ec00000,0x000000228ed00000) (1024K)]
  0x00000182c33c4990 JavaThread "jar transforms Thread 4"           [_thread_blocked, id=20612, stack(0x000000228fa00000,0x000000228fb00000) (1024K)]
  0x00000182c33c2280 JavaThread "jar transforms Thread 5"           [_thread_blocked, id=9828, stack(0x000000228fc00000,0x000000228fd00000) (1024K)]
  0x00000182c33c5160 JavaThread "jar transforms Thread 6"           [_thread_blocked, id=17596, stack(0x000000228fd00000,0x000000228fe00000) (1024K)]
  0x00000182b9f3d570 JavaThread "jar transforms Thread 7"           [_thread_blocked, id=20464, stack(0x000000228fe00000,0x000000228ff00000) (1024K)]
  0x00000182b9f3dd40 JavaThread "jar transforms Thread 8"           [_thread_blocked, id=13136, stack(0x000000228ff00000,0x0000002290000000) (1024K)]
  0x00000182aec49c90 JavaThread "jar transforms Thread 9"           [_thread_blocked, id=17896, stack(0x000000228e000000,0x000000228e100000) (1024K)]
  0x00000182aec4ac30 JavaThread "jar transforms Thread 10"          [_thread_blocked, id=2016, stack(0x000000228e400000,0x000000228e500000) (1024K)]
  0x00000182aec4b400 JavaThread "jar transforms Thread 11"          [_thread_blocked, id=18832, stack(0x000000228e500000,0x000000228e600000) (1024K)]
  0x00000182b9996fc0 JavaThread "jar transforms Thread 12"          [_thread_blocked, id=7008, stack(0x000000228e600000,0x000000228e700000) (1024K)]
  0x00000182b61423d0 JavaThread "RMI GC Daemon"              daemon [_thread_blocked, id=5020, stack(0x0000002291a00000,0x0000002291b00000) (1024K)]
  0x00000182c87a63d0 JavaThread "RMI Reaper"                        [_thread_blocked, id=15376, stack(0x0000002291b00000,0x0000002291c00000) (1024K)]
  0x00000182ca0321d0 JavaThread "Daemon Thread 17"                  [_thread_blocked, id=6376, stack(0x000000228b700000,0x000000228b800000) (1024K)]
  0x00000182b757bc00 JavaThread "Daemon worker Thread 17"           [_thread_blocked, id=23128, stack(0x000000228dd00000,0x000000228de00000) (1024K)]
  0x00000182bad11db0 JavaThread "VFS cleanup Thread 19"             [_thread_blocked, id=7452, stack(0x000000228de00000,0x000000228df00000) (1024K)]
  0x00000182bad13520 JavaThread "Handler for socket connection from /127.0.0.1:55320 to /127.0.0.1:60921"        [_thread_in_native, id=21352, stack(0x000000228b800000,0x000000228b900000) (1024K)]
  0x00000182bad12d50 JavaThread "Cancel handler"                    [_thread_blocked, id=12732, stack(0x000000228b900000,0x000000228ba00000) (1024K)]
  0x00000182c2c76130 JavaThread "Asynchronous log dispatcher for DefaultDaemonConnection: socket connection from /127.0.0.1:55320 to /127.0.0.1:60921"        [_thread_blocked, id=12496, stack(0x000000228d800000,0x000000228d900000) (1024K)]
  0x00000182c2c78070 JavaThread "Stdin handler"                     [_thread_blocked, id=13968, stack(0x000000228d900000,0x000000228da00000) (1024K)]
  0x00000182b7913830 JavaThread "Daemon client event forwarder"        [_thread_blocked, id=18780, stack(0x000000228dc00000,0x000000228dd00000) (1024K)]
  0x00000182b7914000 JavaThread "Cache worker for file hash cache (D:\OfflineMarketPlace2\.gradle\9.6.0\fileHashes)"        [_thread_blocked, id=3512, stack(0x000000228df00000,0x000000228e000000) (1024K)]
  0x00000182b79147d0 JavaThread "Cache worker for checksums cache (D:\OfflineMarketPlace2\.gradle\9.6.0\checksums)"        [_thread_blocked, id=3492, stack(0x000000228ee00000,0x000000228ef00000) (1024K)]
  0x00000182b79118f0 JavaThread "Cache worker for Build Output Cleanup Cache (D:\OfflineMarketPlace2\.gradle\buildOutputCleanup)"        [_thread_blocked, id=3648, stack(0x000000228ef00000,0x000000228f000000) (1024K)]
  0x00000182b79120c0 JavaThread "Cache worker for cache directory md-supplier (C:\Users\hp\.gradle\caches\9.6.0\md-supplier)"        [_thread_blocked, id=17356, stack(0x000000228f000000,0x000000228f100000) (1024K)]
  0x00000182b338e6d0 JavaThread "Cache worker for cache directory md-rule (C:\Users\hp\.gradle\caches\9.6.0\md-rule)"        [_thread_blocked, id=2516, stack(0x000000228f100000,0x000000228f200000) (1024K)]
  0x00000182b338eea0 JavaThread "Build operations"                  [_thread_blocked, id=15288, stack(0x000000228f200000,0x000000228f300000) (1024K)]
  0x00000182bac52d60 JavaThread "Build operations Thread 2"         [_thread_blocked, id=18512, stack(0x000000228f300000,0x000000228f400000) (1024K)]
  0x00000182bac50e20 JavaThread "Build operations Thread 3"         [_thread_blocked, id=15036, stack(0x000000228f400000,0x000000228f500000) (1024K)]
  0x00000182c26f3730 JavaThread "Build operations Thread 4"         [_thread_blocked, id=19832, stack(0x000000228f500000,0x000000228f600000) (1024K)]
  0x00000182b96c9820 JavaThread "Build operations Thread 5"         [_thread_blocked, id=6740, stack(0x000000228f600000,0x000000228f700000) (1024K)]
  0x00000182b96c9ff0 JavaThread "Build operations Thread 6"         [_thread_blocked, id=22400, stack(0x000000228f700000,0x000000228f800000) (1024K)]
  0x00000182b96c8880 JavaThread "Build operations Thread 7"         [_thread_blocked, id=1332, stack(0x000000228f800000,0x000000228f900000) (1024K)]
  0x00000182b96caf90 JavaThread "Build operations Thread 8"         [_thread_blocked, id=18748, stack(0x000000228f900000,0x000000228fa00000) (1024K)]
  0x00000182b96cb760 JavaThread "Build operations Thread 9"         [_thread_blocked, id=5152, stack(0x0000002290000000,0x0000002290100000) (1024K)]
  0x00000182b96cbf30 JavaThread "Build operations Thread 10"        [_thread_blocked, id=9364, stack(0x0000002290100000,0x0000002290200000) (1024K)]
  0x00000182b6179f20 JavaThread "Build operations Thread 11"        [_thread_blocked, id=10112, stack(0x0000002290200000,0x0000002290300000) (1024K)]
  0x00000182b61787b0 JavaThread "Build operations Thread 12"        [_thread_blocked, id=15320, stack(0x0000002290300000,0x0000002290400000) (1024K)]
  0x00000182ba7431c0 JavaThread "Configuration cache report writer"        [_thread_blocked, id=23304, stack(0x0000002290400000,0x0000002290500000) (1024K)]
  0x00000182b40e8dd0 JavaThread "build event listener"              [_thread_blocked, id=18688, stack(0x0000002290a00000,0x0000002290b00000) (1024K)]
  0x00000182c2a127d0 JavaThread "build event listener"              [_thread_blocked, id=7876, stack(0x0000002290b00000,0x0000002290c00000) (1024K)]
  0x00000182c2a12000 JavaThread "included builds"                   [_thread_blocked, id=2236, stack(0x0000002290c00000,0x0000002290d00000) (1024K)]
  0x00000182c2a13770 JavaThread "Execution worker"                  [_thread_blocked, id=12396, stack(0x0000002290d00000,0x0000002290e00000) (1024K)]
  0x00000182b9995850 JavaThread "Execution worker Thread 2"         [_thread_blocked, id=16840, stack(0x0000002290f00000,0x0000002291000000) (1024K)]
  0x00000182b99967f0 JavaThread "Execution worker Thread 3"         [_thread_blocked, id=11692, stack(0x0000002291100000,0x0000002291200000) (1024K)]
  0x00000182cb033050 JavaThread "Execution worker Thread 4"         [_thread_blocked, id=22440, stack(0x0000002291200000,0x0000002291300000) (1024K)]
  0x00000182cb035760 JavaThread "Execution worker Thread 5"         [_thread_blocked, id=21128, stack(0x0000002291300000,0x0000002291400000) (1024K)]
  0x00000182cb035f30 JavaThread "Execution worker Thread 6"         [_thread_blocked, id=23512, stack(0x0000002291500000,0x0000002291600000) (1024K)]
  0x00000182cb0347c0 JavaThread "Execution worker Thread 7"         [_thread_blocked, id=20508, stack(0x0000002291600000,0x0000002291700000) (1024K)]
  0x00000182cb036700 JavaThread "Execution worker Thread 8"         [_thread_blocked, id=14016, stack(0x0000002291800000,0x0000002291900000) (1024K)]
  0x00000182cb033ff0 JavaThread "Execution worker Thread 9"         [_thread_blocked, id=16392, stack(0x0000002291900000,0x0000002291a00000) (1024K)]
  0x00000182cb034f90 JavaThread "Execution worker Thread 10"        [_thread_blocked, id=11880, stack(0x0000002291c00000,0x0000002291d00000) (1024K)]
  0x00000182aec4a460 JavaThread "Execution worker Thread 11"        [_thread_blocked, id=8072, stack(0x0000002291d00000,0x0000002291e00000) (1024K)]
  0x00000182b75056e0 JavaThread "Cache worker for execution history cache (D:\OfflineMarketPlace2\.gradle\9.6.0\executionHistory)"        [_thread_blocked, id=12884, stack(0x0000002291e00000,0x0000002291f00000) (1024K)]
  0x00000182b40e7e30 JavaThread "WorkerExecutor Queue"              [_thread_blocked, id=13072, stack(0x0000002291f00000,0x0000002292000000) (1024K)]
  0x00000182ba742220 JavaThread "WorkerExecutor Queue Thread 2"        [_thread_blocked, id=13928, stack(0x0000002292000000,0x0000002292100000) (1024K)]
  0x00000182b4e37eb0 JavaThread "WorkerExecutor Queue Thread 3"        [_thread_blocked, id=10648, stack(0x0000002292100000,0x0000002292200000) (1024K)]
  0x00000182aec4c3a0 JavaThread "WorkerExecutor Queue Thread 4"        [_thread_blocked, id=7364, stack(0x0000002292200000,0x0000002292300000) (1024K)]
  0x00000182b6145a80 JavaThread "WorkerExecutor Queue Thread 5"        [_thread_blocked, id=5912, stack(0x0000002292300000,0x0000002292400000) (1024K)]
  0x00000182b4e376e0 JavaThread "ForkJoinPool-4-worker-1"    daemon [_thread_blocked, id=22932, stack(0x0000002292400000,0x0000002292500000) (1024K)]
  0x00000182b8563e60 JavaThread "ForkJoinPool-4-worker-2"    daemon [_thread_blocked, id=19908, stack(0x0000002292500000,0x0000002292600000) (1024K)]
  0x00000182c26eafd0 JavaThread "ForkJoinPool-4-worker-3"    daemon [_thread_blocked, id=692, stack(0x0000002292600000,0x0000002292700000) (1024K)]
  0x00000182c2bbe100 JavaThread "ForkJoinPool-4-worker-4"    daemon [_thread_blocked, id=17504, stack(0x0000002292700000,0x0000002292800000) (1024K)]
  0x00000182b617a6f0 JavaThread "ForkJoinPool-4-worker-5"    daemon [_thread_blocked, id=4944, stack(0x0000002292800000,0x0000002292900000) (1024K)]
  0x00000182c2b19e50 JavaThread "ForkJoinPool-4-worker-6"    daemon [_thread_blocked, id=17584, stack(0x0000002292900000,0x0000002292a00000) (1024K)]
  0x00000182b31201f0 JavaThread "WorkerExecutor Queue Thread 6"        [_thread_blocked, id=18632, stack(0x0000002292a00000,0x0000002292b00000) (1024K)]
  0x00000182b448d740 JavaThread "ForkJoinPool-4-worker-7"    daemon [_thread_blocked, id=7952, stack(0x0000002292b00000,0x0000002292c00000) (1024K)]
  0x00000182b96ca7c0 JavaThread "ForkJoinPool-4-worker-8"    daemon [_thread_blocked, id=22160, stack(0x0000002292c00000,0x0000002292d00000) (1024K)]
  0x00000182b6177810 JavaThread "ForkJoinPool-4-worker-9"    daemon [_thread_blocked, id=5296, stack(0x0000002292d00000,0x0000002292e00000) (1024K)]
  0x00000182c87a6ba0 JavaThread "ForkJoinPool-4-worker-10"   daemon [_thread_blocked, id=2004, stack(0x0000002292e00000,0x0000002292f00000) (1024K)]
  0x00000182b617c630 JavaThread "ForkJoinPool-4-worker-11"   daemon [_thread_blocked, id=16144, stack(0x0000002292f00000,0x0000002293000000) (1024K)]
  0x00000182b4e365b0 JavaThread "ForkJoinPool-4-worker-12"   daemon [_thread_blocked, id=1880, stack(0x0000002293000000,0x0000002293100000) (1024K)]
  0x00000182b5f57c00 JavaThread "WorkerExecutor Queue Thread 7"        [_thread_blocked, id=8636, stack(0x0000002293100000,0x0000002293200000) (1024K)]
  0x00000182b5f59370 JavaThread "WorkerExecutor Queue Thread 8"        [_thread_blocked, id=20648, stack(0x0000002293200000,0x0000002293300000) (1024K)]
  0x00000182b617e570 JavaThread "WorkerExecutor Queue Thread 9"        [_thread_blocked, id=2460, stack(0x0000002293300000,0x0000002293400000) (1024K)]
  0x00000182b617ed40 JavaThread "WorkerExecutor Queue Thread 10"        [_thread_blocked, id=8312, stack(0x0000002293400000,0x0000002293500000) (1024K)]
  0x00000182b617d5d0 JavaThread "WorkerExecutor Queue Thread 11"        [_thread_blocked, id=21084, stack(0x0000002293500000,0x0000002293600000) (1024K)]
  0x00000182b617b690 JavaThread "WorkerExecutor Queue Thread 12"        [_thread_blocked, id=16644, stack(0x0000002293600000,0x0000002293700000) (1024K)]
  0x00000182b311f250 JavaThread "WorkerExecutor Queue Thread 13"        [_thread_blocked, id=13352, stack(0x0000002293700000,0x0000002293800000) (1024K)]
Total: 111

Other Threads:
=>0x00000182ae6a8580 VMThread "VM Thread"                           [id=14264, stack(0x000000228c100000,0x000000228c200000) (1024K)]
  0x00000182ae6693e0 WatcherThread "VM Periodic Task Thread"        [id=17868, stack(0x000000228c000000,0x000000228c100000) (1024K)]
  0x0000018296aa2640 WorkerThread "GC Thread#0"                     [id=7600, stack(0x000000228bb00000,0x000000228bc00000) (1024K)]
  0x00000182b32e2400 WorkerThread "GC Thread#1"                     [id=22820, stack(0x000000228cc00000,0x000000228cd00000) (1024K)]
  0x00000182b322c500 WorkerThread "GC Thread#2"                     [id=21248, stack(0x000000228cd00000,0x000000228ce00000) (1024K)]
  0x00000182b322d940 WorkerThread "GC Thread#3"                     [id=14360, stack(0x000000228ce00000,0x000000228cf00000) (1024K)]
  0x00000182b322dd70 WorkerThread "GC Thread#4"                     [id=22004, stack(0x000000228cf00000,0x000000228d000000) (1024K)]
  0x00000182b322f580 WorkerThread "GC Thread#5"                     [id=15128, stack(0x000000228d000000,0x000000228d100000) (1024K)]
  0x00000182b442d340 WorkerThread "GC Thread#6"                     [id=5164, stack(0x000000228d200000,0x000000228d300000) (1024K)]
  0x00000182b442dbe0 WorkerThread "GC Thread#7"                     [id=21456, stack(0x000000228d300000,0x000000228d400000) (1024K)]
  0x00000182b442caa0 WorkerThread "GC Thread#8"                     [id=12676, stack(0x000000228d400000,0x000000228d500000) (1024K)]
  0x00000182b442cef0 WorkerThread "GC Thread#9"                     [id=14008, stack(0x000000228d500000,0x000000228d600000) (1024K)]
  0x0000018296abcd10 ConcurrentGCThread "G1 Main Marker"            [id=23524, stack(0x000000228bc00000,0x000000228bd00000) (1024K)]
  0x0000018296abd760 WorkerThread "G1 Conc#0"                       [id=11780, stack(0x000000228bd00000,0x000000228be00000) (1024K)]
  0x00000182b442e8d0 WorkerThread "G1 Conc#1"                       [id=18624, stack(0x000000228da00000,0x000000228db00000) (1024K)]
  0x00000182b442ed20 WorkerThread "G1 Conc#2"                       [id=10632, stack(0x000000228db00000,0x000000228dc00000) (1024K)]
  0x00000182ae5389c0 ConcurrentGCThread "G1 Refine#0"               [id=20680, stack(0x000000228be00000,0x000000228bf00000) (1024K)]
  0x00000182ae53b390 ConcurrentGCThread "G1 Service"                [id=14744, stack(0x000000228bf00000,0x000000228c000000) (1024K)]
Total: 18

Threads with active compile tasks:
C2 CompilerThread0  5995375 65661       4       com.android.tools.r8.internal.tu::a (4509 bytes)
Total: 1

VM state: at safepoint (normal execution)

VM Mutex/Monitor currently owned by a thread:  ([mutex/lock_event])
[0x00007ffe42a07928] Threads_lock - owner thread: 0x00000182ae6a8580
[0x00007ffe42a07aa8] Heap_lock - owner thread: 0x00000182b6177810

Heap address: 0x0000000080000000, size: 2048 MB, Compressed Oops mode: 32-bit

CDS archive(s) not mapped
Compressed class space mapped at: 0x0000000016000000-0x0000000056000000, reserved size: 1073741824
UseCompressedClassPointers 1, UseCompactObjectHeaders 0
Narrow klass pointer bits 32, Max shift 3
Narrow klass base: 0x0000000000000000, Narrow klass shift: 0
Encoding Range: [0x0000000000000000 - 0x0000000100000000), (4294967296 bytes)
Klass Range:    [0x0000000016000000 - 0x0000000056000000), (1073741824 bytes)
Klass ID Range:  [369098752 - 1442840569) (1073741817)
No protection zone.

GC Precious Log:
 CardTable entry size: 512
 Card Set container configuration: InlinePtr #cards 5 size 8 Array Of Cards #cards 10 size 36 Howl #buckets 4 coarsen threshold 1843 Howl Bitmap #cards 512 size 80 coarsen threshold 460 Card regions per heap region 1 cards per card region 2048
 CPUs: 12 total, 12 available
 Memory: 7501M
 Large Page Support: Disabled
 NUMA Support: Disabled
 Compressed Oops: Enabled (32-bit)
 Heap Region Size: 1M
 Heap Min Capacity: 8M
 Heap Initial Capacity: 118M
 Heap Max Capacity: 2G
 Pre-touch: Disabled
 Parallel Workers: 10
 Concurrent Workers: 3
 Concurrent Refinement Workers: 10
 Periodic GC: Disabled

Heap:
 garbage-first heap   total reserved 2097152K, committed 939008K, used 341668K [0x0000000080000000, 0x0000000100000000)
  region size 1024K, 6 young (6144K), 6 survivors (6144K)

Heap Regions: E=young(eden), S=young(survivor), O=old, HS=humongous(starts), HC=humongous(continues), CS=collection set, F=free, TAMS=top-at-mark-start, PB=parsable bottom
|   0|0x0000000080000000, 0x0000000080100000, 0x0000000080100000|100%|HS|  |TAMS 0x0000000080000000| PB 0x0000000080000000| Complete |  0
|   1|0x0000000080100000, 0x0000000080200000, 0x0000000080200000|100%|HC|  |TAMS 0x0000000080100000| PB 0x0000000080100000| Complete |  0
|   2|0x0000000080200000, 0x0000000080300000, 0x0000000080300000|100%|HC|  |TAMS 0x0000000080200000| PB 0x0000000080200000| Complete |  0
|   3|0x0000000080300000, 0x0000000080400000, 0x0000000080400000|100%|HC|  |TAMS 0x0000000080300000| PB 0x0000000080300000| Complete |  0
|   4|0x0000000080400000, 0x0000000080500000, 0x0000000080500000|100%| O|  |TAMS 0x0000000080400000| PB 0x0000000080400000| Untracked |  0
|   5|0x0000000080500000, 0x0000000080600000, 0x0000000080600000|100%| O|  |TAMS 0x0000000080500000| PB 0x0000000080500000| Untracked |  0
|   6|0x0000000080600000, 0x0000000080700000, 0x0000000080700000|100%| O|  |TAMS 0x0000000080600000| PB 0x0000000080600000| Untracked |  0
|   7|0x0000000080700000, 0x0000000080800000, 0x0000000080800000|100%|HS|  |TAMS 0x0000000080700000| PB 0x0000000080700000| Complete |  0
|   8|0x0000000080800000, 0x0000000080900000, 0x0000000080900000|100%| O|  |TAMS 0x0000000080800000| PB 0x0000000080800000| Untracked |  0
|   9|0x0000000080900000, 0x0000000080a00000, 0x0000000080a00000|100%| O|  |TAMS 0x0000000080900000| PB 0x0000000080900000| Untracked |  0
|  10|0x0000000080a00000, 0x0000000080b00000, 0x0000000080b00000|100%| O|  |TAMS 0x0000000080a00000| PB 0x0000000080a00000| Untracked |  0
|  11|0x0000000080b00000, 0x0000000080c00000, 0x0000000080c00000|100%| O|  |TAMS 0x0000000080b00000| PB 0x0000000080b00000| Untracked |  0
|  12|0x0000000080c00000, 0x0000000080d00000, 0x0000000080d00000|100%| O|  |TAMS 0x0000000080c00000| PB 0x0000000080c00000| Untracked |  0
|  13|0x0000000080d00000, 0x0000000080e00000, 0x0000000080e00000|100%| O|  |TAMS 0x0000000080d00000| PB 0x0000000080d00000| Untracked |  0
|  14|0x0000000080e00000, 0x0000000080f00000, 0x0000000080f00000|100%| O|  |TAMS 0x0000000080e00000| PB 0x0000000080e00000| Untracked |  0
|  15|0x0000000080f00000, 0x0000000081000000, 0x0000000081000000|100%| O|  |TAMS 0x0000000080f00000| PB 0x0000000080f00000| Untracked |  0
|  16|0x0000000081000000, 0x0000000081100000, 0x0000000081100000|100%| O|  |TAMS 0x0000000081000000| PB 0x0000000081000000| Untracked |  0
|  17|0x0000000081100000, 0x0000000081200000, 0x0000000081200000|100%| O|  |TAMS 0x0000000081100000| PB 0x0000000081100000| Untracked |  0
|  18|0x0000000081200000, 0x0000000081300000, 0x0000000081300000|100%| O|  |TAMS 0x0000000081200000| PB 0x0000000081200000| Untracked |  0
|  19|0x0000000081300000, 0x0000000081400000, 0x0000000081400000|100%|HS|  |TAMS 0x0000000081300000| PB 0x0000000081300000| Complete |  0
|  20|0x0000000081400000, 0x0000000081500000, 0x0000000081500000|100%| O|  |TAMS 0x0000000081400000| PB 0x0000000081400000| Untracked |  0
|  21|0x0000000081500000, 0x0000000081600000, 0x0000000081600000|100%| O|  |TAMS 0x0000000081500000| PB 0x0000000081500000| Untracked |  0
|  22|0x0000000081600000, 0x0000000081700000, 0x0000000081700000|100%| O|  |TAMS 0x0000000081600000| PB 0x0000000081600000| Untracked |  0
|  23|0x0000000081700000, 0x0000000081800000, 0x0000000081800000|100%| O|  |TAMS 0x0000000081700000| PB 0x0000000081700000| Untracked |  0
|  24|0x0000000081800000, 0x0000000081900000, 0x0000000081900000|100%| O|  |TAMS 0x0000000081800000| PB 0x0000000081800000| Untracked |  0
|  25|0x0000000081900000, 0x0000000081a00000, 0x0000000081a00000|100%|HS|  |TAMS 0x0000000081900000| PB 0x0000000081900000| Complete |  0
|  26|0x0000000081a00000, 0x0000000081b00000, 0x0000000081b00000|100%| O|  |TAMS 0x0000000081a00000| PB 0x0000000081a00000| Untracked |  0
|  27|0x0000000081b00000, 0x0000000081c00000, 0x0000000081c00000|100%| O|  |TAMS 0x0000000081b00000| PB 0x0000000081b00000| Untracked |  0
|  28|0x0000000081c00000, 0x0000000081d00000, 0x0000000081d00000|100%|HS|  |TAMS 0x0000000081c00000| PB 0x0000000081c00000| Complete |  0
|  29|0x0000000081d00000, 0x0000000081e00000, 0x0000000081e00000|100%|HS|  |TAMS 0x0000000081d00000| PB 0x0000000081d00000| Complete |  0
|  30|0x0000000081e00000, 0x0000000081f00000, 0x0000000081f00000|100%|HC|  |TAMS 0x0000000081e00000| PB 0x0000000081e00000| Complete |  0
|  31|0x0000000081f00000, 0x0000000082000000, 0x0000000082000000|100%|HS|  |TAMS 0x0000000081f00000| PB 0x0000000081f00000| Complete |  0
|  32|0x0000000082000000, 0x0000000082100000, 0x0000000082100000|100%|HS|  |TAMS 0x0000000082000000| PB 0x0000000082000000| Complete |  0
|  33|0x0000000082100000, 0x0000000082200000, 0x0000000082200000|100%|HS|  |TAMS 0x0000000082100000| PB 0x0000000082100000| Complete |  0
|  34|0x0000000082200000, 0x0000000082300000, 0x0000000082300000|100%|HC|  |TAMS 0x0000000082200000| PB 0x0000000082200000| Complete |  0
|  35|0x0000000082300000, 0x0000000082400000, 0x0000000082400000|100%| O|  |TAMS 0x0000000082300000| PB 0x0000000082300000| Untracked |  0
|  36|0x0000000082400000, 0x0000000082500000, 0x0000000082500000|100%| O|  |TAMS 0x0000000082400000| PB 0x0000000082400000| Untracked |  0
|  37|0x0000000082500000, 0x0000000082600000, 0x0000000082600000|100%| O|  |TAMS 0x0000000082500000| PB 0x0000000082500000| Untracked |  0
|  38|0x0000000082600000, 0x0000000082700000, 0x0000000082700000|100%| O|  |TAMS 0x0000000082600000| PB 0x0000000082600000| Untracked |  0
|  39|0x0000000082700000, 0x0000000082800000, 0x0000000082800000|100%| O|  |TAMS 0x0000000082700000| PB 0x0000000082700000| Untracked |  0
|  40|0x0000000082800000, 0x0000000082900000, 0x0000000082900000|100%| O|  |TAMS 0x0000000082800000| PB 0x0000000082800000| Untracked |  0
|  41|0x0000000082900000, 0x0000000082a00000, 0x0000000082a00000|100%| O|  |TAMS 0x0000000082900000| PB 0x0000000082900000| Untracked |  0
|  42|0x0000000082a00000, 0x0000000082b00000, 0x0000000082b00000|100%| O|  |TAMS 0x0000000082a00000| PB 0x0000000082a00000| Untracked |  0
|  43|0x0000000082b00000, 0x0000000082c00000, 0x0000000082c00000|100%| O|  |TAMS 0x0000000082b00000| PB 0x0000000082b00000| Untracked |  0
|  44|0x0000000082c00000, 0x0000000082d00000, 0x0000000082d00000|100%|HS|  |TAMS 0x0000000082c00000| PB 0x0000000082c00000| Complete |  0
|  45|0x0000000082d00000, 0x0000000082e00000, 0x0000000082e00000|100%| O|  |TAMS 0x0000000082d00000| PB 0x0000000082d00000| Untracked |  0
|  46|0x0000000082e00000, 0x0000000082f00000, 0x0000000082f00000|100%| O|  |TAMS 0x0000000082e00000| PB 0x0000000082e00000| Untracked |  0
|  47|0x0000000082f00000, 0x0000000083000000, 0x0000000083000000|100%| O|  |TAMS 0x0000000082f00000| PB 0x0000000082f00000| Untracked |  0
|  48|0x0000000083000000, 0x0000000083100000, 0x0000000083100000|100%| O|  |TAMS 0x0000000083000000| PB 0x0000000083000000| Untracked |  0
|  49|0x0000000083100000, 0x0000000083200000, 0x0000000083200000|100%|HS|  |TAMS 0x0000000083100000| PB 0x0000000083100000| Complete |  0
|  50|0x0000000083200000, 0x0000000083300000, 0x0000000083300000|100%| O|  |TAMS 0x0000000083200000| PB 0x0000000083200000| Untracked |  0
|  51|0x0000000083300000, 0x0000000083400000, 0x0000000083400000|100%| O|  |TAMS 0x0000000083300000| PB 0x0000000083300000| Untracked |  0
|  52|0x0000000083400000, 0x0000000083500000, 0x0000000083500000|100%| O|  |TAMS 0x0000000083400000| PB 0x0000000083400000| Untracked |  0
|  53|0x0000000083500000, 0x0000000083600000, 0x0000000083600000|100%| O|  |TAMS 0x0000000083500000| PB 0x0000000083500000| Untracked |  0
|  54|0x0000000083600000, 0x0000000083700000, 0x0000000083700000|100%| O|  |TAMS 0x0000000083600000| PB 0x0000000083600000| Untracked |  0
|  55|0x0000000083700000, 0x0000000083800000, 0x0000000083800000|100%|HS|  |TAMS 0x0000000083700000| PB 0x0000000083700000| Complete |  0
|  56|0x0000000083800000, 0x0000000083900000, 0x0000000083900000|100%| O|  |TAMS 0x0000000083800000| PB 0x0000000083800000| Untracked |  0
|  57|0x0000000083900000, 0x0000000083a00000, 0x0000000083a00000|100%| O|  |TAMS 0x0000000083900000| PB 0x0000000083900000| Untracked |  0
|  58|0x0000000083a00000, 0x0000000083b00000, 0x0000000083b00000|100%| O|  |TAMS 0x0000000083a00000| PB 0x0000000083a00000| Untracked |  0
|  59|0x0000000083b00000, 0x0000000083c00000, 0x0000000083c00000|100%| O|  |TAMS 0x0000000083b00000| PB 0x0000000083b00000| Untracked |  0
|  60|0x0000000083c00000, 0x0000000083d00000, 0x0000000083d00000|100%| O|  |TAMS 0x0000000083c00000| PB 0x0000000083c00000| Untracked |  0
|  61|0x0000000083d00000, 0x0000000083e00000, 0x0000000083e00000|100%| O|  |TAMS 0x0000000083d00000| PB 0x0000000083d00000| Untracked |  0
|  62|0x0000000083e00000, 0x0000000083f00000, 0x0000000083f00000|100%| O|  |TAMS 0x0000000083e00000| PB 0x0000000083e00000| Untracked |  0
|  63|0x0000000083f00000, 0x0000000084000000, 0x0000000084000000|100%| O|  |TAMS 0x0000000083f00000| PB 0x0000000083f00000| Untracked |  0
|  64|0x0000000084000000, 0x0000000084100000, 0x0000000084100000|100%| O|  |TAMS 0x0000000084000000| PB 0x0000000084000000| Untracked |  0
|  65|0x0000000084100000, 0x0000000084200000, 0x0000000084200000|100%| O|  |TAMS 0x0000000084100000| PB 0x0000000084100000| Untracked |  0
|  66|0x0000000084200000, 0x0000000084300000, 0x0000000084300000|100%| O|  |TAMS 0x0000000084200000| PB 0x0000000084200000| Untracked |  0
|  67|0x0000000084300000, 0x0000000084400000, 0x0000000084400000|100%| O|  |TAMS 0x0000000084300000| PB 0x0000000084300000| Untracked |  0
|  68|0x0000000084400000, 0x0000000084500000, 0x0000000084500000|100%| O|  |TAMS 0x0000000084400000| PB 0x0000000084400000| Untracked |  0
|  69|0x0000000084500000, 0x0000000084600000, 0x0000000084600000|100%| O|  |TAMS 0x0000000084500000| PB 0x0000000084500000| Untracked |  0
|  70|0x0000000084600000, 0x0000000084700000, 0x0000000084700000|100%| O|  |TAMS 0x0000000084600000| PB 0x0000000084600000| Untracked |  0
|  71|0x0000000084700000, 0x0000000084800000, 0x0000000084800000|100%| O|  |TAMS 0x0000000084700000| PB 0x0000000084700000| Untracked |  0
|  72|0x0000000084800000, 0x0000000084900000, 0x0000000084900000|100%| O|  |TAMS 0x0000000084800000| PB 0x0000000084800000| Untracked |  0
|  73|0x0000000084900000, 0x0000000084a00000, 0x0000000084a00000|100%| O|Cm|TAMS 0x0000000084900000| PB 0x0000000084900000| Complete |  0
|  74|0x0000000084a00000, 0x0000000084b00000, 0x0000000084b00000|100%| O|  |TAMS 0x0000000084a00000| PB 0x0000000084a00000| Untracked |  0
|  75|0x0000000084b00000, 0x0000000084c00000, 0x0000000084c00000|100%| O|  |TAMS 0x0000000084b00000| PB 0x0000000084b00000| Untracked |  0
|  76|0x0000000084c00000, 0x0000000084d00000, 0x0000000084d00000|100%| O|  |TAMS 0x0000000084c00000| PB 0x0000000084c00000| Untracked |  0
|  77|0x0000000084d00000, 0x0000000084e00000, 0x0000000084e00000|100%| O|  |TAMS 0x0000000084d00000| PB 0x0000000084d00000| Untracked |  0
|  78|0x0000000084e00000, 0x0000000084f00000, 0x0000000084f00000|100%| O|  |TAMS 0x0000000084e00000| PB 0x0000000084e00000| Untracked |  0
|  79|0x0000000084f00000, 0x0000000085000000, 0x0000000085000000|100%| O|  |TAMS 0x0000000084f00000| PB 0x0000000084f00000| Untracked |  0
|  80|0x0000000085000000, 0x0000000085100000, 0x0000000085100000|100%| O|  |TAMS 0x0000000085000000| PB 0x0000000085000000| Untracked |  0
|  81|0x0000000085100000, 0x0000000085200000, 0x0000000085200000|100%| O|  |TAMS 0x0000000085100000| PB 0x0000000085100000| Untracked |  0
|  82|0x0000000085200000, 0x0000000085300000, 0x0000000085300000|100%| O|  |TAMS 0x0000000085200000| PB 0x0000000085200000| Untracked |  0
|  83|0x0000000085300000, 0x0000000085400000, 0x0000000085400000|100%| O|  |TAMS 0x0000000085300000| PB 0x0000000085300000| Untracked |  0
|  84|0x0000000085400000, 0x0000000085500000, 0x0000000085500000|100%| O|  |TAMS 0x0000000085400000| PB 0x0000000085400000| Untracked |  0
|  85|0x0000000085500000, 0x0000000085600000, 0x0000000085600000|100%|HS|  |TAMS 0x0000000085500000| PB 0x0000000085500000| Complete |  0
|  86|0x0000000085600000, 0x0000000085700000, 0x0000000085700000|100%|HS|  |TAMS 0x0000000085600000| PB 0x0000000085600000| Complete |  0
|  87|0x0000000085700000, 0x0000000085800000, 0x0000000085800000|100%| O|  |TAMS 0x0000000085700000| PB 0x0000000085700000| Untracked |  0
|  88|0x0000000085800000, 0x0000000085900000, 0x0000000085900000|100%| O|  |TAMS 0x0000000085800000| PB 0x0000000085800000| Untracked |  0
|  89|0x0000000085900000, 0x0000000085a00000, 0x0000000085a00000|100%| O|  |TAMS 0x0000000085900000| PB 0x0000000085900000| Untracked |  0
|  90|0x0000000085a00000, 0x0000000085b00000, 0x0000000085b00000|100%|HS|  |TAMS 0x0000000085a00000| PB 0x0000000085a00000| Complete |  0
|  91|0x0000000085b00000, 0x0000000085c00000, 0x0000000085c00000|100%| O|Cm|TAMS 0x0000000085b00000| PB 0x0000000085b00000| Complete |  0
|  92|0x0000000085c00000, 0x0000000085d00000, 0x0000000085d00000|100%|HS|  |TAMS 0x0000000085c00000| PB 0x0000000085c00000| Complete |  0
|  93|0x0000000085d00000, 0x0000000085e00000, 0x0000000085e00000|100%|HC|  |TAMS 0x0000000085d00000| PB 0x0000000085d00000| Complete |  0
|  94|0x0000000085e00000, 0x0000000085f00000, 0x0000000085f00000|100%|HC|  |TAMS 0x0000000085e00000| PB 0x0000000085e00000| Complete |  0
|  95|0x0000000085f00000, 0x0000000086000000, 0x0000000086000000|100%|HC|  |TAMS 0x0000000085f00000| PB 0x0000000085f00000| Complete |  0
|  96|0x0000000086000000, 0x0000000086100000, 0x0000000086100000|100%|HC|  |TAMS 0x0000000086000000| PB 0x0000000086000000| Complete |  0
|  97|0x0000000086100000, 0x0000000086200000, 0x0000000086200000|100%| O|  |TAMS 0x0000000086100000| PB 0x0000000086100000| Untracked |  0
|  98|0x0000000086200000, 0x0000000086300000, 0x0000000086300000|100%| O|  |TAMS 0x0000000086200000| PB 0x0000000086200000| Untracked |  0
|  99|0x0000000086300000, 0x0000000086400000, 0x0000000086400000|100%| O|  |TAMS 0x0000000086300000| PB 0x0000000086300000| Untracked |  0
| 100|0x0000000086400000, 0x0000000086500000, 0x0000000086500000|100%| O|  |TAMS 0x0000000086400000| PB 0x0000000086400000| Untracked |  0
| 101|0x0000000086500000, 0x0000000086600000, 0x0000000086600000|100%| O|  |TAMS 0x0000000086500000| PB 0x0000000086500000| Untracked |  0
| 102|0x0000000086600000, 0x0000000086700000, 0x0000000086700000|100%| O|  |TAMS 0x0000000086600000| PB 0x0000000086600000| Untracked |  0
| 103|0x0000000086700000, 0x0000000086800000, 0x0000000086800000|100%| O|  |TAMS 0x0000000086700000| PB 0x0000000086700000| Untracked |  0
| 104|0x0000000086800000, 0x0000000086900000, 0x0000000086900000|100%| O|  |TAMS 0x0000000086800000| PB 0x0000000086800000| Untracked |  0
| 105|0x0000000086900000, 0x0000000086a00000, 0x0000000086a00000|100%| O|  |TAMS 0x0000000086900000| PB 0x0000000086900000| Untracked |  0
| 106|0x0000000086a00000, 0x0000000086b00000, 0x0000000086b00000|100%| O|  |TAMS 0x0000000086a00000| PB 0x0000000086a00000| Untracked |  0
| 107|0x0000000086b00000, 0x0000000086c00000, 0x0000000086c00000|100%| O|Cm|TAMS 0x0000000086b00000| PB 0x0000000086b00000| Complete |  0
| 108|0x0000000086c00000, 0x0000000086d00000, 0x0000000086d00000|100%|HS|  |TAMS 0x0000000086c00000| PB 0x0000000086c00000| Complete |  0
| 109|0x0000000086d00000, 0x0000000086e00000, 0x0000000086e00000|100%| O|  |TAMS 0x0000000086d00000| PB 0x0000000086d00000| Untracked |  0
| 110|0x0000000086e00000, 0x0000000086f00000, 0x0000000086f00000|100%| O|  |TAMS 0x0000000086e00000| PB 0x0000000086e00000| Untracked |  0
| 111|0x0000000086f00000, 0x0000000087000000, 0x0000000087000000|100%| O|  |TAMS 0x0000000086f00000| PB 0x0000000086f00000| Untracked |  0
| 112|0x0000000087000000, 0x0000000087100000, 0x0000000087100000|100%| O|  |TAMS 0x0000000087000000| PB 0x0000000087000000| Untracked |  0
| 113|0x0000000087100000, 0x0000000087200000, 0x0000000087200000|100%| O|  |TAMS 0x0000000087100000| PB 0x0000000087100000| Untracked |  0
| 114|0x0000000087200000, 0x0000000087300000, 0x0000000087300000|100%| O|  |TAMS 0x0000000087200000| PB 0x0000000087200000| Untracked |  0
| 115|0x0000000087300000, 0x0000000087400000, 0x0000000087400000|100%| O|  |TAMS 0x0000000087300000| PB 0x0000000087300000| Untracked |  0
| 116|0x0000000087400000, 0x0000000087500000, 0x0000000087500000|100%| O|  |TAMS 0x0000000087400000| PB 0x0000000087400000| Untracked |  0
| 117|0x0000000087500000, 0x0000000087600000, 0x0000000087600000|100%| O|  |TAMS 0x0000000087500000| PB 0x0000000087500000| Untracked |  0
| 118|0x0000000087600000, 0x0000000087700000, 0x0000000087700000|100%| O|  |TAMS 0x0000000087600000| PB 0x0000000087600000| Untracked |  0
| 119|0x0000000087700000, 0x0000000087800000, 0x0000000087800000|100%| O|  |TAMS 0x0000000087700000| PB 0x0000000087700000| Untracked |  0
| 120|0x0000000087800000, 0x0000000087900000, 0x0000000087900000|100%| O|  |TAMS 0x0000000087800000| PB 0x0000000087800000| Untracked |  0
| 121|0x0000000087900000, 0x0000000087a00000, 0x0000000087a00000|100%| O|  |TAMS 0x0000000087900000| PB 0x0000000087900000| Untracked |  0
| 122|0x0000000087a00000, 0x0000000087b00000, 0x0000000087b00000|100%| O|  |TAMS 0x0000000087a00000| PB 0x0000000087a00000| Untracked |  0
| 123|0x0000000087b00000, 0x0000000087c00000, 0x0000000087c00000|100%| O|  |TAMS 0x0000000087b00000| PB 0x0000000087b00000| Untracked |  0
| 124|0x0000000087c00000, 0x0000000087d00000, 0x0000000087d00000|100%| O|  |TAMS 0x0000000087c00000| PB 0x0000000087c00000| Untracked |  0
| 125|0x0000000087d00000, 0x0000000087e00000, 0x0000000087e00000|100%| O|  |TAMS 0x0000000087d00000| PB 0x0000000087d00000| Untracked |  0
| 126|0x0000000087e00000, 0x0000000087f00000, 0x0000000087f00000|100%| O|Cm|TAMS 0x0000000087e00000| PB 0x0000000087e00000| Complete |  0
| 127|0x0000000087f00000, 0x0000000088000000, 0x0000000088000000|100%| O|  |TAMS 0x0000000087f00000| PB 0x0000000087f00000| Untracked |  0
| 128|0x0000000088000000, 0x0000000088100000, 0x0000000088100000|100%| O|  |TAMS 0x0000000088000000| PB 0x0000000088000000| Untracked |  0
| 129|0x0000000088100000, 0x0000000088200000, 0x0000000088200000|100%| O|  |TAMS 0x0000000088100000| PB 0x0000000088100000| Untracked |  0
| 130|0x0000000088200000, 0x0000000088300000, 0x0000000088300000|100%| O|  |TAMS 0x0000000088200000| PB 0x0000000088200000| Untracked |  0
| 131|0x0000000088300000, 0x0000000088400000, 0x0000000088400000|100%| O|  |TAMS 0x0000000088300000| PB 0x0000000088300000| Untracked |  0
| 132|0x0000000088400000, 0x0000000088500000, 0x0000000088500000|100%| O|  |TAMS 0x0000000088400000| PB 0x0000000088400000| Untracked |  0
| 133|0x0000000088500000, 0x0000000088600000, 0x0000000088600000|100%| O|  |TAMS 0x0000000088500000| PB 0x0000000088500000| Untracked |  0
| 134|0x0000000088600000, 0x0000000088700000, 0x0000000088700000|100%| O|  |TAMS 0x0000000088600000| PB 0x0000000088600000| Untracked |  0
| 135|0x0000000088700000, 0x0000000088800000, 0x0000000088800000|100%| O|  |TAMS 0x0000000088700000| PB 0x0000000088700000| Untracked |  0
| 136|0x0000000088800000, 0x0000000088900000, 0x0000000088900000|100%| O|  |TAMS 0x0000000088800000| PB 0x0000000088800000| Untracked |  0
| 137|0x0000000088900000, 0x0000000088a00000, 0x0000000088a00000|100%| O|  |TAMS 0x0000000088900000| PB 0x0000000088900000| Untracked |  0
| 138|0x0000000088a00000, 0x0000000088b00000, 0x0000000088b00000|100%| O|Cm|TAMS 0x0000000088a00000| PB 0x0000000088a00000| Complete |  0
| 139|0x0000000088b00000, 0x0000000088c00000, 0x0000000088c00000|100%| O|  |TAMS 0x0000000088b00000| PB 0x0000000088b00000| Untracked |  0
| 140|0x0000000088c00000, 0x0000000088d00000, 0x0000000088d00000|100%| O|  |TAMS 0x0000000088c00000| PB 0x0000000088c00000| Untracked |  0
| 141|0x0000000088d00000, 0x0000000088e00000, 0x0000000088e00000|100%| O|Cm|TAMS 0x0000000088d00000| PB 0x0000000088d00000| Complete |  0
| 142|0x0000000088e00000, 0x0000000088f00000, 0x0000000088f00000|100%| O|  |TAMS 0x0000000088e00000| PB 0x0000000088e00000| Untracked |  0
| 143|0x0000000088f00000, 0x0000000089000000, 0x0000000089000000|100%| O|  |TAMS 0x0000000088f00000| PB 0x0000000088f00000| Untracked |  0
| 144|0x0000000089000000, 0x0000000089100000, 0x0000000089100000|100%| O|  |TAMS 0x0000000089000000| PB 0x0000000089000000| Untracked |  0
| 145|0x0000000089100000, 0x0000000089200000, 0x0000000089200000|100%| O|  |TAMS 0x0000000089100000| PB 0x0000000089100000| Untracked |  0
| 146|0x0000000089200000, 0x0000000089300000, 0x0000000089300000|100%| O|Cm|TAMS 0x0000000089200000| PB 0x0000000089200000| Complete |  0
| 147|0x0000000089300000, 0x0000000089400000, 0x0000000089400000|100%| O|Cm|TAMS 0x0000000089300000| PB 0x0000000089300000| Complete |  0
| 148|0x0000000089400000, 0x0000000089500000, 0x0000000089500000|100%| O|Cm|TAMS 0x0000000089400000| PB 0x0000000089400000| Complete |  0
| 149|0x0000000089500000, 0x0000000089600000, 0x0000000089600000|100%| O|  |TAMS 0x0000000089500000| PB 0x0000000089500000| Untracked |  0
| 150|0x0000000089600000, 0x0000000089700000, 0x0000000089700000|100%| O|  |TAMS 0x0000000089600000| PB 0x0000000089600000| Untracked |  0
| 151|0x0000000089700000, 0x0000000089800000, 0x0000000089800000|100%| O|  |TAMS 0x0000000089700000| PB 0x0000000089700000| Untracked |  0
| 152|0x0000000089800000, 0x0000000089900000, 0x0000000089900000|100%| O|  |TAMS 0x0000000089800000| PB 0x0000000089800000| Untracked |  0
| 153|0x0000000089900000, 0x0000000089a00000, 0x0000000089a00000|100%| O|Cm|TAMS 0x0000000089900000| PB 0x0000000089900000| Complete |  0
| 154|0x0000000089a00000, 0x0000000089b00000, 0x0000000089b00000|100%| O|  |TAMS 0x0000000089a00000| PB 0x0000000089a00000| Untracked |  0
| 155|0x0000000089b00000, 0x0000000089b00000, 0x0000000089c00000|  0%| F|  |TAMS 0x0000000089b00000| PB 0x0000000089b00000| Untracked |  0
| 156|0x0000000089c00000, 0x0000000089d00000, 0x0000000089d00000|100%| O|Cm|TAMS 0x0000000089c00000| PB 0x0000000089c00000| Complete |  0
| 157|0x0000000089d00000, 0x0000000089e00000, 0x0000000089e00000|100%| O|  |TAMS 0x0000000089d00000| PB 0x0000000089d00000| Untracked |  0
| 158|0x0000000089e00000, 0x0000000089f00000, 0x0000000089f00000|100%| O|Cm|TAMS 0x0000000089e00000| PB 0x0000000089e00000| Complete |  0
| 159|0x0000000089f00000, 0x000000008a000000, 0x000000008a000000|100%| O|Cm|TAMS 0x0000000089f00000| PB 0x0000000089f00000| Complete |  0
| 160|0x000000008a000000, 0x000000008a000000, 0x000000008a100000|  0%| F|  |TAMS 0x000000008a000000| PB 0x000000008a000000| Untracked |  0
| 161|0x000000008a100000, 0x000000008a200000, 0x000000008a200000|100%| O|  |TAMS 0x000000008a100000| PB 0x000000008a100000| Untracked |  0
| 162|0x000000008a200000, 0x000000008a200000, 0x000000008a300000|  0%| F|  |TAMS 0x000000008a200000| PB 0x000000008a200000| Untracked |  0
| 163|0x000000008a300000, 0x000000008a400000, 0x000000008a400000|100%| O|Cm|TAMS 0x000000008a300000| PB 0x000000008a300000| Complete |  0
| 164|0x000000008a400000, 0x000000008a500000, 0x000000008a500000|100%| O|  |TAMS 0x000000008a400000| PB 0x000000008a400000| Untracked |  0
| 165|0x000000008a500000, 0x000000008a600000, 0x000000008a600000|100%|HS|  |TAMS 0x000000008a500000| PB 0x000000008a500000| Complete |  0
| 166|0x000000008a600000, 0x000000008a700000, 0x000000008a700000|100%|HS|  |TAMS 0x000000008a600000| PB 0x000000008a600000| Complete |  0
| 167|0x000000008a700000, 0x000000008a800000, 0x000000008a800000|100%| O|  |TAMS 0x000000008a700000| PB 0x000000008a700000| Untracked |  0
| 168|0x000000008a800000, 0x000000008a900000, 0x000000008a900000|100%| O|  |TAMS 0x000000008a800000| PB 0x000000008a800000| Untracked |  0
| 169|0x000000008a900000, 0x000000008aa00000, 0x000000008aa00000|100%| O|  |TAMS 0x000000008a900000| PB 0x000000008a900000| Untracked |  0
| 170|0x000000008aa00000, 0x000000008ab00000, 0x000000008ab00000|100%| O|  |TAMS 0x000000008aa00000| PB 0x000000008aa00000| Untracked |  0
| 171|0x000000008ab00000, 0x000000008ac00000, 0x000000008ac00000|100%| O|  |TAMS 0x000000008ab00000| PB 0x000000008ab00000| Untracked |  0
| 172|0x000000008ac00000, 0x000000008ad00000, 0x000000008ad00000|100%| O|  |TAMS 0x000000008ac00000| PB 0x000000008ac00000| Untracked |  0
| 173|0x000000008ad00000, 0x000000008ae00000, 0x000000008ae00000|100%| O|  |TAMS 0x000000008ad00000| PB 0x000000008ad00000| Untracked |  0
| 174|0x000000008ae00000, 0x000000008af00000, 0x000000008af00000|100%| O|Cm|TAMS 0x000000008ae00000| PB 0x000000008ae00000| Complete |  0
| 175|0x000000008af00000, 0x000000008b000000, 0x000000008b000000|100%|HS|  |TAMS 0x000000008af00000| PB 0x000000008af00000| Complete |  0
| 176|0x000000008b000000, 0x000000008b100000, 0x000000008b100000|100%| O|  |TAMS 0x000000008b000000| PB 0x000000008b000000| Untracked |  0
| 177|0x000000008b100000, 0x000000008b200000, 0x000000008b200000|100%|HS|  |TAMS 0x000000008b100000| PB 0x000000008b100000| Complete |  0
| 178|0x000000008b200000, 0x000000008b200000, 0x000000008b300000|  0%| F|  |TAMS 0x000000008b200000| PB 0x000000008b200000| Untracked |  0
| 179|0x000000008b300000, 0x000000008b400000, 0x000000008b400000|100%| O|  |TAMS 0x000000008b300000| PB 0x000000008b300000| Untracked |  0
| 180|0x000000008b400000, 0x000000008b400000, 0x000000008b500000|  0%| F|  |TAMS 0x000000008b400000| PB 0x000000008b400000| Untracked |  0
| 181|0x000000008b500000, 0x000000008b600000, 0x000000008b600000|100%| O|  |TAMS 0x000000008b500000| PB 0x000000008b500000| Untracked |  0
| 182|0x000000008b600000, 0x000000008b700000, 0x000000008b700000|100%| O|Cm|TAMS 0x000000008b600000| PB 0x000000008b600000| Complete |  0
| 183|0x000000008b700000, 0x000000008b800000, 0x000000008b800000|100%| O|  |TAMS 0x000000008b700000| PB 0x000000008b700000| Untracked |  0
| 184|0x000000008b800000, 0x000000008b900000, 0x000000008b900000|100%| O|  |TAMS 0x000000008b800000| PB 0x000000008b800000| Untracked |  0
| 185|0x000000008b900000, 0x000000008ba00000, 0x000000008ba00000|100%| O|  |TAMS 0x000000008b900000| PB 0x000000008b900000| Untracked |  0
| 186|0x000000008ba00000, 0x000000008bb00000, 0x000000008bb00000|100%| O|  |TAMS 0x000000008ba00000| PB 0x000000008ba00000| Untracked |  0
| 187|0x000000008bb00000, 0x000000008bc00000, 0x000000008bc00000|100%| O|  |TAMS 0x000000008bb00000| PB 0x000000008bb00000| Untracked |  0
| 188|0x000000008bc00000, 0x000000008bd00000, 0x000000008bd00000|100%| O|  |TAMS 0x000000008bc00000| PB 0x000000008bc00000| Untracked |  0
| 189|0x000000008bd00000, 0x000000008be00000, 0x000000008be00000|100%| O|  |TAMS 0x000000008bd00000| PB 0x000000008bd00000| Untracked |  0
| 190|0x000000008be00000, 0x000000008bf00000, 0x000000008bf00000|100%| O|Cm|TAMS 0x000000008be00000| PB 0x000000008be00000| Complete |  0
| 191|0x000000008bf00000, 0x000000008bf00000, 0x000000008c000000|  0%| F|  |TAMS 0x000000008bf00000| PB 0x000000008bf00000| Untracked |  0
| 192|0x000000008c000000, 0x000000008c100000, 0x000000008c100000|100%| O|Cm|TAMS 0x000000008c000000| PB 0x000000008c000000| Complete |  0
| 193|0x000000008c100000, 0x000000008c200000, 0x000000008c200000|100%| O|  |TAMS 0x000000008c100000| PB 0x000000008c100000| Untracked |  0
| 194|0x000000008c200000, 0x000000008c300000, 0x000000008c300000|100%| O|Cm|TAMS 0x000000008c200000| PB 0x000000008c200000| Complete |  0
| 195|0x000000008c300000, 0x000000008c400000, 0x000000008c400000|100%| O|  |TAMS 0x000000008c300000| PB 0x000000008c300000| Untracked |  0
| 196|0x000000008c400000, 0x000000008c400000, 0x000000008c500000|  0%| F|  |TAMS 0x000000008c400000| PB 0x000000008c400000| Untracked |  0
| 197|0x000000008c500000, 0x000000008c600000, 0x000000008c600000|100%|HS|  |TAMS 0x000000008c500000| PB 0x000000008c500000| Complete |  0
| 198|0x000000008c600000, 0x000000008c700000, 0x000000008c700000|100%| O|  |TAMS 0x000000008c600000| PB 0x000000008c600000| Untracked |  0
| 199|0x000000008c700000, 0x000000008c800000, 0x000000008c800000|100%| O|  |TAMS 0x000000008c700000| PB 0x000000008c700000| Untracked |  0
| 200|0x000000008c800000, 0x000000008c900000, 0x000000008c900000|100%| O|Cm|TAMS 0x000000008c800000| PB 0x000000008c800000| Complete |  0
| 201|0x000000008c900000, 0x000000008ca00000, 0x000000008ca00000|100%| O|  |TAMS 0x000000008c900000| PB 0x000000008c900000| Untracked |  0
| 202|0x000000008ca00000, 0x000000008cb00000, 0x000000008cb00000|100%| O|Cm|TAMS 0x000000008ca00000| PB 0x000000008ca00000| Complete |  0
| 203|0x000000008cb00000, 0x000000008cc00000, 0x000000008cc00000|100%| O|Cm|TAMS 0x000000008cb00000| PB 0x000000008cb00000| Complete |  0
| 204|0x000000008cc00000, 0x000000008cd00000, 0x000000008cd00000|100%| O|Cm|TAMS 0x000000008cc00000| PB 0x000000008cc00000| Complete |  0
| 205|0x000000008cd00000, 0x000000008ce00000, 0x000000008ce00000|100%| O|  |TAMS 0x000000008cd00000| PB 0x000000008cd00000| Untracked |  0
| 206|0x000000008ce00000, 0x000000008ce00000, 0x000000008cf00000|  0%| F|  |TAMS 0x000000008ce00000| PB 0x000000008ce00000| Untracked |  0
| 207|0x000000008cf00000, 0x000000008cf00000, 0x000000008d000000|  0%| F|  |TAMS 0x000000008cf00000| PB 0x000000008cf00000| Untracked |  0
| 208|0x000000008d000000, 0x000000008d100000, 0x000000008d100000|100%| O|  |TAMS 0x000000008d000000| PB 0x000000008d000000| Untracked |  0
| 209|0x000000008d100000, 0x000000008d200000, 0x000000008d200000|100%|HS|  |TAMS 0x000000008d100000| PB 0x000000008d100000| Complete |  0
| 210|0x000000008d200000, 0x000000008d300000, 0x000000008d300000|100%| O|  |TAMS 0x000000008d200000| PB 0x000000008d200000| Untracked |  0
| 211|0x000000008d300000, 0x000000008d400000, 0x000000008d400000|100%| O|  |TAMS 0x000000008d300000| PB 0x000000008d300000| Untracked |  0
| 212|0x000000008d400000, 0x000000008d500000, 0x000000008d500000|100%| O|  |TAMS 0x000000008d400000| PB 0x000000008d400000| Untracked |  0
| 213|0x000000008d500000, 0x000000008d600000, 0x000000008d600000|100%| O|  |TAMS 0x000000008d500000| PB 0x000000008d500000| Untracked |  0
| 214|0x000000008d600000, 0x000000008d700000, 0x000000008d700000|100%| O|  |TAMS 0x000000008d600000| PB 0x000000008d600000| Untracked |  0
| 215|0x000000008d700000, 0x000000008d800000, 0x000000008d800000|100%| O|  |TAMS 0x000000008d700000| PB 0x000000008d700000| Untracked |  0
| 216|0x000000008d800000, 0x000000008d900000, 0x000000008d900000|100%| O|  |TAMS 0x000000008d800000| PB 0x000000008d800000| Untracked |  0
| 217|0x000000008d900000, 0x000000008da00000, 0x000000008da00000|100%| O|  |TAMS 0x000000008d900000| PB 0x000000008d900000| Untracked |  0
| 218|0x000000008da00000, 0x000000008db00000, 0x000000008db00000|100%| O|  |TAMS 0x000000008da00000| PB 0x000000008da00000| Untracked |  0
| 219|0x000000008db00000, 0x000000008dc00000, 0x000000008dc00000|100%| O|  |TAMS 0x000000008db00000| PB 0x000000008db00000| Untracked |  0
| 220|0x000000008dc00000, 0x000000008dd00000, 0x000000008dd00000|100%| O|  |TAMS 0x000000008dc00000| PB 0x000000008dc00000| Untracked |  0
| 221|0x000000008dd00000, 0x000000008de00000, 0x000000008de00000|100%| O|  |TAMS 0x000000008dd00000| PB 0x000000008dd00000| Untracked |  0
| 222|0x000000008de00000, 0x000000008df00000, 0x000000008df00000|100%| O|Cm|TAMS 0x000000008de00000| PB 0x000000008de00000| Complete |  0
| 223|0x000000008df00000, 0x000000008e000000, 0x000000008e000000|100%| O|  |TAMS 0x000000008df00000| PB 0x000000008df00000| Untracked |  0
| 224|0x000000008e000000, 0x000000008e100000, 0x000000008e100000|100%| O|Cm|TAMS 0x000000008e000000| PB 0x000000008e000000| Complete |  0
| 225|0x000000008e100000, 0x000000008e200000, 0x000000008e200000|100%| O|  |TAMS 0x000000008e100000| PB 0x000000008e100000| Untracked |  0
| 226|0x000000008e200000, 0x000000008e300000, 0x000000008e300000|100%| O|  |TAMS 0x000000008e200000| PB 0x000000008e200000| Untracked |  0
| 227|0x000000008e300000, 0x000000008e400000, 0x000000008e400000|100%| O|  |TAMS 0x000000008e300000| PB 0x000000008e300000| Untracked |  0
| 228|0x000000008e400000, 0x000000008e500000, 0x000000008e500000|100%| O|  |TAMS 0x000000008e400000| PB 0x000000008e400000| Untracked |  0
| 229|0x000000008e500000, 0x000000008e600000, 0x000000008e600000|100%| O|  |TAMS 0x000000008e500000| PB 0x000000008e500000| Untracked |  0
| 230|0x000000008e600000, 0x000000008e700000, 0x000000008e700000|100%| O|  |TAMS 0x000000008e600000| PB 0x000000008e600000| Untracked |  0
| 231|0x000000008e700000, 0x000000008e800000, 0x000000008e800000|100%| O|  |TAMS 0x000000008e700000| PB 0x000000008e700000| Untracked |  0
| 232|0x000000008e800000, 0x000000008e900000, 0x000000008e900000|100%| O|  |TAMS 0x000000008e800000| PB 0x000000008e800000| Untracked |  0
| 233|0x000000008e900000, 0x000000008ea00000, 0x000000008ea00000|100%| O|  |TAMS 0x000000008e900000| PB 0x000000008e900000| Untracked |  0
| 234|0x000000008ea00000, 0x000000008eb00000, 0x000000008eb00000|100%| O|  |TAMS 0x000000008ea00000| PB 0x000000008ea00000| Untracked |  0
| 235|0x000000008eb00000, 0x000000008ec00000, 0x000000008ec00000|100%|HS|  |TAMS 0x000000008eb00000| PB 0x000000008eb00000| Complete |  0
| 236|0x000000008ec00000, 0x000000008ed00000, 0x000000008ed00000|100%| O|  |TAMS 0x000000008ec00000| PB 0x000000008ec00000| Untracked |  0
| 237|0x000000008ed00000, 0x000000008ee00000, 0x000000008ee00000|100%| O|Cm|TAMS 0x000000008ed00000| PB 0x000000008ed00000| Complete |  0
| 238|0x000000008ee00000, 0x000000008ef00000, 0x000000008ef00000|100%|HS|  |TAMS 0x000000008ee00000| PB 0x000000008ee00000| Complete |  0
| 239|0x000000008ef00000, 0x000000008f000000, 0x000000008f000000|100%| O|Cm|TAMS 0x000000008ef00000| PB 0x000000008ef00000| Complete |  0
| 240|0x000000008f000000, 0x000000008f100000, 0x000000008f100000|100%| O|  |TAMS 0x000000008f000000| PB 0x000000008f000000| Untracked |  0
| 241|0x000000008f100000, 0x000000008f200000, 0x000000008f200000|100%| O|  |TAMS 0x000000008f100000| PB 0x000000008f100000| Untracked |  0
| 242|0x000000008f200000, 0x000000008f300000, 0x000000008f300000|100%| O|  |TAMS 0x000000008f200000| PB 0x000000008f200000| Untracked |  0
| 243|0x000000008f300000, 0x000000008f400000, 0x000000008f400000|100%|HS|  |TAMS 0x000000008f300000| PB 0x000000008f300000| Complete |  0
| 244|0x000000008f400000, 0x000000008f500000, 0x000000008f500000|100%|HC|  |TAMS 0x000000008f400000| PB 0x000000008f400000| Complete |  0
| 245|0x000000008f500000, 0x000000008f600000, 0x000000008f600000|100%| O|Cm|TAMS 0x000000008f500000| PB 0x000000008f500000| Complete |  0
| 246|0x000000008f600000, 0x000000008f700000, 0x000000008f700000|100%| O|  |TAMS 0x000000008f600000| PB 0x000000008f600000| Untracked |  0
| 247|0x000000008f700000, 0x000000008f700000, 0x000000008f800000|  0%| F|  |TAMS 0x000000008f700000| PB 0x000000008f700000| Untracked |  0
| 248|0x000000008f800000, 0x000000008f900000, 0x000000008f900000|100%| O|  |TAMS 0x000000008f800000| PB 0x000000008f800000| Untracked |  0
| 249|0x000000008f900000, 0x000000008fa00000, 0x000000008fa00000|100%| O|Cm|TAMS 0x000000008f900000| PB 0x000000008f900000| Complete |  0
| 250|0x000000008fa00000, 0x000000008fb00000, 0x000000008fb00000|100%| O|Cm|TAMS 0x000000008fa00000| PB 0x000000008fa00000| Complete |  0
| 251|0x000000008fb00000, 0x000000008fc00000, 0x000000008fc00000|100%| O|Cm|TAMS 0x000000008fb00000| PB 0x000000008fb00000| Complete |  0
| 252|0x000000008fc00000, 0x000000008fd00000, 0x000000008fd00000|100%| O|  |TAMS 0x000000008fc00000| PB 0x000000008fc00000| Untracked |  0
| 253|0x000000008fd00000, 0x000000008fe00000, 0x000000008fe00000|100%| O|  |TAMS 0x000000008fd00000| PB 0x000000008fd00000| Untracked |  0
| 254|0x000000008fe00000, 0x000000008ff00000, 0x000000008ff00000|100%| O|  |TAMS 0x000000008fe00000| PB 0x000000008fe00000| Untracked |  0
| 255|0x000000008ff00000, 0x0000000090000000, 0x0000000090000000|100%| O|  |TAMS 0x000000008ff00000| PB 0x000000008ff00000| Untracked |  0
| 256|0x0000000090000000, 0x0000000090100000, 0x0000000090100000|100%| O|  |TAMS 0x0000000090000000| PB 0x0000000090000000| Untracked |  0
| 257|0x0000000090100000, 0x0000000090200000, 0x0000000090200000|100%| O|  |TAMS 0x0000000090100000| PB 0x0000000090100000| Untracked |  0
| 258|0x0000000090200000, 0x0000000090300000, 0x0000000090300000|100%| O|  |TAMS 0x0000000090200000| PB 0x0000000090200000| Untracked |  0
| 259|0x0000000090300000, 0x0000000090400000, 0x0000000090400000|100%| O|  |TAMS 0x0000000090300000| PB 0x0000000090300000| Untracked |  0
| 260|0x0000000090400000, 0x0000000090500000, 0x0000000090500000|100%|HS|  |TAMS 0x0000000090400000| PB 0x0000000090400000| Complete |  0
| 261|0x0000000090500000, 0x0000000090600000, 0x0000000090600000|100%| O|  |TAMS 0x0000000090500000| PB 0x0000000090500000| Untracked |  0
| 262|0x0000000090600000, 0x0000000090700000, 0x0000000090700000|100%| O|  |TAMS 0x0000000090600000| PB 0x0000000090600000| Untracked |  0
| 263|0x0000000090700000, 0x0000000090800000, 0x0000000090800000|100%| O|  |TAMS 0x0000000090700000| PB 0x0000000090700000| Untracked |  0
| 264|0x0000000090800000, 0x0000000090900000, 0x0000000090900000|100%| O|  |TAMS 0x0000000090800000| PB 0x0000000090800000| Untracked |  0
| 265|0x0000000090900000, 0x0000000090a00000, 0x0000000090a00000|100%| O|  |TAMS 0x0000000090900000| PB 0x0000000090900000| Untracked |  0
| 266|0x0000000090a00000, 0x0000000090b00000, 0x0000000090b00000|100%| O|  |TAMS 0x0000000090a00000| PB 0x0000000090a00000| Untracked |  0
| 267|0x0000000090b00000, 0x0000000090c00000, 0x0000000090c00000|100%| O|  |TAMS 0x0000000090b00000| PB 0x0000000090b00000| Untracked |  0
| 268|0x0000000090c00000, 0x0000000090d00000, 0x0000000090d00000|100%| O|  |TAMS 0x0000000090c00000| PB 0x0000000090c00000| Untracked |  0
| 269|0x0000000090d00000, 0x0000000090e00000, 0x0000000090e00000|100%| O|  |TAMS 0x0000000090d00000| PB 0x0000000090d00000| Untracked |  0
| 270|0x0000000090e00000, 0x0000000090f00000, 0x0000000090f00000|100%| O|  |TAMS 0x0000000090e00000| PB 0x0000000090e00000| Untracked |  0
| 271|0x0000000090f00000, 0x0000000091000000, 0x0000000091000000|100%| O|  |TAMS 0x0000000090f00000| PB 0x0000000090f00000| Untracked |  0
| 272|0x0000000091000000, 0x0000000091100000, 0x0000000091100000|100%| O|  |TAMS 0x0000000091000000| PB 0x0000000091000000| Untracked |  0
| 273|0x0000000091100000, 0x0000000091200000, 0x0000000091200000|100%| O|  |TAMS 0x0000000091100000| PB 0x0000000091100000| Untracked |  0
| 274|0x0000000091200000, 0x0000000091300000, 0x0000000091300000|100%| O|  |TAMS 0x0000000091200000| PB 0x0000000091200000| Untracked |  0
| 275|0x0000000091300000, 0x0000000091400000, 0x0000000091400000|100%|HS|  |TAMS 0x0000000091300000| PB 0x0000000091300000| Complete |  0
| 276|0x0000000091400000, 0x0000000091500000, 0x0000000091500000|100%|HC|  |TAMS 0x0000000091400000| PB 0x0000000091400000| Complete |  0
| 277|0x0000000091500000, 0x0000000091600000, 0x0000000091600000|100%|HC|  |TAMS 0x0000000091500000| PB 0x0000000091500000| Complete |  0
| 278|0x0000000091600000, 0x0000000091700000, 0x0000000091700000|100%|HC|  |TAMS 0x0000000091600000| PB 0x0000000091600000| Complete |  0
| 279|0x0000000091700000, 0x0000000091800000, 0x0000000091800000|100%|HC|  |TAMS 0x0000000091700000| PB 0x0000000091700000| Complete |  0
| 280|0x0000000091800000, 0x0000000091900000, 0x0000000091900000|100%|HC|  |TAMS 0x0000000091800000| PB 0x0000000091800000| Complete |  0
| 281|0x0000000091900000, 0x0000000091a00000, 0x0000000091a00000|100%|HC|  |TAMS 0x0000000091900000| PB 0x0000000091900000| Complete |  0
| 282|0x0000000091a00000, 0x0000000091b00000, 0x0000000091b00000|100%| O|  |TAMS 0x0000000091a00000| PB 0x0000000091a00000| Untracked |  0
| 283|0x0000000091b00000, 0x0000000091c00000, 0x0000000091c00000|100%| O|  |TAMS 0x0000000091b00000| PB 0x0000000091b00000| Untracked |  0
| 284|0x0000000091c00000, 0x0000000091d00000, 0x0000000091d00000|100%| O|  |TAMS 0x0000000091c00000| PB 0x0000000091c00000| Untracked |  0
| 285|0x0000000091d00000, 0x0000000091e00000, 0x0000000091e00000|100%| O|  |TAMS 0x0000000091d00000| PB 0x0000000091d00000| Untracked |  0
| 286|0x0000000091e00000, 0x0000000091f00000, 0x0000000091f00000|100%| O|  |TAMS 0x0000000091e00000| PB 0x0000000091e00000| Untracked |  0
| 287|0x0000000091f00000, 0x0000000092000000, 0x0000000092000000|100%| O|  |TAMS 0x0000000091f00000| PB 0x0000000091f00000| Untracked |  0
| 288|0x0000000092000000, 0x0000000092100000, 0x0000000092100000|100%| O|  |TAMS 0x0000000092000000| PB 0x0000000092000000| Untracked |  0
| 289|0x0000000092100000, 0x0000000092200000, 0x0000000092200000|100%| O|Cm|TAMS 0x0000000092100000| PB 0x0000000092100000| Complete |  0
| 290|0x0000000092200000, 0x0000000092300000, 0x0000000092300000|100%| O|  |TAMS 0x0000000092200000| PB 0x0000000092200000| Untracked |  0
| 291|0x0000000092300000, 0x0000000092400000, 0x0000000092400000|100%| O|  |TAMS 0x0000000092300000| PB 0x0000000092300000| Untracked |  0
| 292|0x0000000092400000, 0x0000000092500000, 0x0000000092500000|100%| O|  |TAMS 0x0000000092400000| PB 0x0000000092400000| Untracked |  0
| 293|0x0000000092500000, 0x0000000092600000, 0x0000000092600000|100%| O|  |TAMS 0x0000000092500000| PB 0x0000000092500000| Untracked |  0
| 294|0x0000000092600000, 0x0000000092700000, 0x0000000092700000|100%| O|  |TAMS 0x0000000092600000| PB 0x0000000092600000| Untracked |  0
| 295|0x0000000092700000, 0x0000000092800000, 0x0000000092800000|100%| O|  |TAMS 0x0000000092700000| PB 0x0000000092700000| Untracked |  0
| 296|0x0000000092800000, 0x0000000092900000, 0x0000000092900000|100%| O|  |TAMS 0x0000000092800000| PB 0x0000000092800000| Untracked |  0
| 297|0x0000000092900000, 0x0000000092a00000, 0x0000000092a00000|100%| O|  |TAMS 0x0000000092900000| PB 0x0000000092900000| Untracked |  0
| 298|0x0000000092a00000, 0x0000000092b00000, 0x0000000092b00000|100%|HS|  |TAMS 0x0000000092a00000| PB 0x0000000092a00000| Complete |  0
| 299|0x0000000092b00000, 0x0000000092c00000, 0x0000000092c00000|100%|HC|  |TAMS 0x0000000092b00000| PB 0x0000000092b00000| Complete |  0
| 300|0x0000000092c00000, 0x0000000092d00000, 0x0000000092d00000|100%|HC|  |TAMS 0x0000000092c00000| PB 0x0000000092c00000| Complete |  0
| 301|0x0000000092d00000, 0x0000000092e00000, 0x0000000092e00000|100%| O|  |TAMS 0x0000000092d00000| PB 0x0000000092d00000| Untracked |  0
| 302|0x0000000092e00000, 0x0000000092f00000, 0x0000000092f00000|100%| O|  |TAMS 0x0000000092e00000| PB 0x0000000092e00000| Untracked |  0
| 303|0x0000000092f00000, 0x0000000093000000, 0x0000000093000000|100%| O|  |TAMS 0x0000000092f00000| PB 0x0000000092f00000| Untracked |  0
| 304|0x0000000093000000, 0x0000000093100000, 0x0000000093100000|100%| O|  |TAMS 0x0000000093000000| PB 0x0000000093000000| Untracked |  0
| 305|0x0000000093100000, 0x0000000093200000, 0x0000000093200000|100%|HS|  |TAMS 0x0000000093100000| PB 0x0000000093100000| Complete |  0
| 306|0x0000000093200000, 0x0000000093300000, 0x0000000093300000|100%|HC|  |TAMS 0x0000000093200000| PB 0x0000000093200000| Complete |  0
| 307|0x0000000093300000, 0x0000000093400000, 0x0000000093400000|100%|HC|  |TAMS 0x0000000093300000| PB 0x0000000093300000| Complete |  0
| 308|0x0000000093400000, 0x0000000093500000, 0x0000000093500000|100%|HC|  |TAMS 0x0000000093400000| PB 0x0000000093400000| Complete |  0
| 309|0x0000000093500000, 0x0000000093600000, 0x0000000093600000|100%|HC|  |TAMS 0x0000000093500000| PB 0x0000000093500000| Complete |  0
| 310|0x0000000093600000, 0x0000000093700000, 0x0000000093700000|100%|HC|  |TAMS 0x0000000093600000| PB 0x0000000093600000| Complete |  0
| 311|0x0000000093700000, 0x0000000093800000, 0x0000000093800000|100%| O|  |TAMS 0x0000000093700000| PB 0x0000000093700000| Untracked |  0
| 312|0x0000000093800000, 0x0000000093900000, 0x0000000093900000|100%| O|  |TAMS 0x0000000093800000| PB 0x0000000093800000| Untracked |  0
| 313|0x0000000093900000, 0x0000000093a00000, 0x0000000093a00000|100%| O|  |TAMS 0x0000000093900000| PB 0x0000000093900000| Untracked |  0
| 314|0x0000000093a00000, 0x0000000093b00000, 0x0000000093b00000|100%| O|  |TAMS 0x0000000093a00000| PB 0x0000000093a00000| Untracked |  0
| 315|0x0000000093b00000, 0x0000000093c00000, 0x0000000093c00000|100%| O|  |TAMS 0x0000000093b00000| PB 0x0000000093b00000| Untracked |  0
| 316|0x0000000093c00000, 0x0000000093d00000, 0x0000000093d00000|100%| O|  |TAMS 0x0000000093c00000| PB 0x0000000093c00000| Untracked |  0
| 317|0x0000000093d00000, 0x0000000093e00000, 0x0000000093e00000|100%| O|  |TAMS 0x0000000093d00000| PB 0x0000000093d00000| Untracked |  0
| 318|0x0000000093e00000, 0x0000000093f00000, 0x0000000093f00000|100%| O|  |TAMS 0x0000000093e00000| PB 0x0000000093e00000| Untracked |  0
| 319|0x0000000093f00000, 0x0000000093fa90c0, 0x0000000094000000| 66%| O|  |TAMS 0x0000000093f00000| PB 0x0000000093f00000| Untracked |  0
| 320|0x0000000094000000, 0x0000000094000000, 0x0000000094100000|  0%| F|  |TAMS 0x0000000094000000| PB 0x0000000094000000| Untracked |  0
| 321|0x0000000094100000, 0x0000000094200000, 0x0000000094200000|100%|HS|  |TAMS 0x0000000094100000| PB 0x0000000094100000| Complete |  0
| 322|0x0000000094200000, 0x0000000094300000, 0x0000000094300000|100%|HC|  |TAMS 0x0000000094200000| PB 0x0000000094200000| Complete |  0
| 323|0x0000000094300000, 0x0000000094400000, 0x0000000094400000|100%|HC|  |TAMS 0x0000000094300000| PB 0x0000000094300000| Complete |  0
| 324|0x0000000094400000, 0x0000000094500000, 0x0000000094500000|100%|HC|  |TAMS 0x0000000094400000| PB 0x0000000094400000| Complete |  0
| 325|0x0000000094500000, 0x0000000094600000, 0x0000000094600000|100%|HC|  |TAMS 0x0000000094500000| PB 0x0000000094500000| Complete |  0
| 326|0x0000000094600000, 0x0000000094700000, 0x0000000094700000|100%|HC|  |TAMS 0x0000000094600000| PB 0x0000000094600000| Complete |  0
| 327|0x0000000094700000, 0x0000000094800000, 0x0000000094800000|100%|HS|  |TAMS 0x0000000094700000| PB 0x0000000094700000| Complete |  0
| 328|0x0000000094800000, 0x0000000094900000, 0x0000000094900000|100%|HC|  |TAMS 0x0000000094800000| PB 0x0000000094800000| Complete |  0
| 329|0x0000000094900000, 0x0000000094a00000, 0x0000000094a00000|100%|HC|  |TAMS 0x0000000094900000| PB 0x0000000094900000| Complete |  0
| 330|0x0000000094a00000, 0x0000000094b00000, 0x0000000094b00000|100%|HC|  |TAMS 0x0000000094a00000| PB 0x0000000094a00000| Complete |  0
| 331|0x0000000094b00000, 0x0000000094c00000, 0x0000000094c00000|100%|HC|  |TAMS 0x0000000094b00000| PB 0x0000000094b00000| Complete |  0
| 332|0x0000000094c00000, 0x0000000094d00000, 0x0000000094d00000|100%|HC|  |TAMS 0x0000000094c00000| PB 0x0000000094c00000| Complete |  0
| 333|0x0000000094d00000, 0x0000000094d00000, 0x0000000094e00000|  0%| F|  |TAMS 0x0000000094d00000| PB 0x0000000094d00000| Untracked |  0
| 334|0x0000000094e00000, 0x0000000094e00000, 0x0000000094f00000|  0%| F|  |TAMS 0x0000000094e00000| PB 0x0000000094e00000| Untracked |  0
| 335|0x0000000094f00000, 0x0000000094f00000, 0x0000000095000000|  0%| F|  |TAMS 0x0000000094f00000| PB 0x0000000094f00000| Untracked |  0
| 336|0x0000000095000000, 0x0000000095000000, 0x0000000095100000|  0%| F|  |TAMS 0x0000000095000000| PB 0x0000000095000000| Untracked |  0
| 337|0x0000000095100000, 0x0000000095100000, 0x0000000095200000|  0%| F|  |TAMS 0x0000000095100000| PB 0x0000000095100000| Untracked |  0
| 338|0x0000000095200000, 0x0000000095200000, 0x0000000095300000|  0%| F|  |TAMS 0x0000000095200000| PB 0x0000000095200000| Untracked |  0
| 339|0x0000000095300000, 0x0000000095300000, 0x0000000095400000|  0%| F|  |TAMS 0x0000000095300000| PB 0x0000000095300000| Untracked |  0
| 340|0x0000000095400000, 0x0000000095400000, 0x0000000095500000|  0%| F|  |TAMS 0x0000000095400000| PB 0x0000000095400000| Untracked |  0
| 341|0x0000000095500000, 0x0000000095500000, 0x0000000095600000|  0%| F|  |TAMS 0x0000000095500000| PB 0x0000000095500000| Untracked |  0
| 342|0x0000000095600000, 0x0000000095600000, 0x0000000095700000|  0%| F|  |TAMS 0x0000000095600000| PB 0x0000000095600000| Untracked |  0
| 343|0x0000000095700000, 0x0000000095700000, 0x0000000095800000|  0%| F|  |TAMS 0x0000000095700000| PB 0x0000000095700000| Untracked |  0
| 344|0x0000000095800000, 0x0000000095800000, 0x0000000095900000|  0%| F|  |TAMS 0x0000000095800000| PB 0x0000000095800000| Untracked |  0
| 345|0x0000000095900000, 0x0000000095900000, 0x0000000095a00000|  0%| F|  |TAMS 0x0000000095900000| PB 0x0000000095900000| Untracked |  0
| 346|0x0000000095a00000, 0x0000000095a00000, 0x0000000095b00000|  0%| F|  |TAMS 0x0000000095a00000| PB 0x0000000095a00000| Untracked |  0
| 347|0x0000000095b00000, 0x0000000095b00000, 0x0000000095c00000|  0%| F|  |TAMS 0x0000000095b00000| PB 0x0000000095b00000| Untracked |  0
| 348|0x0000000095c00000, 0x0000000095c00000, 0x0000000095d00000|  0%| F|  |TAMS 0x0000000095c00000| PB 0x0000000095c00000| Untracked |  0
| 349|0x0000000095d00000, 0x0000000095d00000, 0x0000000095e00000|  0%| F|  |TAMS 0x0000000095d00000| PB 0x0000000095d00000| Untracked |  0
| 350|0x0000000095e00000, 0x0000000095e00000, 0x0000000095f00000|  0%| F|  |TAMS 0x0000000095e00000| PB 0x0000000095e00000| Untracked |  0
| 351|0x0000000095f00000, 0x0000000095f00000, 0x0000000096000000|  0%| F|  |TAMS 0x0000000095f00000| PB 0x0000000095f00000| Untracked |  0
| 352|0x0000000096000000, 0x0000000096000000, 0x0000000096100000|  0%| F|  |TAMS 0x0000000096000000| PB 0x0000000096000000| Untracked |  0
| 353|0x0000000096100000, 0x0000000096100000, 0x0000000096200000|  0%| F|  |TAMS 0x0000000096100000| PB 0x0000000096100000| Untracked |  0
| 354|0x0000000096200000, 0x0000000096200000, 0x0000000096300000|  0%| F|  |TAMS 0x0000000096200000| PB 0x0000000096200000| Untracked |  0
| 355|0x0000000096300000, 0x0000000096300000, 0x0000000096400000|  0%| F|  |TAMS 0x0000000096300000| PB 0x0000000096300000| Untracked |  0
| 356|0x0000000096400000, 0x0000000096400000, 0x0000000096500000|  0%| F|  |TAMS 0x0000000096400000| PB 0x0000000096400000| Untracked |  0
| 357|0x0000000096500000, 0x0000000096500000, 0x0000000096600000|  0%| F|  |TAMS 0x0000000096500000| PB 0x0000000096500000| Untracked |  0
| 358|0x0000000096600000, 0x0000000096600000, 0x0000000096700000|  0%| F|  |TAMS 0x0000000096600000| PB 0x0000000096600000| Untracked |  0
| 359|0x0000000096700000, 0x0000000096700000, 0x0000000096800000|  0%| F|  |TAMS 0x0000000096700000| PB 0x0000000096700000| Untracked |  0
| 360|0x0000000096800000, 0x0000000096800000, 0x0000000096900000|  0%| F|  |TAMS 0x0000000096800000| PB 0x0000000096800000| Untracked |  0
| 361|0x0000000096900000, 0x0000000096900000, 0x0000000096a00000|  0%| F|  |TAMS 0x0000000096900000| PB 0x0000000096900000| Untracked |  0
| 362|0x0000000096a00000, 0x0000000096a00000, 0x0000000096b00000|  0%| F|  |TAMS 0x0000000096a00000| PB 0x0000000096a00000| Untracked |  0
| 363|0x0000000096b00000, 0x0000000096b00000, 0x0000000096c00000|  0%| F|  |TAMS 0x0000000096b00000| PB 0x0000000096b00000| Untracked |  0
| 364|0x0000000096c00000, 0x0000000096c00000, 0x0000000096d00000|  0%| F|  |TAMS 0x0000000096c00000| PB 0x0000000096c00000| Untracked |  0
| 365|0x0000000096d00000, 0x0000000096d00000, 0x0000000096e00000|  0%| F|  |TAMS 0x0000000096d00000| PB 0x0000000096d00000| Untracked |  0
| 366|0x0000000096e00000, 0x0000000096e00000, 0x0000000096f00000|  0%| F|  |TAMS 0x0000000096e00000| PB 0x0000000096e00000| Untracked |  0
| 367|0x0000000096f00000, 0x0000000096f00000, 0x0000000097000000|  0%| F|  |TAMS 0x0000000096f00000| PB 0x0000000096f00000| Untracked |  0
| 368|0x0000000097000000, 0x0000000097000000, 0x0000000097100000|  0%| F|  |TAMS 0x0000000097000000| PB 0x0000000097000000| Untracked |  0
| 369|0x0000000097100000, 0x0000000097100000, 0x0000000097200000|  0%| F|  |TAMS 0x0000000097100000| PB 0x0000000097100000| Untracked |  0
| 370|0x0000000097200000, 0x0000000097200000, 0x0000000097300000|  0%| F|  |TAMS 0x0000000097200000| PB 0x0000000097200000| Untracked |  0
| 371|0x0000000097300000, 0x0000000097300000, 0x0000000097400000|  0%| F|  |TAMS 0x0000000097300000| PB 0x0000000097300000| Untracked |  0
| 372|0x0000000097400000, 0x0000000097400000, 0x0000000097500000|  0%| F|  |TAMS 0x0000000097400000| PB 0x0000000097400000| Untracked |  0
| 373|0x0000000097500000, 0x0000000097500000, 0x0000000097600000|  0%| F|  |TAMS 0x0000000097500000| PB 0x0000000097500000| Untracked |  0
| 374|0x0000000097600000, 0x0000000097600000, 0x0000000097700000|  0%| F|  |TAMS 0x0000000097600000| PB 0x0000000097600000| Untracked |  0
| 375|0x0000000097700000, 0x0000000097700000, 0x0000000097800000|  0%| F|  |TAMS 0x0000000097700000| PB 0x0000000097700000| Untracked |  0
| 376|0x0000000097800000, 0x0000000097800000, 0x0000000097900000|  0%| F|  |TAMS 0x0000000097800000| PB 0x0000000097800000| Untracked |  0
| 377|0x0000000097900000, 0x0000000097900000, 0x0000000097a00000|  0%| F|  |TAMS 0x0000000097900000| PB 0x0000000097900000| Untracked |  0
| 378|0x0000000097a00000, 0x0000000097a00000, 0x0000000097b00000|  0%| F|  |TAMS 0x0000000097a00000| PB 0x0000000097a00000| Untracked |  0
| 379|0x0000000097b00000, 0x0000000097b00000, 0x0000000097c00000|  0%| F|  |TAMS 0x0000000097b00000| PB 0x0000000097b00000| Untracked |  0
| 380|0x0000000097c00000, 0x0000000097c00000, 0x0000000097d00000|  0%| F|  |TAMS 0x0000000097c00000| PB 0x0000000097c00000| Untracked |  0
| 381|0x0000000097d00000, 0x0000000097d00000, 0x0000000097e00000|  0%| F|  |TAMS 0x0000000097d00000| PB 0x0000000097d00000| Untracked |  0
| 382|0x0000000097e00000, 0x0000000097e00000, 0x0000000097f00000|  0%| F|  |TAMS 0x0000000097e00000| PB 0x0000000097e00000| Untracked |  0
| 383|0x0000000097f00000, 0x0000000097f00000, 0x0000000098000000|  0%| F|  |TAMS 0x0000000097f00000| PB 0x0000000097f00000| Untracked |  0
| 384|0x0000000098000000, 0x0000000098000000, 0x0000000098100000|  0%| F|  |TAMS 0x0000000098000000| PB 0x0000000098000000| Untracked |  0
| 385|0x0000000098100000, 0x0000000098100000, 0x0000000098200000|  0%| F|  |TAMS 0x0000000098100000| PB 0x0000000098100000| Untracked |  0
| 386|0x0000000098200000, 0x0000000098200000, 0x0000000098300000|  0%| F|  |TAMS 0x0000000098200000| PB 0x0000000098200000| Untracked |  0
| 387|0x0000000098300000, 0x0000000098300000, 0x0000000098400000|  0%| F|  |TAMS 0x0000000098300000| PB 0x0000000098300000| Untracked |  0
| 388|0x0000000098400000, 0x0000000098400000, 0x0000000098500000|  0%| F|  |TAMS 0x0000000098400000| PB 0x0000000098400000| Untracked |  0
| 389|0x0000000098500000, 0x0000000098500000, 0x0000000098600000|  0%| F|  |TAMS 0x0000000098500000| PB 0x0000000098500000| Untracked |  0
| 390|0x0000000098600000, 0x0000000098600000, 0x0000000098700000|  0%| F|  |TAMS 0x0000000098600000| PB 0x0000000098600000| Untracked |  0
| 391|0x0000000098700000, 0x0000000098700000, 0x0000000098800000|  0%| F|  |TAMS 0x0000000098700000| PB 0x0000000098700000| Untracked |  0
| 392|0x0000000098800000, 0x0000000098800000, 0x0000000098900000|  0%| F|  |TAMS 0x0000000098800000| PB 0x0000000098800000| Untracked |  0
| 393|0x0000000098900000, 0x0000000098a00000, 0x0000000098a00000|100%| O|  |TAMS 0x0000000098900000| PB 0x0000000098900000| Untracked |  0
| 394|0x0000000098a00000, 0x0000000098b00000, 0x0000000098b00000|100%| O|  |TAMS 0x0000000098a00000| PB 0x0000000098a00000| Untracked |  0
| 395|0x0000000098b00000, 0x0000000098c00000, 0x0000000098c00000|100%| O|  |TAMS 0x0000000098b00000| PB 0x0000000098b00000| Untracked |  0
| 396|0x0000000098c00000, 0x0000000098c00000, 0x0000000098d00000|  0%| F|  |TAMS 0x0000000098c00000| PB 0x0000000098c00000| Untracked |  0
| 397|0x0000000098d00000, 0x0000000098d00000, 0x0000000098e00000|  0%| F|  |TAMS 0x0000000098d00000| PB 0x0000000098d00000| Untracked |  0
| 398|0x0000000098e00000, 0x0000000098e00000, 0x0000000098f00000|  0%| F|  |TAMS 0x0000000098e00000| PB 0x0000000098e00000| Untracked |  0
| 399|0x0000000098f00000, 0x0000000098f00000, 0x0000000099000000|  0%| F|  |TAMS 0x0000000098f00000| PB 0x0000000098f00000| Untracked |  0
| 400|0x0000000099000000, 0x0000000099000000, 0x0000000099100000|  0%| F|  |TAMS 0x0000000099000000| PB 0x0000000099000000| Untracked |  0
| 401|0x0000000099100000, 0x0000000099100000, 0x0000000099200000|  0%| F|  |TAMS 0x0000000099100000| PB 0x0000000099100000| Untracked |  0
| 402|0x0000000099200000, 0x0000000099200000, 0x0000000099300000|  0%| F|  |TAMS 0x0000000099200000| PB 0x0000000099200000| Untracked |  0
| 403|0x0000000099300000, 0x0000000099300000, 0x0000000099400000|  0%| F|  |TAMS 0x0000000099300000| PB 0x0000000099300000| Untracked |  0
| 404|0x0000000099400000, 0x0000000099400000, 0x0000000099500000|  0%| F|  |TAMS 0x0000000099400000| PB 0x0000000099400000| Untracked |  0
| 405|0x0000000099500000, 0x0000000099500000, 0x0000000099600000|  0%| F|  |TAMS 0x0000000099500000| PB 0x0000000099500000| Untracked |  0
| 406|0x0000000099600000, 0x0000000099600000, 0x0000000099700000|  0%| F|  |TAMS 0x0000000099600000| PB 0x0000000099600000| Untracked |  0
| 407|0x0000000099700000, 0x0000000099700000, 0x0000000099800000|  0%| F|  |TAMS 0x0000000099700000| PB 0x0000000099700000| Untracked |  0
| 408|0x0000000099800000, 0x0000000099800000, 0x0000000099900000|  0%| F|  |TAMS 0x0000000099800000| PB 0x0000000099800000| Untracked |  0
| 409|0x0000000099900000, 0x0000000099900000, 0x0000000099a00000|  0%| F|  |TAMS 0x0000000099900000| PB 0x0000000099900000| Untracked |  0
| 410|0x0000000099a00000, 0x0000000099a00000, 0x0000000099b00000|  0%| F|  |TAMS 0x0000000099a00000| PB 0x0000000099a00000| Untracked |  0
| 411|0x0000000099b00000, 0x0000000099b00000, 0x0000000099c00000|  0%| F|  |TAMS 0x0000000099b00000| PB 0x0000000099b00000| Untracked |  0
| 412|0x0000000099c00000, 0x0000000099c00000, 0x0000000099d00000|  0%| F|  |TAMS 0x0000000099c00000| PB 0x0000000099c00000| Untracked |  0
| 413|0x0000000099d00000, 0x0000000099d00000, 0x0000000099e00000|  0%| F|  |TAMS 0x0000000099d00000| PB 0x0000000099d00000| Untracked |  0
| 414|0x0000000099e00000, 0x0000000099e00000, 0x0000000099f00000|  0%| F|  |TAMS 0x0000000099e00000| PB 0x0000000099e00000| Untracked |  0
| 415|0x0000000099f00000, 0x0000000099f00000, 0x000000009a000000|  0%| F|  |TAMS 0x0000000099f00000| PB 0x0000000099f00000| Untracked |  0
| 416|0x000000009a000000, 0x000000009a000000, 0x000000009a100000|  0%| F|  |TAMS 0x000000009a000000| PB 0x000000009a000000| Untracked |  0
| 417|0x000000009a100000, 0x000000009a100000, 0x000000009a200000|  0%| F|  |TAMS 0x000000009a100000| PB 0x000000009a100000| Untracked |  0
| 418|0x000000009a200000, 0x000000009a200000, 0x000000009a300000|  0%| F|  |TAMS 0x000000009a200000| PB 0x000000009a200000| Untracked |  0
| 419|0x000000009a300000, 0x000000009a300000, 0x000000009a400000|  0%| F|  |TAMS 0x000000009a300000| PB 0x000000009a300000| Untracked |  0
| 420|0x000000009a400000, 0x000000009a400000, 0x000000009a500000|  0%| F|  |TAMS 0x000000009a400000| PB 0x000000009a400000| Untracked |  0
| 421|0x000000009a500000, 0x000000009a500000, 0x000000009a600000|  0%| F|  |TAMS 0x000000009a500000| PB 0x000000009a500000| Untracked |  0
| 422|0x000000009a600000, 0x000000009a600000, 0x000000009a700000|  0%| F|  |TAMS 0x000000009a600000| PB 0x000000009a600000| Untracked |  0
| 423|0x000000009a700000, 0x000000009a700000, 0x000000009a800000|  0%| F|  |TAMS 0x000000009a700000| PB 0x000000009a700000| Untracked |  0
| 424|0x000000009a800000, 0x000000009a800000, 0x000000009a900000|  0%| F|  |TAMS 0x000000009a800000| PB 0x000000009a800000| Untracked |  0
| 425|0x000000009a900000, 0x000000009a900000, 0x000000009aa00000|  0%| F|  |TAMS 0x000000009a900000| PB 0x000000009a900000| Untracked |  0
| 426|0x000000009aa00000, 0x000000009aa00000, 0x000000009ab00000|  0%| F|  |TAMS 0x000000009aa00000| PB 0x000000009aa00000| Untracked |  0
| 427|0x000000009ab00000, 0x000000009ab00000, 0x000000009ac00000|  0%| F|  |TAMS 0x000000009ab00000| PB 0x000000009ab00000| Untracked |  0
| 428|0x000000009ac00000, 0x000000009ac00000, 0x000000009ad00000|  0%| F|  |TAMS 0x000000009ac00000| PB 0x000000009ac00000| Untracked |  0
| 429|0x000000009ad00000, 0x000000009ad00000, 0x000000009ae00000|  0%| F|  |TAMS 0x000000009ad00000| PB 0x000000009ad00000| Untracked |  0
| 430|0x000000009ae00000, 0x000000009ae00000, 0x000000009af00000|  0%| F|  |TAMS 0x000000009ae00000| PB 0x000000009ae00000| Untracked |  0
| 431|0x000000009af00000, 0x000000009af00000, 0x000000009b000000|  0%| F|  |TAMS 0x000000009af00000| PB 0x000000009af00000| Untracked |  0
| 432|0x000000009b000000, 0x000000009b000000, 0x000000009b100000|  0%| F|  |TAMS 0x000000009b000000| PB 0x000000009b000000| Untracked |  0
| 433|0x000000009b100000, 0x000000009b100000, 0x000000009b200000|  0%| F|  |TAMS 0x000000009b100000| PB 0x000000009b100000| Untracked |  0
| 434|0x000000009b200000, 0x000000009b200000, 0x000000009b300000|  0%| F|  |TAMS 0x000000009b200000| PB 0x000000009b200000| Untracked |  0
| 435|0x000000009b300000, 0x000000009b300000, 0x000000009b400000|  0%| F|  |TAMS 0x000000009b300000| PB 0x000000009b300000| Untracked |  0
| 436|0x000000009b400000, 0x000000009b400000, 0x000000009b500000|  0%| F|  |TAMS 0x000000009b400000| PB 0x000000009b400000| Untracked |  0
| 437|0x000000009b500000, 0x000000009b500000, 0x000000009b600000|  0%| F|  |TAMS 0x000000009b500000| PB 0x000000009b500000| Untracked |  0
| 438|0x000000009b600000, 0x000000009b600000, 0x000000009b700000|  0%| F|  |TAMS 0x000000009b600000| PB 0x000000009b600000| Untracked |  0
| 439|0x000000009b700000, 0x000000009b700000, 0x000000009b800000|  0%| F|  |TAMS 0x000000009b700000| PB 0x000000009b700000| Untracked |  0
| 440|0x000000009b800000, 0x000000009b800000, 0x000000009b900000|  0%| F|  |TAMS 0x000000009b800000| PB 0x000000009b800000| Untracked |  0
| 441|0x000000009b900000, 0x000000009b900000, 0x000000009ba00000|  0%| F|  |TAMS 0x000000009b900000| PB 0x000000009b900000| Untracked |  0
| 442|0x000000009ba00000, 0x000000009ba00000, 0x000000009bb00000|  0%| F|  |TAMS 0x000000009ba00000| PB 0x000000009ba00000| Untracked |  0
| 443|0x000000009bb00000, 0x000000009bb00000, 0x000000009bc00000|  0%| F|  |TAMS 0x000000009bb00000| PB 0x000000009bb00000| Untracked |  0
| 444|0x000000009bc00000, 0x000000009bc00000, 0x000000009bd00000|  0%| F|  |TAMS 0x000000009bc00000| PB 0x000000009bc00000| Untracked |  0
| 445|0x000000009bd00000, 0x000000009bd00000, 0x000000009be00000|  0%| F|  |TAMS 0x000000009bd00000| PB 0x000000009bd00000| Untracked |  0
| 446|0x000000009be00000, 0x000000009be00000, 0x000000009bf00000|  0%| F|  |TAMS 0x000000009be00000| PB 0x000000009be00000| Untracked |  0
| 447|0x000000009bf00000, 0x000000009bf00000, 0x000000009c000000|  0%| F|  |TAMS 0x000000009bf00000| PB 0x000000009bf00000| Untracked |  0
| 448|0x000000009c000000, 0x000000009c000000, 0x000000009c100000|  0%| F|  |TAMS 0x000000009c000000| PB 0x000000009c000000| Untracked |  0
| 449|0x000000009c100000, 0x000000009c100000, 0x000000009c200000|  0%| F|  |TAMS 0x000000009c100000| PB 0x000000009c100000| Untracked |  0
| 450|0x000000009c200000, 0x000000009c200000, 0x000000009c300000|  0%| F|  |TAMS 0x000000009c200000| PB 0x000000009c200000| Untracked |  0
| 451|0x000000009c300000, 0x000000009c300000, 0x000000009c400000|  0%| F|  |TAMS 0x000000009c300000| PB 0x000000009c300000| Untracked |  0
| 452|0x000000009c400000, 0x000000009c400000, 0x000000009c500000|  0%| F|  |TAMS 0x000000009c400000| PB 0x000000009c400000| Untracked |  0
| 453|0x000000009c500000, 0x000000009c500000, 0x000000009c600000|  0%| F|  |TAMS 0x000000009c500000| PB 0x000000009c500000| Untracked |  0
| 454|0x000000009c600000, 0x000000009c600000, 0x000000009c700000|  0%| F|  |TAMS 0x000000009c600000| PB 0x000000009c600000| Untracked |  0
| 455|0x000000009c700000, 0x000000009c700000, 0x000000009c800000|  0%| F|  |TAMS 0x000000009c700000| PB 0x000000009c700000| Untracked |  0
| 456|0x000000009c800000, 0x000000009c800000, 0x000000009c900000|  0%| F|  |TAMS 0x000000009c800000| PB 0x000000009c800000| Untracked |  0
| 457|0x000000009c900000, 0x000000009c900000, 0x000000009ca00000|  0%| F|  |TAMS 0x000000009c900000| PB 0x000000009c900000| Untracked |  0
| 458|0x000000009ca00000, 0x000000009ca00000, 0x000000009cb00000|  0%| F|  |TAMS 0x000000009ca00000| PB 0x000000009ca00000| Untracked |  0
| 459|0x000000009cb00000, 0x000000009cb00000, 0x000000009cc00000|  0%| F|  |TAMS 0x000000009cb00000| PB 0x000000009cb00000| Untracked |  0
| 460|0x000000009cc00000, 0x000000009cc00000, 0x000000009cd00000|  0%| F|  |TAMS 0x000000009cc00000| PB 0x000000009cc00000| Untracked |  0
| 461|0x000000009cd00000, 0x000000009cd00000, 0x000000009ce00000|  0%| F|  |TAMS 0x000000009cd00000| PB 0x000000009cd00000| Untracked |  0
| 462|0x000000009ce00000, 0x000000009ce00000, 0x000000009cf00000|  0%| F|  |TAMS 0x000000009ce00000| PB 0x000000009ce00000| Untracked |  0
| 463|0x000000009cf00000, 0x000000009cf00000, 0x000000009d000000|  0%| F|  |TAMS 0x000000009cf00000| PB 0x000000009cf00000| Untracked |  0
| 464|0x000000009d000000, 0x000000009d000000, 0x000000009d100000|  0%| F|  |TAMS 0x000000009d000000| PB 0x000000009d000000| Untracked |  0
| 465|0x000000009d100000, 0x000000009d100000, 0x000000009d200000|  0%| F|  |TAMS 0x000000009d100000| PB 0x000000009d100000| Untracked |  0
| 466|0x000000009d200000, 0x000000009d200000, 0x000000009d300000|  0%| F|  |TAMS 0x000000009d200000| PB 0x000000009d200000| Untracked |  0
| 467|0x000000009d300000, 0x000000009d300000, 0x000000009d400000|  0%| F|  |TAMS 0x000000009d300000| PB 0x000000009d300000| Untracked |  0
| 468|0x000000009d400000, 0x000000009d400000, 0x000000009d500000|  0%| F|  |TAMS 0x000000009d400000| PB 0x000000009d400000| Untracked |  0
| 469|0x000000009d500000, 0x000000009d500000, 0x000000009d600000|  0%| F|  |TAMS 0x000000009d500000| PB 0x000000009d500000| Untracked |  0
| 470|0x000000009d600000, 0x000000009d600000, 0x000000009d700000|  0%| F|  |TAMS 0x000000009d600000| PB 0x000000009d600000| Untracked |  0
| 471|0x000000009d700000, 0x000000009d700000, 0x000000009d800000|  0%| F|  |TAMS 0x000000009d700000| PB 0x000000009d700000| Untracked |  0
| 472|0x000000009d800000, 0x000000009d800000, 0x000000009d900000|  0%| F|  |TAMS 0x000000009d800000| PB 0x000000009d800000| Untracked |  0
| 473|0x000000009d900000, 0x000000009d900000, 0x000000009da00000|  0%| F|  |TAMS 0x000000009d900000| PB 0x000000009d900000| Untracked |  0
| 474|0x000000009da00000, 0x000000009da00000, 0x000000009db00000|  0%| F|  |TAMS 0x000000009da00000| PB 0x000000009da00000| Untracked |  0
| 475|0x000000009db00000, 0x000000009db00000, 0x000000009dc00000|  0%| F|  |TAMS 0x000000009db00000| PB 0x000000009db00000| Untracked |  0
| 476|0x000000009dc00000, 0x000000009dc00000, 0x000000009dd00000|  0%| F|  |TAMS 0x000000009dc00000| PB 0x000000009dc00000| Untracked |  0
| 477|0x000000009dd00000, 0x000000009dd00000, 0x000000009de00000|  0%| F|  |TAMS 0x000000009dd00000| PB 0x000000009dd00000| Untracked |  0
| 478|0x000000009de00000, 0x000000009de00000, 0x000000009df00000|  0%| F|  |TAMS 0x000000009de00000| PB 0x000000009de00000| Untracked |  0
| 479|0x000000009df00000, 0x000000009df00000, 0x000000009e000000|  0%| F|  |TAMS 0x000000009df00000| PB 0x000000009df00000| Untracked |  0
| 480|0x000000009e000000, 0x000000009e000000, 0x000000009e100000|  0%| F|  |TAMS 0x000000009e000000| PB 0x000000009e000000| Untracked |  0
| 481|0x000000009e100000, 0x000000009e100000, 0x000000009e200000|  0%| F|  |TAMS 0x000000009e100000| PB 0x000000009e100000| Untracked |  0
| 482|0x000000009e200000, 0x000000009e200000, 0x000000009e300000|  0%| F|  |TAMS 0x000000009e200000| PB 0x000000009e200000| Untracked |  0
| 483|0x000000009e300000, 0x000000009e300000, 0x000000009e400000|  0%| F|  |TAMS 0x000000009e300000| PB 0x000000009e300000| Untracked |  0
| 484|0x000000009e400000, 0x000000009e400000, 0x000000009e500000|  0%| F|  |TAMS 0x000000009e400000| PB 0x000000009e400000| Untracked |  0
| 485|0x000000009e500000, 0x000000009e500000, 0x000000009e600000|  0%| F|  |TAMS 0x000000009e500000| PB 0x000000009e500000| Untracked |  0
| 486|0x000000009e600000, 0x000000009e600000, 0x000000009e700000|  0%| F|  |TAMS 0x000000009e600000| PB 0x000000009e600000| Untracked |  0
| 487|0x000000009e700000, 0x000000009e700000, 0x000000009e800000|  0%| F|  |TAMS 0x000000009e700000| PB 0x000000009e700000| Untracked |  0
| 488|0x000000009e800000, 0x000000009e800000, 0x000000009e900000|  0%| F|  |TAMS 0x000000009e800000| PB 0x000000009e800000| Untracked |  0
| 489|0x000000009e900000, 0x000000009e900000, 0x000000009ea00000|  0%| F|  |TAMS 0x000000009e900000| PB 0x000000009e900000| Untracked |  0
| 490|0x000000009ea00000, 0x000000009ea00000, 0x000000009eb00000|  0%| F|  |TAMS 0x000000009ea00000| PB 0x000000009ea00000| Untracked |  0
| 491|0x000000009eb00000, 0x000000009eb00000, 0x000000009ec00000|  0%| F|  |TAMS 0x000000009eb00000| PB 0x000000009eb00000| Untracked |  0
| 492|0x000000009ec00000, 0x000000009ec00000, 0x000000009ed00000|  0%| F|  |TAMS 0x000000009ec00000| PB 0x000000009ec00000| Untracked |  0
| 493|0x000000009ed00000, 0x000000009ed00000, 0x000000009ee00000|  0%| F|  |TAMS 0x000000009ed00000| PB 0x000000009ed00000| Untracked |  0
| 494|0x000000009ee00000, 0x000000009ee00000, 0x000000009ef00000|  0%| F|  |TAMS 0x000000009ee00000| PB 0x000000009ee00000| Untracked |  0
| 495|0x000000009ef00000, 0x000000009ef00000, 0x000000009f000000|  0%| F|  |TAMS 0x000000009ef00000| PB 0x000000009ef00000| Untracked |  0
| 496|0x000000009f000000, 0x000000009f000000, 0x000000009f100000|  0%| F|  |TAMS 0x000000009f000000| PB 0x000000009f000000| Untracked |  0
| 497|0x000000009f100000, 0x000000009f100000, 0x000000009f200000|  0%| F|  |TAMS 0x000000009f100000| PB 0x000000009f100000| Untracked |  0
| 498|0x000000009f200000, 0x000000009f200000, 0x000000009f300000|  0%| F|  |TAMS 0x000000009f200000| PB 0x000000009f200000| Untracked |  0
| 499|0x000000009f300000, 0x000000009f300000, 0x000000009f400000|  0%| F|  |TAMS 0x000000009f300000| PB 0x000000009f300000| Untracked |  0
| 500|0x000000009f400000, 0x000000009f400000, 0x000000009f500000|  0%| F|  |TAMS 0x000000009f400000| PB 0x000000009f400000| Untracked |  0
| 501|0x000000009f500000, 0x000000009f500000, 0x000000009f600000|  0%| F|  |TAMS 0x000000009f500000| PB 0x000000009f500000| Untracked |  0
| 502|0x000000009f600000, 0x000000009f600000, 0x000000009f700000|  0%| F|  |TAMS 0x000000009f600000| PB 0x000000009f600000| Untracked |  0
| 503|0x000000009f700000, 0x000000009f700000, 0x000000009f800000|  0%| F|  |TAMS 0x000000009f700000| PB 0x000000009f700000| Untracked |  0
| 504|0x000000009f800000, 0x000000009f800000, 0x000000009f900000|  0%| F|  |TAMS 0x000000009f800000| PB 0x000000009f800000| Untracked |  0
| 505|0x000000009f900000, 0x000000009f900000, 0x000000009fa00000|  0%| F|  |TAMS 0x000000009f900000| PB 0x000000009f900000| Untracked |  0
| 506|0x000000009fa00000, 0x000000009fa00000, 0x000000009fb00000|  0%| F|  |TAMS 0x000000009fa00000| PB 0x000000009fa00000| Untracked |  0
| 507|0x000000009fb00000, 0x000000009fb00000, 0x000000009fc00000|  0%| F|  |TAMS 0x000000009fb00000| PB 0x000000009fb00000| Untracked |  0
| 508|0x000000009fc00000, 0x000000009fc00000, 0x000000009fd00000|  0%| F|  |TAMS 0x000000009fc00000| PB 0x000000009fc00000| Untracked |  0
| 509|0x000000009fd00000, 0x000000009fd00000, 0x000000009fe00000|  0%| F|  |TAMS 0x000000009fd00000| PB 0x000000009fd00000| Untracked |  0
| 510|0x000000009fe00000, 0x000000009fe00000, 0x000000009ff00000|  0%| F|  |TAMS 0x000000009fe00000| PB 0x000000009fe00000| Untracked |  0
| 511|0x000000009ff00000, 0x000000009ff00000, 0x00000000a0000000|  0%| F|  |TAMS 0x000000009ff00000| PB 0x000000009ff00000| Untracked |  0
| 512|0x00000000a0000000, 0x00000000a0000000, 0x00000000a0100000|  0%| F|  |TAMS 0x00000000a0000000| PB 0x00000000a0000000| Untracked |  0
| 513|0x00000000a0100000, 0x00000000a0100000, 0x00000000a0200000|  0%| F|  |TAMS 0x00000000a0100000| PB 0x00000000a0100000| Untracked |  0
| 514|0x00000000a0200000, 0x00000000a0200000, 0x00000000a0300000|  0%| F|  |TAMS 0x00000000a0200000| PB 0x00000000a0200000| Untracked |  0
| 515|0x00000000a0300000, 0x00000000a0300000, 0x00000000a0400000|  0%| F|  |TAMS 0x00000000a0300000| PB 0x00000000a0300000| Untracked |  0
| 516|0x00000000a0400000, 0x00000000a0400000, 0x00000000a0500000|  0%| F|  |TAMS 0x00000000a0400000| PB 0x00000000a0400000| Untracked |  0
| 517|0x00000000a0500000, 0x00000000a0500000, 0x00000000a0600000|  0%| F|  |TAMS 0x00000000a0500000| PB 0x00000000a0500000| Untracked |  0
| 518|0x00000000a0600000, 0x00000000a0600000, 0x00000000a0700000|  0%| F|  |TAMS 0x00000000a0600000| PB 0x00000000a0600000| Untracked |  0
| 519|0x00000000a0700000, 0x00000000a0700000, 0x00000000a0800000|  0%| F|  |TAMS 0x00000000a0700000| PB 0x00000000a0700000| Untracked |  0
| 520|0x00000000a0800000, 0x00000000a0800000, 0x00000000a0900000|  0%| F|  |TAMS 0x00000000a0800000| PB 0x00000000a0800000| Untracked |  0
| 521|0x00000000a0900000, 0x00000000a0900000, 0x00000000a0a00000|  0%| F|  |TAMS 0x00000000a0900000| PB 0x00000000a0900000| Untracked |  0
| 522|0x00000000a0a00000, 0x00000000a0a00000, 0x00000000a0b00000|  0%| F|  |TAMS 0x00000000a0a00000| PB 0x00000000a0a00000| Untracked |  0
| 523|0x00000000a0b00000, 0x00000000a0b00000, 0x00000000a0c00000|  0%| F|  |TAMS 0x00000000a0b00000| PB 0x00000000a0b00000| Untracked |  0
| 524|0x00000000a0c00000, 0x00000000a0c00000, 0x00000000a0d00000|  0%| F|  |TAMS 0x00000000a0c00000| PB 0x00000000a0c00000| Untracked |  0
| 525|0x00000000a0d00000, 0x00000000a0d00000, 0x00000000a0e00000|  0%| F|  |TAMS 0x00000000a0d00000| PB 0x00000000a0d00000| Untracked |  0
| 526|0x00000000a0e00000, 0x00000000a0e00000, 0x00000000a0f00000|  0%| F|  |TAMS 0x00000000a0e00000| PB 0x00000000a0e00000| Untracked |  0
| 527|0x00000000a0f00000, 0x00000000a0f00000, 0x00000000a1000000|  0%| F|  |TAMS 0x00000000a0f00000| PB 0x00000000a0f00000| Untracked |  0
| 528|0x00000000a1000000, 0x00000000a1000000, 0x00000000a1100000|  0%| F|  |TAMS 0x00000000a1000000| PB 0x00000000a1000000| Untracked |  0
| 529|0x00000000a1100000, 0x00000000a1100000, 0x00000000a1200000|  0%| F|  |TAMS 0x00000000a1100000| PB 0x00000000a1100000| Untracked |  0
| 530|0x00000000a1200000, 0x00000000a1200000, 0x00000000a1300000|  0%| F|  |TAMS 0x00000000a1200000| PB 0x00000000a1200000| Untracked |  0
| 531|0x00000000a1300000, 0x00000000a1300000, 0x00000000a1400000|  0%| F|  |TAMS 0x00000000a1300000| PB 0x00000000a1300000| Untracked |  0
| 532|0x00000000a1400000, 0x00000000a1400000, 0x00000000a1500000|  0%| F|  |TAMS 0x00000000a1400000| PB 0x00000000a1400000| Untracked |  0
| 533|0x00000000a1500000, 0x00000000a1500000, 0x00000000a1600000|  0%| F|  |TAMS 0x00000000a1500000| PB 0x00000000a1500000| Untracked |  0
| 534|0x00000000a1600000, 0x00000000a1600000, 0x00000000a1700000|  0%| F|  |TAMS 0x00000000a1600000| PB 0x00000000a1600000| Untracked |  0
| 535|0x00000000a1700000, 0x00000000a1700000, 0x00000000a1800000|  0%| F|  |TAMS 0x00000000a1700000| PB 0x00000000a1700000| Untracked |  0
| 536|0x00000000a1800000, 0x00000000a1800000, 0x00000000a1900000|  0%| F|  |TAMS 0x00000000a1800000| PB 0x00000000a1800000| Untracked |  0
| 537|0x00000000a1900000, 0x00000000a1900000, 0x00000000a1a00000|  0%| F|  |TAMS 0x00000000a1900000| PB 0x00000000a1900000| Untracked |  0
| 538|0x00000000a1a00000, 0x00000000a1a00000, 0x00000000a1b00000|  0%| F|  |TAMS 0x00000000a1a00000| PB 0x00000000a1a00000| Untracked |  0
| 539|0x00000000a1b00000, 0x00000000a1b00000, 0x00000000a1c00000|  0%| F|  |TAMS 0x00000000a1b00000| PB 0x00000000a1b00000| Untracked |  0
| 540|0x00000000a1c00000, 0x00000000a1c00000, 0x00000000a1d00000|  0%| F|  |TAMS 0x00000000a1c00000| PB 0x00000000a1c00000| Untracked |  0
| 541|0x00000000a1d00000, 0x00000000a1d00000, 0x00000000a1e00000|  0%| F|  |TAMS 0x00000000a1d00000| PB 0x00000000a1d00000| Untracked |  0
| 542|0x00000000a1e00000, 0x00000000a1e00000, 0x00000000a1f00000|  0%| F|  |TAMS 0x00000000a1e00000| PB 0x00000000a1e00000| Untracked |  0
| 543|0x00000000a1f00000, 0x00000000a1f00000, 0x00000000a2000000|  0%| F|  |TAMS 0x00000000a1f00000| PB 0x00000000a1f00000| Untracked |  0
| 544|0x00000000a2000000, 0x00000000a2000000, 0x00000000a2100000|  0%| F|  |TAMS 0x00000000a2000000| PB 0x00000000a2000000| Untracked |  0
| 545|0x00000000a2100000, 0x00000000a2100000, 0x00000000a2200000|  0%| F|  |TAMS 0x00000000a2100000| PB 0x00000000a2100000| Untracked |  0
| 546|0x00000000a2200000, 0x00000000a2200000, 0x00000000a2300000|  0%| F|  |TAMS 0x00000000a2200000| PB 0x00000000a2200000| Untracked |  0
| 547|0x00000000a2300000, 0x00000000a2300000, 0x00000000a2400000|  0%| F|  |TAMS 0x00000000a2300000| PB 0x00000000a2300000| Untracked |  0
| 548|0x00000000a2400000, 0x00000000a2400000, 0x00000000a2500000|  0%| F|  |TAMS 0x00000000a2400000| PB 0x00000000a2400000| Untracked |  0
| 549|0x00000000a2500000, 0x00000000a2500000, 0x00000000a2600000|  0%| F|  |TAMS 0x00000000a2500000| PB 0x00000000a2500000| Untracked |  0
| 550|0x00000000a2600000, 0x00000000a2600000, 0x00000000a2700000|  0%| F|  |TAMS 0x00000000a2600000| PB 0x00000000a2600000| Untracked |  0
| 551|0x00000000a2700000, 0x00000000a2700000, 0x00000000a2800000|  0%| F|  |TAMS 0x00000000a2700000| PB 0x00000000a2700000| Untracked |  0
| 552|0x00000000a2800000, 0x00000000a2800000, 0x00000000a2900000|  0%| F|  |TAMS 0x00000000a2800000| PB 0x00000000a2800000| Untracked |  0
| 553|0x00000000a2900000, 0x00000000a2900000, 0x00000000a2a00000|  0%| F|  |TAMS 0x00000000a2900000| PB 0x00000000a2900000| Untracked |  0
| 554|0x00000000a2a00000, 0x00000000a2a00000, 0x00000000a2b00000|  0%| F|  |TAMS 0x00000000a2a00000| PB 0x00000000a2a00000| Untracked |  0
| 555|0x00000000a2b00000, 0x00000000a2b00000, 0x00000000a2c00000|  0%| F|  |TAMS 0x00000000a2b00000| PB 0x00000000a2b00000| Untracked |  0
| 556|0x00000000a2c00000, 0x00000000a2c00000, 0x00000000a2d00000|  0%| F|  |TAMS 0x00000000a2c00000| PB 0x00000000a2c00000| Untracked |  0
| 557|0x00000000a2d00000, 0x00000000a2d00000, 0x00000000a2e00000|  0%| F|  |TAMS 0x00000000a2d00000| PB 0x00000000a2d00000| Untracked |  0
| 558|0x00000000a2e00000, 0x00000000a2e00000, 0x00000000a2f00000|  0%| F|  |TAMS 0x00000000a2e00000| PB 0x00000000a2e00000| Untracked |  0
| 559|0x00000000a2f00000, 0x00000000a2f00000, 0x00000000a3000000|  0%| F|  |TAMS 0x00000000a2f00000| PB 0x00000000a2f00000| Untracked |  0
| 560|0x00000000a3000000, 0x00000000a3000000, 0x00000000a3100000|  0%| F|  |TAMS 0x00000000a3000000| PB 0x00000000a3000000| Untracked |  0
| 561|0x00000000a3100000, 0x00000000a3100000, 0x00000000a3200000|  0%| F|  |TAMS 0x00000000a3100000| PB 0x00000000a3100000| Untracked |  0
| 562|0x00000000a3200000, 0x00000000a3200000, 0x00000000a3300000|  0%| F|  |TAMS 0x00000000a3200000| PB 0x00000000a3200000| Untracked |  0
| 563|0x00000000a3300000, 0x00000000a3300000, 0x00000000a3400000|  0%| F|  |TAMS 0x00000000a3300000| PB 0x00000000a3300000| Untracked |  0
| 564|0x00000000a3400000, 0x00000000a3400000, 0x00000000a3500000|  0%| F|  |TAMS 0x00000000a3400000| PB 0x00000000a3400000| Untracked |  0
| 565|0x00000000a3500000, 0x00000000a3500000, 0x00000000a3600000|  0%| F|  |TAMS 0x00000000a3500000| PB 0x00000000a3500000| Untracked |  0
| 566|0x00000000a3600000, 0x00000000a3600000, 0x00000000a3700000|  0%| F|  |TAMS 0x00000000a3600000| PB 0x00000000a3600000| Untracked |  0
| 567|0x00000000a3700000, 0x00000000a3700000, 0x00000000a3800000|  0%| F|  |TAMS 0x00000000a3700000| PB 0x00000000a3700000| Untracked |  0
| 568|0x00000000a3800000, 0x00000000a3800000, 0x00000000a3900000|  0%| F|  |TAMS 0x00000000a3800000| PB 0x00000000a3800000| Untracked |  0
| 569|0x00000000a3900000, 0x00000000a3900000, 0x00000000a3a00000|  0%| F|  |TAMS 0x00000000a3900000| PB 0x00000000a3900000| Untracked |  0
| 570|0x00000000a3a00000, 0x00000000a3a00000, 0x00000000a3b00000|  0%| F|  |TAMS 0x00000000a3a00000| PB 0x00000000a3a00000| Untracked |  0
| 571|0x00000000a3b00000, 0x00000000a3b00000, 0x00000000a3c00000|  0%| F|  |TAMS 0x00000000a3b00000| PB 0x00000000a3b00000| Untracked |  0
| 572|0x00000000a3c00000, 0x00000000a3c00000, 0x00000000a3d00000|  0%| F|  |TAMS 0x00000000a3c00000| PB 0x00000000a3c00000| Untracked |  0
| 573|0x00000000a3d00000, 0x00000000a3d00000, 0x00000000a3e00000|  0%| F|  |TAMS 0x00000000a3d00000| PB 0x00000000a3d00000| Untracked |  0
| 574|0x00000000a3e00000, 0x00000000a3e00000, 0x00000000a3f00000|  0%| F|  |TAMS 0x00000000a3e00000| PB 0x00000000a3e00000| Untracked |  0
| 575|0x00000000a3f00000, 0x00000000a3f00000, 0x00000000a4000000|  0%| F|  |TAMS 0x00000000a3f00000| PB 0x00000000a3f00000| Untracked |  0
| 576|0x00000000a4000000, 0x00000000a4000000, 0x00000000a4100000|  0%| F|  |TAMS 0x00000000a4000000| PB 0x00000000a4000000| Untracked |  0
| 577|0x00000000a4100000, 0x00000000a4100000, 0x00000000a4200000|  0%| F|  |TAMS 0x00000000a4100000| PB 0x00000000a4100000| Untracked |  0
| 578|0x00000000a4200000, 0x00000000a4200000, 0x00000000a4300000|  0%| F|  |TAMS 0x00000000a4200000| PB 0x00000000a4200000| Untracked |  0
| 579|0x00000000a4300000, 0x00000000a4300000, 0x00000000a4400000|  0%| F|  |TAMS 0x00000000a4300000| PB 0x00000000a4300000| Untracked |  0
| 580|0x00000000a4400000, 0x00000000a4400000, 0x00000000a4500000|  0%| F|  |TAMS 0x00000000a4400000| PB 0x00000000a4400000| Untracked |  0
| 581|0x00000000a4500000, 0x00000000a4500000, 0x00000000a4600000|  0%| F|  |TAMS 0x00000000a4500000| PB 0x00000000a4500000| Untracked |  0
| 582|0x00000000a4600000, 0x00000000a4600000, 0x00000000a4700000|  0%| F|  |TAMS 0x00000000a4600000| PB 0x00000000a4600000| Untracked |  0
| 583|0x00000000a4700000, 0x00000000a4700000, 0x00000000a4800000|  0%| F|  |TAMS 0x00000000a4700000| PB 0x00000000a4700000| Untracked |  0
| 584|0x00000000a4800000, 0x00000000a4800000, 0x00000000a4900000|  0%| F|  |TAMS 0x00000000a4800000| PB 0x00000000a4800000| Untracked |  0
| 585|0x00000000a4900000, 0x00000000a4900000, 0x00000000a4a00000|  0%| F|  |TAMS 0x00000000a4900000| PB 0x00000000a4900000| Untracked |  0
| 586|0x00000000a4a00000, 0x00000000a4a00000, 0x00000000a4b00000|  0%| F|  |TAMS 0x00000000a4a00000| PB 0x00000000a4a00000| Untracked |  0
| 587|0x00000000a4b00000, 0x00000000a4b00000, 0x00000000a4c00000|  0%| F|  |TAMS 0x00000000a4b00000| PB 0x00000000a4b00000| Untracked |  0
| 588|0x00000000a4c00000, 0x00000000a4c00000, 0x00000000a4d00000|  0%| F|  |TAMS 0x00000000a4c00000| PB 0x00000000a4c00000| Untracked |  0
| 589|0x00000000a4d00000, 0x00000000a4d00000, 0x00000000a4e00000|  0%| F|  |TAMS 0x00000000a4d00000| PB 0x00000000a4d00000| Untracked |  0
| 590|0x00000000a4e00000, 0x00000000a4e00000, 0x00000000a4f00000|  0%| F|  |TAMS 0x00000000a4e00000| PB 0x00000000a4e00000| Untracked |  0
| 591|0x00000000a4f00000, 0x00000000a4f00000, 0x00000000a5000000|  0%| F|  |TAMS 0x00000000a4f00000| PB 0x00000000a4f00000| Untracked |  0
| 592|0x00000000a5000000, 0x00000000a5000000, 0x00000000a5100000|  0%| F|  |TAMS 0x00000000a5000000| PB 0x00000000a5000000| Untracked |  0
| 593|0x00000000a5100000, 0x00000000a5100000, 0x00000000a5200000|  0%| F|  |TAMS 0x00000000a5100000| PB 0x00000000a5100000| Untracked |  0
| 594|0x00000000a5200000, 0x00000000a5200000, 0x00000000a5300000|  0%| F|  |TAMS 0x00000000a5200000| PB 0x00000000a5200000| Untracked |  0
| 595|0x00000000a5300000, 0x00000000a5300000, 0x00000000a5400000|  0%| F|  |TAMS 0x00000000a5300000| PB 0x00000000a5300000| Untracked |  0
| 596|0x00000000a5400000, 0x00000000a5400000, 0x00000000a5500000|  0%| F|  |TAMS 0x00000000a5400000| PB 0x00000000a5400000| Untracked |  0
| 597|0x00000000a5500000, 0x00000000a5500000, 0x00000000a5600000|  0%| F|  |TAMS 0x00000000a5500000| PB 0x00000000a5500000| Untracked |  0
| 598|0x00000000a5600000, 0x00000000a5600000, 0x00000000a5700000|  0%| F|  |TAMS 0x00000000a5600000| PB 0x00000000a5600000| Untracked |  0
| 599|0x00000000a5700000, 0x00000000a5700000, 0x00000000a5800000|  0%| F|  |TAMS 0x00000000a5700000| PB 0x00000000a5700000| Untracked |  0
| 600|0x00000000a5800000, 0x00000000a5800000, 0x00000000a5900000|  0%| F|  |TAMS 0x00000000a5800000| PB 0x00000000a5800000| Untracked |  0
| 601|0x00000000a5900000, 0x00000000a5900000, 0x00000000a5a00000|  0%| F|  |TAMS 0x00000000a5900000| PB 0x00000000a5900000| Untracked |  0
| 602|0x00000000a5a00000, 0x00000000a5a00000, 0x00000000a5b00000|  0%| F|  |TAMS 0x00000000a5a00000| PB 0x00000000a5a00000| Untracked |  0
| 603|0x00000000a5b00000, 0x00000000a5b00000, 0x00000000a5c00000|  0%| F|  |TAMS 0x00000000a5b00000| PB 0x00000000a5b00000| Untracked |  0
| 604|0x00000000a5c00000, 0x00000000a5c00000, 0x00000000a5d00000|  0%| F|  |TAMS 0x00000000a5c00000| PB 0x00000000a5c00000| Untracked |  0
| 605|0x00000000a5d00000, 0x00000000a5d00000, 0x00000000a5e00000|  0%| F|  |TAMS 0x00000000a5d00000| PB 0x00000000a5d00000| Untracked |  0
| 606|0x00000000a5e00000, 0x00000000a5e00000, 0x00000000a5f00000|  0%| F|  |TAMS 0x00000000a5e00000| PB 0x00000000a5e00000| Untracked |  0
| 607|0x00000000a5f00000, 0x00000000a5f00000, 0x00000000a6000000|  0%| F|  |TAMS 0x00000000a5f00000| PB 0x00000000a5f00000| Untracked |  0
| 608|0x00000000a6000000, 0x00000000a6000000, 0x00000000a6100000|  0%| F|  |TAMS 0x00000000a6000000| PB 0x00000000a6000000| Untracked |  0
| 609|0x00000000a6100000, 0x00000000a6100000, 0x00000000a6200000|  0%| F|  |TAMS 0x00000000a6100000| PB 0x00000000a6100000| Untracked |  0
| 610|0x00000000a6200000, 0x00000000a6200000, 0x00000000a6300000|  0%| F|  |TAMS 0x00000000a6200000| PB 0x00000000a6200000| Untracked |  0
| 611|0x00000000a6300000, 0x00000000a6300000, 0x00000000a6400000|  0%| F|  |TAMS 0x00000000a6300000| PB 0x00000000a6300000| Untracked |  0
| 612|0x00000000a6400000, 0x00000000a6400000, 0x00000000a6500000|  0%| F|  |TAMS 0x00000000a6400000| PB 0x00000000a6400000| Untracked |  0
| 613|0x00000000a6500000, 0x00000000a6500000, 0x00000000a6600000|  0%| F|  |TAMS 0x00000000a6500000| PB 0x00000000a6500000| Untracked |  0
| 614|0x00000000a6600000, 0x00000000a6600000, 0x00000000a6700000|  0%| F|  |TAMS 0x00000000a6600000| PB 0x00000000a6600000| Untracked |  0
| 615|0x00000000a6700000, 0x00000000a6700000, 0x00000000a6800000|  0%| F|  |TAMS 0x00000000a6700000| PB 0x00000000a6700000| Untracked |  0
| 616|0x00000000a6800000, 0x00000000a6800000, 0x00000000a6900000|  0%| F|  |TAMS 0x00000000a6800000| PB 0x00000000a6800000| Untracked |  0
| 617|0x00000000a6900000, 0x00000000a6900000, 0x00000000a6a00000|  0%| F|  |TAMS 0x00000000a6900000| PB 0x00000000a6900000| Untracked |  0
| 618|0x00000000a6a00000, 0x00000000a6a00000, 0x00000000a6b00000|  0%| F|  |TAMS 0x00000000a6a00000| PB 0x00000000a6a00000| Untracked |  0
| 619|0x00000000a6b00000, 0x00000000a6b00000, 0x00000000a6c00000|  0%| F|  |TAMS 0x00000000a6b00000| PB 0x00000000a6b00000| Untracked |  0
| 620|0x00000000a6c00000, 0x00000000a6c00000, 0x00000000a6d00000|  0%| F|  |TAMS 0x00000000a6c00000| PB 0x00000000a6c00000| Untracked |  0
| 621|0x00000000a6d00000, 0x00000000a6d00000, 0x00000000a6e00000|  0%| F|  |TAMS 0x00000000a6d00000| PB 0x00000000a6d00000| Untracked |  0
| 622|0x00000000a6e00000, 0x00000000a6e00000, 0x00000000a6f00000|  0%| F|  |TAMS 0x00000000a6e00000| PB 0x00000000a6e00000| Untracked |  0
| 623|0x00000000a6f00000, 0x00000000a6f00000, 0x00000000a7000000|  0%| F|  |TAMS 0x00000000a6f00000| PB 0x00000000a6f00000| Untracked |  0
| 624|0x00000000a7000000, 0x00000000a7000000, 0x00000000a7100000|  0%| F|  |TAMS 0x00000000a7000000| PB 0x00000000a7000000| Untracked |  0
| 625|0x00000000a7100000, 0x00000000a7100000, 0x00000000a7200000|  0%| F|  |TAMS 0x00000000a7100000| PB 0x00000000a7100000| Untracked |  0
| 626|0x00000000a7200000, 0x00000000a7200000, 0x00000000a7300000|  0%| F|  |TAMS 0x00000000a7200000| PB 0x00000000a7200000| Untracked |  0
| 627|0x00000000a7300000, 0x00000000a7300000, 0x00000000a7400000|  0%| F|  |TAMS 0x00000000a7300000| PB 0x00000000a7300000| Untracked |  0
| 628|0x00000000a7400000, 0x00000000a7400000, 0x00000000a7500000|  0%| F|  |TAMS 0x00000000a7400000| PB 0x00000000a7400000| Untracked |  0
| 629|0x00000000a7500000, 0x00000000a7500000, 0x00000000a7600000|  0%| F|  |TAMS 0x00000000a7500000| PB 0x00000000a7500000| Untracked |  0
| 630|0x00000000a7600000, 0x00000000a7600000, 0x00000000a7700000|  0%| F|  |TAMS 0x00000000a7600000| PB 0x00000000a7600000| Untracked |  0
| 631|0x00000000a7700000, 0x00000000a7700000, 0x00000000a7800000|  0%| F|  |TAMS 0x00000000a7700000| PB 0x00000000a7700000| Untracked |  0
| 632|0x00000000a7800000, 0x00000000a7800000, 0x00000000a7900000|  0%| F|  |TAMS 0x00000000a7800000| PB 0x00000000a7800000| Untracked |  0
| 633|0x00000000a7900000, 0x00000000a7900000, 0x00000000a7a00000|  0%| F|  |TAMS 0x00000000a7900000| PB 0x00000000a7900000| Untracked |  0
| 634|0x00000000a7a00000, 0x00000000a7a00000, 0x00000000a7b00000|  0%| F|  |TAMS 0x00000000a7a00000| PB 0x00000000a7a00000| Untracked |  0
| 635|0x00000000a7b00000, 0x00000000a7b00000, 0x00000000a7c00000|  0%| F|  |TAMS 0x00000000a7b00000| PB 0x00000000a7b00000| Untracked |  0
| 636|0x00000000a7c00000, 0x00000000a7c00000, 0x00000000a7d00000|  0%| F|  |TAMS 0x00000000a7c00000| PB 0x00000000a7c00000| Untracked |  0
| 637|0x00000000a7d00000, 0x00000000a7d00000, 0x00000000a7e00000|  0%| F|  |TAMS 0x00000000a7d00000| PB 0x00000000a7d00000| Untracked |  0
| 638|0x00000000a7e00000, 0x00000000a7e00000, 0x00000000a7f00000|  0%| F|  |TAMS 0x00000000a7e00000| PB 0x00000000a7e00000| Untracked |  0
| 639|0x00000000a7f00000, 0x00000000a7f00000, 0x00000000a8000000|  0%| F|  |TAMS 0x00000000a7f00000| PB 0x00000000a7f00000| Untracked |  0
| 640|0x00000000a8000000, 0x00000000a8000000, 0x00000000a8100000|  0%| F|  |TAMS 0x00000000a8000000| PB 0x00000000a8000000| Untracked |  0
| 641|0x00000000a8100000, 0x00000000a8100000, 0x00000000a8200000|  0%| F|  |TAMS 0x00000000a8100000| PB 0x00000000a8100000| Untracked |  0
| 642|0x00000000a8200000, 0x00000000a8200000, 0x00000000a8300000|  0%| F|  |TAMS 0x00000000a8200000| PB 0x00000000a8200000| Untracked |  0
| 643|0x00000000a8300000, 0x00000000a8300000, 0x00000000a8400000|  0%| F|  |TAMS 0x00000000a8300000| PB 0x00000000a8300000| Untracked |  0
| 644|0x00000000a8400000, 0x00000000a8400000, 0x00000000a8500000|  0%| F|  |TAMS 0x00000000a8400000| PB 0x00000000a8400000| Untracked |  0
| 645|0x00000000a8500000, 0x00000000a8500000, 0x00000000a8600000|  0%| F|  |TAMS 0x00000000a8500000| PB 0x00000000a8500000| Untracked |  0
| 646|0x00000000a8600000, 0x00000000a8600000, 0x00000000a8700000|  0%| F|  |TAMS 0x00000000a8600000| PB 0x00000000a8600000| Untracked |  0
| 647|0x00000000a8700000, 0x00000000a8700000, 0x00000000a8800000|  0%| F|  |TAMS 0x00000000a8700000| PB 0x00000000a8700000| Untracked |  0
| 648|0x00000000a8800000, 0x00000000a8800000, 0x00000000a8900000|  0%| F|  |TAMS 0x00000000a8800000| PB 0x00000000a8800000| Untracked |  0
| 649|0x00000000a8900000, 0x00000000a8900000, 0x00000000a8a00000|  0%| F|  |TAMS 0x00000000a8900000| PB 0x00000000a8900000| Untracked |  0
| 650|0x00000000a8a00000, 0x00000000a8a00000, 0x00000000a8b00000|  0%| F|  |TAMS 0x00000000a8a00000| PB 0x00000000a8a00000| Untracked |  0
| 651|0x00000000a8b00000, 0x00000000a8b00000, 0x00000000a8c00000|  0%| F|  |TAMS 0x00000000a8b00000| PB 0x00000000a8b00000| Untracked |  0
| 652|0x00000000a8c00000, 0x00000000a8c00000, 0x00000000a8d00000|  0%| F|  |TAMS 0x00000000a8c00000| PB 0x00000000a8c00000| Untracked |  0
| 653|0x00000000a8d00000, 0x00000000a8d00000, 0x00000000a8e00000|  0%| F|  |TAMS 0x00000000a8d00000| PB 0x00000000a8d00000| Untracked |  0
| 654|0x00000000a8e00000, 0x00000000a8e00000, 0x00000000a8f00000|  0%| F|  |TAMS 0x00000000a8e00000| PB 0x00000000a8e00000| Untracked |  0
| 655|0x00000000a8f00000, 0x00000000a8f00000, 0x00000000a9000000|  0%| F|  |TAMS 0x00000000a8f00000| PB 0x00000000a8f00000| Untracked |  0
| 656|0x00000000a9000000, 0x00000000a9000000, 0x00000000a9100000|  0%| F|  |TAMS 0x00000000a9000000| PB 0x00000000a9000000| Untracked |  0
| 657|0x00000000a9100000, 0x00000000a9100000, 0x00000000a9200000|  0%| F|  |TAMS 0x00000000a9100000| PB 0x00000000a9100000| Untracked |  0
| 658|0x00000000a9200000, 0x00000000a9200000, 0x00000000a9300000|  0%| F|  |TAMS 0x00000000a9200000| PB 0x00000000a9200000| Untracked |  0
| 659|0x00000000a9300000, 0x00000000a9300000, 0x00000000a9400000|  0%| F|  |TAMS 0x00000000a9300000| PB 0x00000000a9300000| Untracked |  0
| 660|0x00000000a9400000, 0x00000000a9400000, 0x00000000a9500000|  0%| F|  |TAMS 0x00000000a9400000| PB 0x00000000a9400000| Untracked |  0
| 661|0x00000000a9500000, 0x00000000a9500000, 0x00000000a9600000|  0%| F|  |TAMS 0x00000000a9500000| PB 0x00000000a9500000| Untracked |  0
| 662|0x00000000a9600000, 0x00000000a9600000, 0x00000000a9700000|  0%| F|  |TAMS 0x00000000a9600000| PB 0x00000000a9600000| Untracked |  0
| 663|0x00000000a9700000, 0x00000000a9700000, 0x00000000a9800000|  0%| F|  |TAMS 0x00000000a9700000| PB 0x00000000a9700000| Untracked |  0
| 664|0x00000000a9800000, 0x00000000a9800000, 0x00000000a9900000|  0%| F|  |TAMS 0x00000000a9800000| PB 0x00000000a9800000| Untracked |  0
| 665|0x00000000a9900000, 0x00000000a9900000, 0x00000000a9a00000|  0%| F|  |TAMS 0x00000000a9900000| PB 0x00000000a9900000| Untracked |  0
| 666|0x00000000a9a00000, 0x00000000a9a00000, 0x00000000a9b00000|  0%| F|  |TAMS 0x00000000a9a00000| PB 0x00000000a9a00000| Untracked |  0
| 667|0x00000000a9b00000, 0x00000000a9b00000, 0x00000000a9c00000|  0%| F|  |TAMS 0x00000000a9b00000| PB 0x00000000a9b00000| Untracked |  0
| 668|0x00000000a9c00000, 0x00000000a9c00000, 0x00000000a9d00000|  0%| F|  |TAMS 0x00000000a9c00000| PB 0x00000000a9c00000| Untracked |  0
| 669|0x00000000a9d00000, 0x00000000a9d00000, 0x00000000a9e00000|  0%| F|  |TAMS 0x00000000a9d00000| PB 0x00000000a9d00000| Untracked |  0
| 670|0x00000000a9e00000, 0x00000000a9e00000, 0x00000000a9f00000|  0%| F|  |TAMS 0x00000000a9e00000| PB 0x00000000a9e00000| Untracked |  0
| 671|0x00000000a9f00000, 0x00000000a9f00000, 0x00000000aa000000|  0%| F|  |TAMS 0x00000000a9f00000| PB 0x00000000a9f00000| Untracked |  0
| 672|0x00000000aa000000, 0x00000000aa000000, 0x00000000aa100000|  0%| F|  |TAMS 0x00000000aa000000| PB 0x00000000aa000000| Untracked |  0
| 673|0x00000000aa100000, 0x00000000aa100000, 0x00000000aa200000|  0%| F|  |TAMS 0x00000000aa100000| PB 0x00000000aa100000| Untracked |  0
| 674|0x00000000aa200000, 0x00000000aa200000, 0x00000000aa300000|  0%| F|  |TAMS 0x00000000aa200000| PB 0x00000000aa200000| Untracked |  0
| 675|0x00000000aa300000, 0x00000000aa300000, 0x00000000aa400000|  0%| F|  |TAMS 0x00000000aa300000| PB 0x00000000aa300000| Untracked |  0
| 676|0x00000000aa400000, 0x00000000aa400000, 0x00000000aa500000|  0%| F|  |TAMS 0x00000000aa400000| PB 0x00000000aa400000| Untracked |  0
| 677|0x00000000aa500000, 0x00000000aa500000, 0x00000000aa600000|  0%| F|  |TAMS 0x00000000aa500000| PB 0x00000000aa500000| Untracked |  0
| 678|0x00000000aa600000, 0x00000000aa600000, 0x00000000aa700000|  0%| F|  |TAMS 0x00000000aa600000| PB 0x00000000aa600000| Untracked |  0
| 679|0x00000000aa700000, 0x00000000aa700000, 0x00000000aa800000|  0%| F|  |TAMS 0x00000000aa700000| PB 0x00000000aa700000| Untracked |  0
| 680|0x00000000aa800000, 0x00000000aa800000, 0x00000000aa900000|  0%| F|  |TAMS 0x00000000aa800000| PB 0x00000000aa800000| Untracked |  0
| 681|0x00000000aa900000, 0x00000000aa900000, 0x00000000aaa00000|  0%| F|  |TAMS 0x00000000aa900000| PB 0x00000000aa900000| Untracked |  0
| 682|0x00000000aaa00000, 0x00000000aaa00000, 0x00000000aab00000|  0%| F|  |TAMS 0x00000000aaa00000| PB 0x00000000aaa00000| Untracked |  0
| 683|0x00000000aab00000, 0x00000000aab00000, 0x00000000aac00000|  0%| F|  |TAMS 0x00000000aab00000| PB 0x00000000aab00000| Untracked |  0
| 684|0x00000000aac00000, 0x00000000aac00000, 0x00000000aad00000|  0%| F|  |TAMS 0x00000000aac00000| PB 0x00000000aac00000| Untracked |  0
| 685|0x00000000aad00000, 0x00000000aad00000, 0x00000000aae00000|  0%| F|  |TAMS 0x00000000aad00000| PB 0x00000000aad00000| Untracked |  0
| 686|0x00000000aae00000, 0x00000000aae00000, 0x00000000aaf00000|  0%| F|  |TAMS 0x00000000aae00000| PB 0x00000000aae00000| Untracked |  0
| 687|0x00000000aaf00000, 0x00000000aaf00000, 0x00000000ab000000|  0%| F|  |TAMS 0x00000000aaf00000| PB 0x00000000aaf00000| Untracked |  0
| 688|0x00000000ab000000, 0x00000000ab000000, 0x00000000ab100000|  0%| F|  |TAMS 0x00000000ab000000| PB 0x00000000ab000000| Untracked |  0
| 689|0x00000000ab100000, 0x00000000ab100000, 0x00000000ab200000|  0%| F|  |TAMS 0x00000000ab100000| PB 0x00000000ab100000| Untracked |  0
| 690|0x00000000ab200000, 0x00000000ab200000, 0x00000000ab300000|  0%| F|  |TAMS 0x00000000ab200000| PB 0x00000000ab200000| Untracked |  0
| 691|0x00000000ab300000, 0x00000000ab300000, 0x00000000ab400000|  0%| F|  |TAMS 0x00000000ab300000| PB 0x00000000ab300000| Untracked |  0
| 692|0x00000000ab400000, 0x00000000ab400000, 0x00000000ab500000|  0%| F|  |TAMS 0x00000000ab400000| PB 0x00000000ab400000| Untracked |  0
| 693|0x00000000ab500000, 0x00000000ab500000, 0x00000000ab600000|  0%| F|  |TAMS 0x00000000ab500000| PB 0x00000000ab500000| Untracked |  0
| 694|0x00000000ab600000, 0x00000000ab600000, 0x00000000ab700000|  0%| F|  |TAMS 0x00000000ab600000| PB 0x00000000ab600000| Untracked |  0
| 695|0x00000000ab700000, 0x00000000ab700000, 0x00000000ab800000|  0%| F|  |TAMS 0x00000000ab700000| PB 0x00000000ab700000| Untracked |  0
| 696|0x00000000ab800000, 0x00000000ab800000, 0x00000000ab900000|  0%| F|  |TAMS 0x00000000ab800000| PB 0x00000000ab800000| Untracked |  0
| 697|0x00000000ab900000, 0x00000000ab900000, 0x00000000aba00000|  0%| F|  |TAMS 0x00000000ab900000| PB 0x00000000ab900000| Untracked |  0
| 698|0x00000000aba00000, 0x00000000aba00000, 0x00000000abb00000|  0%| F|  |TAMS 0x00000000aba00000| PB 0x00000000aba00000| Untracked |  0
| 699|0x00000000abb00000, 0x00000000abb00000, 0x00000000abc00000|  0%| F|  |TAMS 0x00000000abb00000| PB 0x00000000abb00000| Untracked |  0
| 700|0x00000000abc00000, 0x00000000abc00000, 0x00000000abd00000|  0%| F|  |TAMS 0x00000000abc00000| PB 0x00000000abc00000| Untracked |  0
| 701|0x00000000abd00000, 0x00000000abd00000, 0x00000000abe00000|  0%| F|  |TAMS 0x00000000abd00000| PB 0x00000000abd00000| Untracked |  0
| 702|0x00000000abe00000, 0x00000000abe00000, 0x00000000abf00000|  0%| F|  |TAMS 0x00000000abe00000| PB 0x00000000abe00000| Untracked |  0
| 703|0x00000000abf00000, 0x00000000abf00000, 0x00000000ac000000|  0%| F|  |TAMS 0x00000000abf00000| PB 0x00000000abf00000| Untracked |  0
| 704|0x00000000ac000000, 0x00000000ac000000, 0x00000000ac100000|  0%| F|  |TAMS 0x00000000ac000000| PB 0x00000000ac000000| Untracked |  0
| 705|0x00000000ac100000, 0x00000000ac100000, 0x00000000ac200000|  0%| F|  |TAMS 0x00000000ac100000| PB 0x00000000ac100000| Untracked |  0
| 706|0x00000000ac200000, 0x00000000ac200000, 0x00000000ac300000|  0%| F|  |TAMS 0x00000000ac200000| PB 0x00000000ac200000| Untracked |  0
| 707|0x00000000ac300000, 0x00000000ac300000, 0x00000000ac400000|  0%| F|  |TAMS 0x00000000ac300000| PB 0x00000000ac300000| Untracked |  0
| 708|0x00000000ac400000, 0x00000000ac400000, 0x00000000ac500000|  0%| F|  |TAMS 0x00000000ac400000| PB 0x00000000ac400000| Untracked |  0
| 709|0x00000000ac500000, 0x00000000ac500000, 0x00000000ac600000|  0%| F|  |TAMS 0x00000000ac500000| PB 0x00000000ac500000| Untracked |  0
| 710|0x00000000ac600000, 0x00000000ac600000, 0x00000000ac700000|  0%| F|  |TAMS 0x00000000ac600000| PB 0x00000000ac600000| Untracked |  0
| 711|0x00000000ac700000, 0x00000000ac700000, 0x00000000ac800000|  0%| F|  |TAMS 0x00000000ac700000| PB 0x00000000ac700000| Untracked |  0
| 712|0x00000000ac800000, 0x00000000ac800000, 0x00000000ac900000|  0%| F|  |TAMS 0x00000000ac800000| PB 0x00000000ac800000| Untracked |  0
| 713|0x00000000ac900000, 0x00000000ac900000, 0x00000000aca00000|  0%| F|  |TAMS 0x00000000ac900000| PB 0x00000000ac900000| Untracked |  0
| 714|0x00000000aca00000, 0x00000000aca00000, 0x00000000acb00000|  0%| F|  |TAMS 0x00000000aca00000| PB 0x00000000aca00000| Untracked |  0
| 715|0x00000000acb00000, 0x00000000acb00000, 0x00000000acc00000|  0%| F|  |TAMS 0x00000000acb00000| PB 0x00000000acb00000| Untracked |  0
| 716|0x00000000acc00000, 0x00000000acc00000, 0x00000000acd00000|  0%| F|  |TAMS 0x00000000acc00000| PB 0x00000000acc00000| Untracked |  0
| 717|0x00000000acd00000, 0x00000000acd00000, 0x00000000ace00000|  0%| F|  |TAMS 0x00000000acd00000| PB 0x00000000acd00000| Untracked |  0
| 718|0x00000000ace00000, 0x00000000ace00000, 0x00000000acf00000|  0%| F|  |TAMS 0x00000000ace00000| PB 0x00000000ace00000| Untracked |  0
| 719|0x00000000acf00000, 0x00000000acf00000, 0x00000000ad000000|  0%| F|  |TAMS 0x00000000acf00000| PB 0x00000000acf00000| Untracked |  0
| 720|0x00000000ad000000, 0x00000000ad000000, 0x00000000ad100000|  0%| F|  |TAMS 0x00000000ad000000| PB 0x00000000ad000000| Untracked |  0
| 721|0x00000000ad100000, 0x00000000ad100000, 0x00000000ad200000|  0%| F|  |TAMS 0x00000000ad100000| PB 0x00000000ad100000| Untracked |  0
| 722|0x00000000ad200000, 0x00000000ad200000, 0x00000000ad300000|  0%| F|  |TAMS 0x00000000ad200000| PB 0x00000000ad200000| Untracked |  0
| 723|0x00000000ad300000, 0x00000000ad300000, 0x00000000ad400000|  0%| F|  |TAMS 0x00000000ad300000| PB 0x00000000ad300000| Untracked |  0
| 724|0x00000000ad400000, 0x00000000ad400000, 0x00000000ad500000|  0%| F|  |TAMS 0x00000000ad400000| PB 0x00000000ad400000| Untracked |  0
| 725|0x00000000ad500000, 0x00000000ad500000, 0x00000000ad600000|  0%| F|  |TAMS 0x00000000ad500000| PB 0x00000000ad500000| Untracked |  0
| 726|0x00000000ad600000, 0x00000000ad600000, 0x00000000ad700000|  0%| F|  |TAMS 0x00000000ad600000| PB 0x00000000ad600000| Untracked |  0
| 727|0x00000000ad700000, 0x00000000ad700000, 0x00000000ad800000|  0%| F|  |TAMS 0x00000000ad700000| PB 0x00000000ad700000| Untracked |  0
| 728|0x00000000ad800000, 0x00000000ad800000, 0x00000000ad900000|  0%| F|  |TAMS 0x00000000ad800000| PB 0x00000000ad800000| Untracked |  0
| 729|0x00000000ad900000, 0x00000000ad900000, 0x00000000ada00000|  0%| F|  |TAMS 0x00000000ad900000| PB 0x00000000ad900000| Untracked |  0
| 730|0x00000000ada00000, 0x00000000ada00000, 0x00000000adb00000|  0%| F|  |TAMS 0x00000000ada00000| PB 0x00000000ada00000| Untracked |  0
| 731|0x00000000adb00000, 0x00000000adb00000, 0x00000000adc00000|  0%| F|  |TAMS 0x00000000adb00000| PB 0x00000000adb00000| Untracked |  0
| 732|0x00000000adc00000, 0x00000000adc00000, 0x00000000add00000|  0%| F|  |TAMS 0x00000000adc00000| PB 0x00000000adc00000| Untracked |  0
| 733|0x00000000add00000, 0x00000000add00000, 0x00000000ade00000|  0%| F|  |TAMS 0x00000000add00000| PB 0x00000000add00000| Untracked |  0
| 734|0x00000000ade00000, 0x00000000ade00000, 0x00000000adf00000|  0%| F|  |TAMS 0x00000000ade00000| PB 0x00000000ade00000| Untracked |  0
| 735|0x00000000adf00000, 0x00000000adf00000, 0x00000000ae000000|  0%| F|  |TAMS 0x00000000adf00000| PB 0x00000000adf00000| Untracked |  0
| 736|0x00000000ae000000, 0x00000000ae000000, 0x00000000ae100000|  0%| F|  |TAMS 0x00000000ae000000| PB 0x00000000ae000000| Untracked |  0
| 737|0x00000000ae100000, 0x00000000ae100000, 0x00000000ae200000|  0%| F|  |TAMS 0x00000000ae100000| PB 0x00000000ae100000| Untracked |  0
| 738|0x00000000ae200000, 0x00000000ae200000, 0x00000000ae300000|  0%| F|  |TAMS 0x00000000ae200000| PB 0x00000000ae200000| Untracked |  0
| 739|0x00000000ae300000, 0x00000000ae300000, 0x00000000ae400000|  0%| F|  |TAMS 0x00000000ae300000| PB 0x00000000ae300000| Untracked |  0
| 740|0x00000000ae400000, 0x00000000ae400000, 0x00000000ae500000|  0%| F|  |TAMS 0x00000000ae400000| PB 0x00000000ae400000| Untracked |  0
| 741|0x00000000ae500000, 0x00000000ae500000, 0x00000000ae600000|  0%| F|  |TAMS 0x00000000ae500000| PB 0x00000000ae500000| Untracked |  0
| 742|0x00000000ae600000, 0x00000000ae600000, 0x00000000ae700000|  0%| F|  |TAMS 0x00000000ae600000| PB 0x00000000ae600000| Untracked |  0
| 743|0x00000000ae700000, 0x00000000ae700000, 0x00000000ae800000|  0%| F|  |TAMS 0x00000000ae700000| PB 0x00000000ae700000| Untracked |  0
| 744|0x00000000ae800000, 0x00000000ae800000, 0x00000000ae900000|  0%| F|  |TAMS 0x00000000ae800000| PB 0x00000000ae800000| Untracked |  0
| 745|0x00000000ae900000, 0x00000000ae900000, 0x00000000aea00000|  0%| F|  |TAMS 0x00000000ae900000| PB 0x00000000ae900000| Untracked |  0
| 746|0x00000000aea00000, 0x00000000aea00000, 0x00000000aeb00000|  0%| F|  |TAMS 0x00000000aea00000| PB 0x00000000aea00000| Untracked |  0
| 747|0x00000000aeb00000, 0x00000000aeb00000, 0x00000000aec00000|  0%| F|  |TAMS 0x00000000aeb00000| PB 0x00000000aeb00000| Untracked |  0
| 748|0x00000000aec00000, 0x00000000aec00000, 0x00000000aed00000|  0%| F|  |TAMS 0x00000000aec00000| PB 0x00000000aec00000| Untracked |  0
| 749|0x00000000aed00000, 0x00000000aed00000, 0x00000000aee00000|  0%| F|  |TAMS 0x00000000aed00000| PB 0x00000000aed00000| Untracked |  0
| 750|0x00000000aee00000, 0x00000000aee00000, 0x00000000aef00000|  0%| F|  |TAMS 0x00000000aee00000| PB 0x00000000aee00000| Untracked |  0
| 751|0x00000000aef00000, 0x00000000aef00000, 0x00000000af000000|  0%| F|  |TAMS 0x00000000aef00000| PB 0x00000000aef00000| Untracked |  0
| 752|0x00000000af000000, 0x00000000af000000, 0x00000000af100000|  0%| F|  |TAMS 0x00000000af000000| PB 0x00000000af000000| Untracked |  0
| 753|0x00000000af100000, 0x00000000af100000, 0x00000000af200000|  0%| F|  |TAMS 0x00000000af100000| PB 0x00000000af100000| Untracked |  0
| 754|0x00000000af200000, 0x00000000af200000, 0x00000000af300000|  0%| F|  |TAMS 0x00000000af200000| PB 0x00000000af200000| Untracked |  0
| 755|0x00000000af300000, 0x00000000af300000, 0x00000000af400000|  0%| F|  |TAMS 0x00000000af300000| PB 0x00000000af300000| Untracked |  0
| 756|0x00000000af400000, 0x00000000af400000, 0x00000000af500000|  0%| F|  |TAMS 0x00000000af400000| PB 0x00000000af400000| Untracked |  0
| 757|0x00000000af500000, 0x00000000af500000, 0x00000000af600000|  0%| F|  |TAMS 0x00000000af500000| PB 0x00000000af500000| Untracked |  0
| 758|0x00000000af600000, 0x00000000af600000, 0x00000000af700000|  0%| F|  |TAMS 0x00000000af600000| PB 0x00000000af600000| Untracked |  0
| 759|0x00000000af700000, 0x00000000af700000, 0x00000000af800000|  0%| F|  |TAMS 0x00000000af700000| PB 0x00000000af700000| Untracked |  0
| 760|0x00000000af800000, 0x00000000af800000, 0x00000000af900000|  0%| F|  |TAMS 0x00000000af800000| PB 0x00000000af800000| Untracked |  0
| 761|0x00000000af900000, 0x00000000af900000, 0x00000000afa00000|  0%| F|  |TAMS 0x00000000af900000| PB 0x00000000af900000| Untracked |  0
| 762|0x00000000afa00000, 0x00000000afa00000, 0x00000000afb00000|  0%| F|  |TAMS 0x00000000afa00000| PB 0x00000000afa00000| Untracked |  0
| 763|0x00000000afb00000, 0x00000000afb00000, 0x00000000afc00000|  0%| F|  |TAMS 0x00000000afb00000| PB 0x00000000afb00000| Untracked |  0
| 764|0x00000000afc00000, 0x00000000afc00000, 0x00000000afd00000|  0%| F|  |TAMS 0x00000000afc00000| PB 0x00000000afc00000| Untracked |  0
| 765|0x00000000afd00000, 0x00000000afd00000, 0x00000000afe00000|  0%| F|  |TAMS 0x00000000afd00000| PB 0x00000000afd00000| Untracked |  0
| 766|0x00000000afe00000, 0x00000000afe00000, 0x00000000aff00000|  0%| F|  |TAMS 0x00000000afe00000| PB 0x00000000afe00000| Untracked |  0
| 767|0x00000000aff00000, 0x00000000aff00000, 0x00000000b0000000|  0%| F|  |TAMS 0x00000000aff00000| PB 0x00000000aff00000| Untracked |  0
| 768|0x00000000b0000000, 0x00000000b0000000, 0x00000000b0100000|  0%| F|  |TAMS 0x00000000b0000000| PB 0x00000000b0000000| Untracked |  0
| 769|0x00000000b0100000, 0x00000000b0100000, 0x00000000b0200000|  0%| F|  |TAMS 0x00000000b0100000| PB 0x00000000b0100000| Untracked |  0
| 770|0x00000000b0200000, 0x00000000b0200000, 0x00000000b0300000|  0%| F|  |TAMS 0x00000000b0200000| PB 0x00000000b0200000| Untracked |  0
| 771|0x00000000b0300000, 0x00000000b0300000, 0x00000000b0400000|  0%| F|  |TAMS 0x00000000b0300000| PB 0x00000000b0300000| Untracked |  0
| 772|0x00000000b0400000, 0x00000000b0400000, 0x00000000b0500000|  0%| F|  |TAMS 0x00000000b0400000| PB 0x00000000b0400000| Untracked |  0
| 773|0x00000000b0500000, 0x00000000b0500000, 0x00000000b0600000|  0%| F|  |TAMS 0x00000000b0500000| PB 0x00000000b0500000| Untracked |  0
| 774|0x00000000b0600000, 0x00000000b0600000, 0x00000000b0700000|  0%| F|  |TAMS 0x00000000b0600000| PB 0x00000000b0600000| Untracked |  0
| 775|0x00000000b0700000, 0x00000000b0700000, 0x00000000b0800000|  0%| F|  |TAMS 0x00000000b0700000| PB 0x00000000b0700000| Untracked |  0
| 776|0x00000000b0800000, 0x00000000b0800000, 0x00000000b0900000|  0%| F|  |TAMS 0x00000000b0800000| PB 0x00000000b0800000| Untracked |  0
| 777|0x00000000b0900000, 0x00000000b0900000, 0x00000000b0a00000|  0%| F|  |TAMS 0x00000000b0900000| PB 0x00000000b0900000| Untracked |  0
| 778|0x00000000b0a00000, 0x00000000b0a00000, 0x00000000b0b00000|  0%| F|  |TAMS 0x00000000b0a00000| PB 0x00000000b0a00000| Untracked |  0
| 779|0x00000000b0b00000, 0x00000000b0b00000, 0x00000000b0c00000|  0%| F|  |TAMS 0x00000000b0b00000| PB 0x00000000b0b00000| Untracked |  0
| 780|0x00000000b0c00000, 0x00000000b0c00000, 0x00000000b0d00000|  0%| F|  |TAMS 0x00000000b0c00000| PB 0x00000000b0c00000| Untracked |  0
| 781|0x00000000b0d00000, 0x00000000b0d00000, 0x00000000b0e00000|  0%| F|  |TAMS 0x00000000b0d00000| PB 0x00000000b0d00000| Untracked |  0
| 782|0x00000000b0e00000, 0x00000000b0e00000, 0x00000000b0f00000|  0%| F|  |TAMS 0x00000000b0e00000| PB 0x00000000b0e00000| Untracked |  0
| 783|0x00000000b0f00000, 0x00000000b0f00000, 0x00000000b1000000|  0%| F|  |TAMS 0x00000000b0f00000| PB 0x00000000b0f00000| Untracked |  0
| 784|0x00000000b1000000, 0x00000000b1000000, 0x00000000b1100000|  0%| F|  |TAMS 0x00000000b1000000| PB 0x00000000b1000000| Untracked |  0
| 785|0x00000000b1100000, 0x00000000b1100000, 0x00000000b1200000|  0%| F|  |TAMS 0x00000000b1100000| PB 0x00000000b1100000| Untracked |  0
| 786|0x00000000b1200000, 0x00000000b1200000, 0x00000000b1300000|  0%| F|  |TAMS 0x00000000b1200000| PB 0x00000000b1200000| Untracked |  0
| 787|0x00000000b1300000, 0x00000000b1300000, 0x00000000b1400000|  0%| F|  |TAMS 0x00000000b1300000| PB 0x00000000b1300000| Untracked |  0
| 788|0x00000000b1400000, 0x00000000b1400000, 0x00000000b1500000|  0%| F|  |TAMS 0x00000000b1400000| PB 0x00000000b1400000| Untracked |  0
| 789|0x00000000b1500000, 0x00000000b1500000, 0x00000000b1600000|  0%| F|  |TAMS 0x00000000b1500000| PB 0x00000000b1500000| Untracked |  0
| 790|0x00000000b1600000, 0x00000000b1600000, 0x00000000b1700000|  0%| F|  |TAMS 0x00000000b1600000| PB 0x00000000b1600000| Untracked |  0
| 791|0x00000000b1700000, 0x00000000b1700000, 0x00000000b1800000|  0%| F|  |TAMS 0x00000000b1700000| PB 0x00000000b1700000| Untracked |  0
| 792|0x00000000b1800000, 0x00000000b1800000, 0x00000000b1900000|  0%| F|  |TAMS 0x00000000b1800000| PB 0x00000000b1800000| Untracked |  0
| 793|0x00000000b1900000, 0x00000000b1900000, 0x00000000b1a00000|  0%| F|  |TAMS 0x00000000b1900000| PB 0x00000000b1900000| Untracked |  0
| 794|0x00000000b1a00000, 0x00000000b1a00000, 0x00000000b1b00000|  0%| F|  |TAMS 0x00000000b1a00000| PB 0x00000000b1a00000| Untracked |  0
| 795|0x00000000b1b00000, 0x00000000b1b00000, 0x00000000b1c00000|  0%| F|  |TAMS 0x00000000b1b00000| PB 0x00000000b1b00000| Untracked |  0
| 796|0x00000000b1c00000, 0x00000000b1c00000, 0x00000000b1d00000|  0%| F|  |TAMS 0x00000000b1c00000| PB 0x00000000b1c00000| Untracked |  0
| 797|0x00000000b1d00000, 0x00000000b1d00000, 0x00000000b1e00000|  0%| F|  |TAMS 0x00000000b1d00000| PB 0x00000000b1d00000| Untracked |  0
| 798|0x00000000b1e00000, 0x00000000b1e00000, 0x00000000b1f00000|  0%| F|  |TAMS 0x00000000b1e00000| PB 0x00000000b1e00000| Untracked |  0
| 799|0x00000000b1f00000, 0x00000000b1f00000, 0x00000000b2000000|  0%| F|  |TAMS 0x00000000b1f00000| PB 0x00000000b1f00000| Untracked |  0
| 800|0x00000000b2000000, 0x00000000b2000000, 0x00000000b2100000|  0%| F|  |TAMS 0x00000000b2000000| PB 0x00000000b2000000| Untracked |  0
| 801|0x00000000b2100000, 0x00000000b2100000, 0x00000000b2200000|  0%| F|  |TAMS 0x00000000b2100000| PB 0x00000000b2100000| Untracked |  0
| 802|0x00000000b2200000, 0x00000000b2200000, 0x00000000b2300000|  0%| F|  |TAMS 0x00000000b2200000| PB 0x00000000b2200000| Untracked |  0
| 803|0x00000000b2300000, 0x00000000b2300000, 0x00000000b2400000|  0%| F|  |TAMS 0x00000000b2300000| PB 0x00000000b2300000| Untracked |  0
| 804|0x00000000b2400000, 0x00000000b2400000, 0x00000000b2500000|  0%| F|  |TAMS 0x00000000b2400000| PB 0x00000000b2400000| Untracked |  0
| 805|0x00000000b2500000, 0x00000000b2500000, 0x00000000b2600000|  0%| F|  |TAMS 0x00000000b2500000| PB 0x00000000b2500000| Untracked |  0
| 806|0x00000000b2600000, 0x00000000b2600000, 0x00000000b2700000|  0%| F|  |TAMS 0x00000000b2600000| PB 0x00000000b2600000| Untracked |  0
| 807|0x00000000b2700000, 0x00000000b2700000, 0x00000000b2800000|  0%| F|  |TAMS 0x00000000b2700000| PB 0x00000000b2700000| Untracked |  0
| 808|0x00000000b2800000, 0x00000000b2800000, 0x00000000b2900000|  0%| F|  |TAMS 0x00000000b2800000| PB 0x00000000b2800000| Untracked |  0
| 809|0x00000000b2900000, 0x00000000b2900000, 0x00000000b2a00000|  0%| F|  |TAMS 0x00000000b2900000| PB 0x00000000b2900000| Untracked |  0
| 810|0x00000000b2a00000, 0x00000000b2a00000, 0x00000000b2b00000|  0%| F|  |TAMS 0x00000000b2a00000| PB 0x00000000b2a00000| Untracked |  0
| 811|0x00000000b2b00000, 0x00000000b2b00000, 0x00000000b2c00000|  0%| F|  |TAMS 0x00000000b2b00000| PB 0x00000000b2b00000| Untracked |  0
| 812|0x00000000b2c00000, 0x00000000b2c00000, 0x00000000b2d00000|  0%| F|  |TAMS 0x00000000b2c00000| PB 0x00000000b2c00000| Untracked |  0
| 813|0x00000000b2d00000, 0x00000000b2d00000, 0x00000000b2e00000|  0%| F|  |TAMS 0x00000000b2d00000| PB 0x00000000b2d00000| Untracked |  0
| 814|0x00000000b2e00000, 0x00000000b2e00000, 0x00000000b2f00000|  0%| F|  |TAMS 0x00000000b2e00000| PB 0x00000000b2e00000| Untracked |  0
| 815|0x00000000b2f00000, 0x00000000b2f00000, 0x00000000b3000000|  0%| F|  |TAMS 0x00000000b2f00000| PB 0x00000000b2f00000| Untracked |  0
| 816|0x00000000b3000000, 0x00000000b3000000, 0x00000000b3100000|  0%| F|  |TAMS 0x00000000b3000000| PB 0x00000000b3000000| Untracked |  0
| 817|0x00000000b3100000, 0x00000000b3100000, 0x00000000b3200000|  0%| F|  |TAMS 0x00000000b3100000| PB 0x00000000b3100000| Untracked |  0
| 818|0x00000000b3200000, 0x00000000b3200000, 0x00000000b3300000|  0%| F|  |TAMS 0x00000000b3200000| PB 0x00000000b3200000| Untracked |  0
| 819|0x00000000b3300000, 0x00000000b3300000, 0x00000000b3400000|  0%| F|  |TAMS 0x00000000b3300000| PB 0x00000000b3300000| Untracked |  0
| 820|0x00000000b3400000, 0x00000000b3400000, 0x00000000b3500000|  0%| F|  |TAMS 0x00000000b3400000| PB 0x00000000b3400000| Untracked |  0
| 821|0x00000000b3500000, 0x00000000b3500000, 0x00000000b3600000|  0%| F|  |TAMS 0x00000000b3500000| PB 0x00000000b3500000| Untracked |  0
| 822|0x00000000b3600000, 0x00000000b3600000, 0x00000000b3700000|  0%| F|  |TAMS 0x00000000b3600000| PB 0x00000000b3600000| Untracked |  0
| 823|0x00000000b3700000, 0x00000000b3700000, 0x00000000b3800000|  0%| F|  |TAMS 0x00000000b3700000| PB 0x00000000b3700000| Untracked |  0
| 824|0x00000000b3800000, 0x00000000b3800000, 0x00000000b3900000|  0%| F|  |TAMS 0x00000000b3800000| PB 0x00000000b3800000| Untracked |  0
| 825|0x00000000b3900000, 0x00000000b3900000, 0x00000000b3a00000|  0%| F|  |TAMS 0x00000000b3900000| PB 0x00000000b3900000| Untracked |  0
| 826|0x00000000b3a00000, 0x00000000b3a00000, 0x00000000b3b00000|  0%| F|  |TAMS 0x00000000b3a00000| PB 0x00000000b3a00000| Untracked |  0
| 827|0x00000000b3b00000, 0x00000000b3b00000, 0x00000000b3c00000|  0%| F|  |TAMS 0x00000000b3b00000| PB 0x00000000b3b00000| Untracked |  0
| 828|0x00000000b3c00000, 0x00000000b3c00000, 0x00000000b3d00000|  0%| F|  |TAMS 0x00000000b3c00000| PB 0x00000000b3c00000| Untracked |  0
| 829|0x00000000b3d00000, 0x00000000b3d00000, 0x00000000b3e00000|  0%| F|  |TAMS 0x00000000b3d00000| PB 0x00000000b3d00000| Untracked |  0
| 830|0x00000000b3e00000, 0x00000000b3e00000, 0x00000000b3f00000|  0%| F|  |TAMS 0x00000000b3e00000| PB 0x00000000b3e00000| Untracked |  0
| 831|0x00000000b3f00000, 0x00000000b3f00000, 0x00000000b4000000|  0%| F|  |TAMS 0x00000000b3f00000| PB 0x00000000b3f00000| Untracked |  0
| 832|0x00000000b4000000, 0x00000000b4000000, 0x00000000b4100000|  0%| F|  |TAMS 0x00000000b4000000| PB 0x00000000b4000000| Untracked |  0
| 833|0x00000000b4100000, 0x00000000b4100000, 0x00000000b4200000|  0%| F|  |TAMS 0x00000000b4100000| PB 0x00000000b4100000| Untracked |  0
| 834|0x00000000b4200000, 0x00000000b4200000, 0x00000000b4300000|  0%| F|  |TAMS 0x00000000b4200000| PB 0x00000000b4200000| Untracked |  0
| 835|0x00000000b4300000, 0x00000000b4300000, 0x00000000b4400000|  0%| F|  |TAMS 0x00000000b4300000| PB 0x00000000b4300000| Untracked |  0
| 836|0x00000000b4400000, 0x00000000b4400000, 0x00000000b4500000|  0%| F|  |TAMS 0x00000000b4400000| PB 0x00000000b4400000| Untracked |  0
| 837|0x00000000b4500000, 0x00000000b4500000, 0x00000000b4600000|  0%| F|  |TAMS 0x00000000b4500000| PB 0x00000000b4500000| Untracked |  0
| 838|0x00000000b4600000, 0x00000000b4600000, 0x00000000b4700000|  0%| F|  |TAMS 0x00000000b4600000| PB 0x00000000b4600000| Untracked |  0
| 839|0x00000000b4700000, 0x00000000b4700000, 0x00000000b4800000|  0%| F|  |TAMS 0x00000000b4700000| PB 0x00000000b4700000| Untracked |  0
| 840|0x00000000b4800000, 0x00000000b4800000, 0x00000000b4900000|  0%| F|  |TAMS 0x00000000b4800000| PB 0x00000000b4800000| Untracked |  0
| 841|0x00000000b4900000, 0x00000000b4900000, 0x00000000b4a00000|  0%| F|  |TAMS 0x00000000b4900000| PB 0x00000000b4900000| Untracked |  0
| 842|0x00000000b4a00000, 0x00000000b4a00000, 0x00000000b4b00000|  0%| F|  |TAMS 0x00000000b4a00000| PB 0x00000000b4a00000| Untracked |  0
| 843|0x00000000b4b00000, 0x00000000b4b00000, 0x00000000b4c00000|  0%| F|  |TAMS 0x00000000b4b00000| PB 0x00000000b4b00000| Untracked |  0
| 844|0x00000000b4c00000, 0x00000000b4c00000, 0x00000000b4d00000|  0%| F|  |TAMS 0x00000000b4c00000| PB 0x00000000b4c00000| Untracked |  0
| 845|0x00000000b4d00000, 0x00000000b4d00000, 0x00000000b4e00000|  0%| F|  |TAMS 0x00000000b4d00000| PB 0x00000000b4d00000| Untracked |  0
| 846|0x00000000b4e00000, 0x00000000b4e00000, 0x00000000b4f00000|  0%| F|  |TAMS 0x00000000b4e00000| PB 0x00000000b4e00000| Untracked |  0
| 847|0x00000000b4f00000, 0x00000000b4f00000, 0x00000000b5000000|  0%| F|  |TAMS 0x00000000b4f00000| PB 0x00000000b4f00000| Untracked |  0
| 848|0x00000000b5000000, 0x00000000b5000000, 0x00000000b5100000|  0%| F|  |TAMS 0x00000000b5000000| PB 0x00000000b5000000| Untracked |  0
| 849|0x00000000b5100000, 0x00000000b5100000, 0x00000000b5200000|  0%| F|  |TAMS 0x00000000b5100000| PB 0x00000000b5100000| Untracked |  0
| 850|0x00000000b5200000, 0x00000000b5200000, 0x00000000b5300000|  0%| F|  |TAMS 0x00000000b5200000| PB 0x00000000b5200000| Untracked |  0
| 851|0x00000000b5300000, 0x00000000b5300000, 0x00000000b5400000|  0%| F|  |TAMS 0x00000000b5300000| PB 0x00000000b5300000| Untracked |  0
| 852|0x00000000b5400000, 0x00000000b5400000, 0x00000000b5500000|  0%| F|  |TAMS 0x00000000b5400000| PB 0x00000000b5400000| Untracked |  0
| 853|0x00000000b5500000, 0x00000000b5500000, 0x00000000b5600000|  0%| F|  |TAMS 0x00000000b5500000| PB 0x00000000b5500000| Untracked |  0
| 854|0x00000000b5600000, 0x00000000b5600000, 0x00000000b5700000|  0%| F|  |TAMS 0x00000000b5600000| PB 0x00000000b5600000| Untracked |  0
| 855|0x00000000b5700000, 0x00000000b5700000, 0x00000000b5800000|  0%| F|  |TAMS 0x00000000b5700000| PB 0x00000000b5700000| Untracked |  0
| 856|0x00000000b5800000, 0x00000000b5800000, 0x00000000b5900000|  0%| F|  |TAMS 0x00000000b5800000| PB 0x00000000b5800000| Untracked |  0
| 857|0x00000000b5900000, 0x00000000b5900000, 0x00000000b5a00000|  0%| F|  |TAMS 0x00000000b5900000| PB 0x00000000b5900000| Untracked |  0
| 858|0x00000000b5a00000, 0x00000000b5a00000, 0x00000000b5b00000|  0%| F|  |TAMS 0x00000000b5a00000| PB 0x00000000b5a00000| Untracked |  0
| 859|0x00000000b5b00000, 0x00000000b5b00000, 0x00000000b5c00000|  0%| F|  |TAMS 0x00000000b5b00000| PB 0x00000000b5b00000| Untracked |  0
| 860|0x00000000b5c00000, 0x00000000b5c00000, 0x00000000b5d00000|  0%| F|  |TAMS 0x00000000b5c00000| PB 0x00000000b5c00000| Untracked |  0
| 861|0x00000000b5d00000, 0x00000000b5d00000, 0x00000000b5e00000|  0%| F|  |TAMS 0x00000000b5d00000| PB 0x00000000b5d00000| Untracked |  0
| 862|0x00000000b5e00000, 0x00000000b5e00000, 0x00000000b5f00000|  0%| F|  |TAMS 0x00000000b5e00000| PB 0x00000000b5e00000| Untracked |  0
| 863|0x00000000b5f00000, 0x00000000b5f00000, 0x00000000b6000000|  0%| F|  |TAMS 0x00000000b5f00000| PB 0x00000000b5f00000| Untracked |  0
| 864|0x00000000b6000000, 0x00000000b6000000, 0x00000000b6100000|  0%| F|  |TAMS 0x00000000b6000000| PB 0x00000000b6000000| Untracked |  0
| 865|0x00000000b6100000, 0x00000000b6100000, 0x00000000b6200000|  0%| F|  |TAMS 0x00000000b6100000| PB 0x00000000b6100000| Untracked |  0
| 866|0x00000000b6200000, 0x00000000b6200000, 0x00000000b6300000|  0%| F|  |TAMS 0x00000000b6200000| PB 0x00000000b6200000| Untracked |  0
| 867|0x00000000b6300000, 0x00000000b6300000, 0x00000000b6400000|  0%| F|  |TAMS 0x00000000b6300000| PB 0x00000000b6300000| Untracked |  0
| 868|0x00000000b6400000, 0x00000000b6400000, 0x00000000b6500000|  0%| F|  |TAMS 0x00000000b6400000| PB 0x00000000b6400000| Untracked |  0
| 869|0x00000000b6500000, 0x00000000b6600000, 0x00000000b6600000|100%| S|CS|TAMS 0x00000000b6500000| PB 0x00000000b6500000| Complete |  0
| 870|0x00000000b6600000, 0x00000000b6700000, 0x00000000b6700000|100%| S|CS|TAMS 0x00000000b6600000| PB 0x00000000b6600000| Complete |  0
| 871|0x00000000b6700000, 0x00000000b6800000, 0x00000000b6800000|100%| S|CS|TAMS 0x00000000b6700000| PB 0x00000000b6700000| Complete |  0
| 872|0x00000000b6800000, 0x00000000b6900000, 0x00000000b6900000|100%| S|CS|TAMS 0x00000000b6800000| PB 0x00000000b6800000| Complete |  0
| 873|0x00000000b6900000, 0x00000000b6a00000, 0x00000000b6a00000|100%| S|CS|TAMS 0x00000000b6900000| PB 0x00000000b6900000| Complete |  0
| 874|0x00000000b6a00000, 0x00000000b6b00000, 0x00000000b6b00000|100%| S|CS|TAMS 0x00000000b6a00000| PB 0x00000000b6a00000| Complete |  0
| 875|0x00000000b6b00000, 0x00000000b6b00000, 0x00000000b6c00000|  0%| F|  |TAMS 0x00000000b6b00000| PB 0x00000000b6b00000| Untracked |  0
| 876|0x00000000b6c00000, 0x00000000b6c00000, 0x00000000b6d00000|  0%| F|  |TAMS 0x00000000b6c00000| PB 0x00000000b6c00000| Untracked |  0
| 877|0x00000000b6d00000, 0x00000000b6d00000, 0x00000000b6e00000|  0%| F|  |TAMS 0x00000000b6d00000| PB 0x00000000b6d00000| Untracked |  0
| 878|0x00000000b6e00000, 0x00000000b6e00000, 0x00000000b6f00000|  0%| F|  |TAMS 0x00000000b6e00000| PB 0x00000000b6e00000| Untracked |  0
| 879|0x00000000b6f00000, 0x00000000b6f00000, 0x00000000b7000000|  0%| F|  |TAMS 0x00000000b6f00000| PB 0x00000000b6f00000| Untracked |  0
| 880|0x00000000b7000000, 0x00000000b7000000, 0x00000000b7100000|  0%| F|  |TAMS 0x00000000b7000000| PB 0x00000000b7000000| Untracked |  0
| 881|0x00000000b7100000, 0x00000000b7100000, 0x00000000b7200000|  0%| F|  |TAMS 0x00000000b7100000| PB 0x00000000b7100000| Untracked |  0
| 882|0x00000000b7200000, 0x00000000b7200000, 0x00000000b7300000|  0%| F|  |TAMS 0x00000000b7200000| PB 0x00000000b7200000| Untracked |  0
| 883|0x00000000b7300000, 0x00000000b7300000, 0x00000000b7400000|  0%| F|  |TAMS 0x00000000b7300000| PB 0x00000000b7300000| Untracked |  0
| 884|0x00000000b7400000, 0x00000000b7400000, 0x00000000b7500000|  0%| F|  |TAMS 0x00000000b7400000| PB 0x00000000b7400000| Untracked |  0
| 885|0x00000000b7500000, 0x00000000b7500000, 0x00000000b7600000|  0%| F|  |TAMS 0x00000000b7500000| PB 0x00000000b7500000| Untracked |  0
| 886|0x00000000b7600000, 0x00000000b7600000, 0x00000000b7700000|  0%| F|  |TAMS 0x00000000b7600000| PB 0x00000000b7600000| Untracked |  0
| 887|0x00000000b7700000, 0x00000000b7700000, 0x00000000b7800000|  0%| F|  |TAMS 0x00000000b7700000| PB 0x00000000b7700000| Untracked |  0
| 888|0x00000000b7800000, 0x00000000b7800000, 0x00000000b7900000|  0%| F|  |TAMS 0x00000000b7800000| PB 0x00000000b7800000| Untracked |  0
| 889|0x00000000b7900000, 0x00000000b7900000, 0x00000000b7a00000|  0%| F|  |TAMS 0x00000000b7900000| PB 0x00000000b7900000| Untracked |  0
| 890|0x00000000b7a00000, 0x00000000b7a00000, 0x00000000b7b00000|  0%| F|  |TAMS 0x00000000b7a00000| PB 0x00000000b7a00000| Untracked |  0
| 891|0x00000000b7b00000, 0x00000000b7b00000, 0x00000000b7c00000|  0%| F|  |TAMS 0x00000000b7b00000| PB 0x00000000b7b00000| Untracked |  0
| 892|0x00000000b7c00000, 0x00000000b7c00000, 0x00000000b7d00000|  0%| F|  |TAMS 0x00000000b7c00000| PB 0x00000000b7c00000| Untracked |  0
|2024|0x00000000fe800000, 0x00000000fe800000, 0x00000000fe900000|  0%| F|  |TAMS 0x00000000fe800000| PB 0x00000000fe800000| Untracked |  0
|2025|0x00000000fe900000, 0x00000000fe900000, 0x00000000fea00000|  0%| F|  |TAMS 0x00000000fe900000| PB 0x00000000fe900000| Untracked |  0
|2026|0x00000000fea00000, 0x00000000feb00000, 0x00000000feb00000|100%| O|  |TAMS 0x00000000fea00000| PB 0x00000000fea00000| Untracked |  0
|2027|0x00000000feb00000, 0x00000000feb00000, 0x00000000fec00000|  0%| F|  |TAMS 0x00000000feb00000| PB 0x00000000feb00000| Untracked |  0
|2028|0x00000000fec00000, 0x00000000fec00000, 0x00000000fed00000|  0%| F|  |TAMS 0x00000000fec00000| PB 0x00000000fec00000| Untracked |  0
|2029|0x00000000fed00000, 0x00000000fed00000, 0x00000000fee00000|  0%| F|  |TAMS 0x00000000fed00000| PB 0x00000000fed00000| Untracked |  0
|2030|0x00000000fee00000, 0x00000000fee00000, 0x00000000fef00000|  0%| F|  |TAMS 0x00000000fee00000| PB 0x00000000fee00000| Untracked |  0
|2031|0x00000000fef00000, 0x00000000fef00000, 0x00000000ff000000|  0%| F|  |TAMS 0x00000000fef00000| PB 0x00000000fef00000| Untracked |  0
|2032|0x00000000ff000000, 0x00000000ff000000, 0x00000000ff100000|  0%| F|  |TAMS 0x00000000ff000000| PB 0x00000000ff000000| Untracked |  0
|2033|0x00000000ff100000, 0x00000000ff100000, 0x00000000ff200000|  0%| F|  |TAMS 0x00000000ff100000| PB 0x00000000ff100000| Untracked |  0
|2034|0x00000000ff200000, 0x00000000ff200000, 0x00000000ff300000|  0%| F|  |TAMS 0x00000000ff200000| PB 0x00000000ff200000| Untracked |  0
|2035|0x00000000ff300000, 0x00000000ff300000, 0x00000000ff400000|  0%| F|  |TAMS 0x00000000ff300000| PB 0x00000000ff300000| Untracked |  0
|2036|0x00000000ff400000, 0x00000000ff400000, 0x00000000ff500000|  0%| F|  |TAMS 0x00000000ff400000| PB 0x00000000ff400000| Untracked |  0
|2037|0x00000000ff500000, 0x00000000ff500000, 0x00000000ff600000|  0%| F|  |TAMS 0x00000000ff500000| PB 0x00000000ff500000| Untracked |  0
|2038|0x00000000ff600000, 0x00000000ff600000, 0x00000000ff700000|  0%| F|  |TAMS 0x00000000ff600000| PB 0x00000000ff600000| Untracked |  0
|2039|0x00000000ff700000, 0x00000000ff700000, 0x00000000ff800000|  0%| F|  |TAMS 0x00000000ff700000| PB 0x00000000ff700000| Untracked |  0
|2040|0x00000000ff800000, 0x00000000ff800000, 0x00000000ff900000|  0%| F|  |TAMS 0x00000000ff800000| PB 0x00000000ff800000| Untracked |  0
|2041|0x00000000ff900000, 0x00000000ff900000, 0x00000000ffa00000|  0%| F|  |TAMS 0x00000000ff900000| PB 0x00000000ff900000| Untracked |  0
|2042|0x00000000ffa00000, 0x00000000ffa00000, 0x00000000ffb00000|  0%| F|  |TAMS 0x00000000ffa00000| PB 0x00000000ffa00000| Untracked |  0
|2043|0x00000000ffb00000, 0x00000000ffb00000, 0x00000000ffc00000|  0%| F|  |TAMS 0x00000000ffb00000| PB 0x00000000ffb00000| Untracked |  0
|2044|0x00000000ffc00000, 0x00000000ffc00000, 0x00000000ffd00000|  0%| F|  |TAMS 0x00000000ffc00000| PB 0x00000000ffc00000| Untracked |  0
|2045|0x00000000ffd00000, 0x00000000ffd00000, 0x00000000ffe00000|  0%| F|  |TAMS 0x00000000ffd00000| PB 0x00000000ffd00000| Untracked |  0
|2046|0x00000000ffe00000, 0x00000000fff00000, 0x00000000fff00000|100%| O|  |TAMS 0x00000000ffe00000| PB 0x00000000ffe00000| Untracked |  0
|2047|0x00000000fff00000, 0x0000000100000000, 0x0000000100000000|100%| O|  |TAMS 0x00000000fff00000| PB 0x00000000fff00000| Untracked |  0

Card table byte_map: [0x00000182a99a0000,0x00000182a9da0000] _byte_map_base: 0x00000182a95a0000

Marking Bits: (CMBitMap*) 0x0000018296aa2c80
 Bits: [0x00000182a9da0000, 0x00000182abda0000)

Polling page: 0x00000182947f0000

Metaspace:
Metaspace        used 262086K, committed 265600K, reserved 1310720K
 class space     used 35663K, committed 36864K, reserved 1048576K

Usage:
  Non-class:    221.12 MB used.
      Class:     34.83 MB used.
       Both:    255.94 MB used.

Virtual space:
  Non-class space:      256.00 MB reserved,     223.38 MB ( 87%) committed,  4 nodes.
      Class space:        1.00 GB reserved,      36.00 MB (  4%) committed,  1 nodes.
             Both:        1.25 GB reserved,     259.38 MB ( 20%) committed. 

Chunk freelists:
   Non-Class:  17.14 MB
       Class:  12.35 MB
        Both:  29.49 MB

MaxMetaspaceSize: unlimited
CompressedClassSpaceSize: 1.00 GB
Initial GC threshold: 21.00 MB
Current GC threshold: 432.19 MB
CDS: off
 - commit_granule_bytes: 65536.
 - commit_granule_words: 8192.
 - virtual_space_node_default_size: 8388608.
 - enlarge_chunks_in_place: 1.
UseCompressedClassPointers 1, UseCompactObjectHeaders 0
Narrow klass pointer bits 32, Max shift 3
Narrow klass base: 0x0000000000000000, Narrow klass shift: 0
Encoding Range: [0x0000000000000000 - 0x0000000100000000), (4294967296 bytes)
Klass Range:    [0x0000000016000000 - 0x0000000056000000), (1073741824 bytes)
Klass ID Range:  [369098752 - 1442840569) (1073741817)
No protection zone.


Internal statistics:

num_allocs_failed_limit: 6.
num_arena_births: 6386.
num_arena_deaths: 2944.
num_vsnodes_births: 5.
num_vsnodes_deaths: 0.
num_space_committed: 4519.
num_space_uncommitted: 153.
num_chunks_returned_to_freelist: 4919.
num_chunks_taken_from_freelist: 19879.
num_chunk_merges: 1483.
num_chunk_splits: 12620.
num_chunks_enlarged: 9054.
num_inconsistent_stats: 0.

CodeHeap 'non-profiled nmethods': size=120064Kb used=21561Kb max_used=21561Kb free=98502Kb
 bounds [0x00000182a1a00000, 0x00000182a2f10000, 0x00000182a8f40000]
CodeHeap 'profiled nmethods': size=120064Kb used=41377Kb max_used=48689Kb free=78686Kb
 bounds [0x0000018299f20000, 0x000001829ceb0000, 0x00000182a1460000]
CodeHeap 'non-nmethods': size=5760Kb used=2537Kb max_used=2710Kb free=3222Kb
 bounds [0x00000182a1460000, 0x00000182a1730000, 0x00000182a1a00000]
CodeCache: size=245888Kb, used=65475Kb, max_used=72960Kb, free=180410Kb
 total_blobs=29520, nmethods=28170, adapters=1250, full_count=0
Compilation: enabled, stopped_count=0, restarted_count=0

Compilation events (20 events):
Event: 5994.677 Thread 0x00000182ae709ce0 65758 %     3       com.android.tools.r8.graph.x5::a @ 60 (132 bytes)
Event: 5994.680 Thread 0x00000182ae709ce0 nmethod 65758% 0x0000018299f27a08 code [0x0000018299f27b00, 0x0000018299f28b40]
Event: 5994.683 Thread 0x00000182ae709ce0 65759       2       com.android.ide.common.resources.configuration.CountryCodeQualifier::checkAndSet (18 bytes)
Event: 5994.683 Thread 0x00000182ae709ce0 nmethod 65759 0x000001829c7cb288 code [0x000001829c7cb380, 0x000001829c7cb608]
Event: 5994.683 Thread 0x00000182ae709ce0 65760   !   2       com.android.ide.common.resources.configuration.CountryCodeQualifier::getQualifier (48 bytes)
Event: 5994.684 Thread 0x00000182ae709ce0 nmethod 65760 0x000001829bb5b008 code [0x000001829bb5b100, 0x000001829bb5b370]
Event: 5994.700 Thread 0x00000182ae709ce0 65761       3       java.lang.StringUTF16::newBytesFor (7 bytes)
Event: 5994.700 Thread 0x00000182ae709ce0 nmethod 65761 0x000001829c076508 code [0x000001829c076600, 0x000001829c076798]
Event: 5994.721 Thread 0x00000182ae709ce0 65762       1       org.gradle.api.internal.tasks.properties.DefaultServiceReferenceSpec::getBuildServiceName (5 bytes)
Event: 5994.721 Thread 0x00000182ae709ce0 nmethod 65762 0x00000182a2f0e308 code [0x00000182a2f0e400, 0x00000182a2f0e4c8]
Event: 5994.729 Thread 0x00000182ae709ce0 65763       2       org.gradle.internal.vfs.impl.DefaultFileSystemAccess$$Lambda/0x000000001668ca80::apply (10 bytes)
Event: 5994.729 Thread 0x00000182ae709ce0 nmethod 65763 0x000001829c076f08 code [0x000001829c077000, 0x000001829c077188]
Event: 5994.758 Thread 0x00000182ae709ce0 65765       3       com.sun.xml.internal.stream.util.ThreadLocalBufferAllocator::getBufferAllocator (54 bytes)
Event: 5994.761 Thread 0x00000182ae709ce0 nmethod 65765 0x000001829bb12608 code [0x000001829bb12700, 0x000001829bb135a8]
Event: 5994.761 Thread 0x00000182ae709ce0 65766       2       com.android.tools.r8.graph.x4$a::<init> (10 bytes)
Event: 5994.762 Thread 0x00000182ae709ce0 nmethod 65766 0x000001829c081608 code [0x000001829c081700, 0x000001829c081850]
Event: 5994.768 Thread 0x00000182ae709ce0 65767       2       com.android.tools.r8.graph.p7$$Lambda/0x00000000180052f8::accept (24 bytes)
Event: 5994.769 Thread 0x00000182ae709ce0 nmethod 65767 0x000001829c08f188 code [0x000001829c08f280, 0x000001829c08f458]
Event: 5994.769 Thread 0x00000182ae709ce0 65768       2       com.android.tools.r8.graph.p7::a (25 bytes)
Event: 5994.769 Thread 0x00000182ae709ce0 nmethod 65768 0x000001829bbc4988 code [0x000001829bbc4a80, 0x000001829bbc4cb8]

GC Heap Usage History (20 events):
Event: 5529.890 {heap After GC invocations=135 (full 0):
 garbage-first heap   total reserved 2097152K, committed 939008K, used 282967K [0x0000000080000000, 0x0000000100000000)
  region size 1024K, 15 young (15360K), 15 survivors (15360K)
}
Event: 5530.285 {heap Before GC invocations=135 (full 0):
 garbage-first heap   total reserved 2097152K, committed 939008K, used 313687K [0x0000000080000000, 0x0000000100000000)
  region size 1024K, 45 young (46080K), 15 survivors (15360K)
}
Event: 5530.374 {heap After GC invocations=136 (full 0):
 garbage-first heap   total reserved 2097152K, committed 939008K, used 289170K [0x0000000080000000, 0x0000000100000000)
  region size 1024K, 6 young (6144K), 6 survivors (6144K)
}
Event: 5531.747 {heap Before GC invocations=136 (full 0):
 garbage-first heap   total reserved 2097152K, committed 939008K, used 330130K [0x0000000080000000, 0x0000000100000000)
  region size 1024K, 45 young (46080K), 6 survivors (6144K)
}
Event: 5531.818 {heap After GC invocations=137 (full 0):
 garbage-first heap   total reserved 2097152K, committed 939008K, used 294603K [0x0000000080000000, 0x0000000100000000)
  region size 1024K, 6 young (6144K), 6 survivors (6144K)
}
Event: 5544.475 {heap Before GC invocations=137 (full 0):
 garbage-first heap   total reserved 2097152K, committed 939008K, used 335563K [0x0000000080000000, 0x0000000100000000)
  region size 1024K, 45 young (46080K), 6 survivors (6144K)
}
Event: 5544.627 {heap After GC invocations=138 (full 0):
 garbage-first heap   total reserved 2097152K, committed 939008K, used 292138K [0x0000000080000000, 0x0000000100000000)
  region size 1024K, 3 young (3072K), 3 survivors (3072K)
}
Event: 5945.545 {heap Before GC invocations=138 (full 0):
 garbage-first heap   total reserved 2097152K, committed 939008K, used 430378K [0x0000000080000000, 0x0000000100000000)
  region size 1024K, 114 young (116736K), 3 survivors (3072K)
}
Event: 5945.800 {heap After GC invocations=139 (full 0):
 garbage-first heap   total reserved 2097152K, committed 939008K, used 292231K [0x0000000080000000, 0x0000000100000000)
  region size 1024K, 3 young (3072K), 3 survivors (3072K)
}
Event: 5990.339 {heap Before GC invocations=139 (full 0):
 garbage-first heap   total reserved 2097152K, committed 939008K, used 587143K [0x0000000080000000, 0x0000000100000000)
  region size 1024K, 293 young (300032K), 3 survivors (3072K)
}
Event: 5990.535 {heap After GC invocations=140 (full 0):
 garbage-first heap   total reserved 2097152K, committed 939008K, used 311721K [0x0000000080000000, 0x0000000100000000)
  region size 1024K, 22 young (22528K), 22 survivors (22528K)
}
Event: 5991.110 {heap Before GC invocations=140 (full 0):
 garbage-first heap   total reserved 2097152K, committed 939008K, used 337321K [0x0000000080000000, 0x0000000100000000)
  region size 1024K, 45 young (46080K), 22 survivors (22528K)
}
Event: 5991.394 {heap After GC invocations=141 (full 0):
 garbage-first heap   total reserved 2097152K, committed 939008K, used 317702K [0x0000000080000000, 0x0000000100000000)
  region size 1024K, 5 young (5120K), 5 survivors (5120K)
}
Event: 5994.175 {heap Before GC invocations=142 (full 0):
 garbage-first heap   total reserved 2097152K, committed 939008K, used 392454K [0x0000000080000000, 0x0000000100000000)
  region size 1024K, 91 young (93184K), 5 survivors (5120K)
}
Event: 5994.220 {heap After GC invocations=143 (full 0):
 garbage-first heap   total reserved 2097152K, committed 939008K, used 318928K [0x0000000080000000, 0x0000000100000000)
  region size 1024K, 12 young (12288K), 12 survivors (12288K)
}
Event: 5994.378 {heap Before GC invocations=143 (full 0):
 garbage-first heap   total reserved 2097152K, committed 939008K, used 351696K [0x0000000080000000, 0x0000000100000000)
  region size 1024K, 45 young (46080K), 12 survivors (12288K)
}
Event: 5994.426 {heap After GC invocations=144 (full 0):
 garbage-first heap   total reserved 2097152K, committed 939008K, used 327392K [0x0000000080000000, 0x0000000100000000)
  region size 1024K, 6 young (6144K), 6 survivors (6144K)
}
Event: 5994.585 {heap Before GC invocations=144 (full 0):
 garbage-first heap   total reserved 2097152K, committed 939008K, used 366304K [0x0000000080000000, 0x0000000100000000)
  region size 1024K, 45 young (46080K), 6 survivors (6144K)
}
Event: 5994.620 {heap After GC invocations=145 (full 0):
 garbage-first heap   total reserved 2097152K, committed 939008K, used 328714K [0x0000000080000000, 0x0000000100000000)
  region size 1024K, 6 young (6144K), 6 survivors (6144K)
}
Event: 5994.908 {heap Before GC invocations=145 (full 0):
 garbage-first heap   total reserved 2097152K, committed 939008K, used 378890K [0x0000000080000000, 0x0000000100000000)
  region size 1024K, 45 young (46080K), 6 survivors (6144K)
}

Metaspace Usage History (20 events):
Event: 5529.891 {metaspace After GC invocations=135 (full 0):
 Metaspace       used 261481K, committed 263808K, reserved 1310720K
  class space    used 35593K, committed 36864K, reserved 1048576K
}
Event: 5530.285 {metaspace Before GC invocations=135 (full 0):
 Metaspace       used 261481K, committed 263808K, reserved 1310720K
  class space    used 35593K, committed 36864K, reserved 1048576K
}
Event: 5530.374 {metaspace After GC invocations=136 (full 0):
 Metaspace       used 261481K, committed 263808K, reserved 1310720K
  class space    used 35593K, committed 36864K, reserved 1048576K
}
Event: 5531.747 {metaspace Before GC invocations=136 (full 0):
 Metaspace       used 261498K, committed 263808K, reserved 1310720K
  class space    used 35593K, committed 36864K, reserved 1048576K
}
Event: 5531.818 {metaspace After GC invocations=137 (full 0):
 Metaspace       used 261498K, committed 263808K, reserved 1310720K
  class space    used 35593K, committed 36864K, reserved 1048576K
}
Event: 5544.475 {metaspace Before GC invocations=137 (full 0):
 Metaspace       used 262452K, committed 264576K, reserved 1310720K
  class space    used 35691K, committed 36864K, reserved 1048576K
}
Event: 5544.627 {metaspace After GC invocations=138 (full 0):
 Metaspace       used 262452K, committed 264576K, reserved 1310720K
  class space    used 35691K, committed 36864K, reserved 1048576K
}
Event: 5945.546 {metaspace Before GC invocations=138 (full 0):
 Metaspace       used 262516K, committed 264704K, reserved 1310720K
  class space    used 35692K, committed 36864K, reserved 1048576K
}
Event: 5945.800 {metaspace After GC invocations=139 (full 0):
 Metaspace       used 262516K, committed 264704K, reserved 1310720K
  class space    used 35692K, committed 36864K, reserved 1048576K
}
Event: 5990.340 {metaspace Before GC invocations=139 (full 0):
 Metaspace       used 263360K, committed 265408K, reserved 1310720K
  class space    used 35808K, committed 36864K, reserved 1048576K
}
Event: 5990.535 {metaspace After GC invocations=140 (full 0):
 Metaspace       used 263360K, committed 265408K, reserved 1310720K
  class space    used 35808K, committed 36864K, reserved 1048576K
}
Event: 5991.111 {metaspace Before GC invocations=140 (full 0):
 Metaspace       used 263381K, committed 265472K, reserved 1310720K
  class space    used 35809K, committed 36864K, reserved 1048576K
}
Event: 5991.394 {metaspace After GC invocations=141 (full 0):
 Metaspace       used 263381K, committed 265472K, reserved 1310720K
  class space    used 35809K, committed 36864K, reserved 1048576K
}
Event: 5994.176 {metaspace Before GC invocations=142 (full 0):
 Metaspace       used 261723K, committed 265536K, reserved 1310720K
  class space    used 35617K, committed 36864K, reserved 1048576K
}
Event: 5994.220 {metaspace After GC invocations=143 (full 0):
 Metaspace       used 261723K, committed 265536K, reserved 1310720K
  class space    used 35617K, committed 36864K, reserved 1048576K
}
Event: 5994.378 {metaspace Before GC invocations=143 (full 0):
 Metaspace       used 261901K, committed 265600K, reserved 1310720K
  class space    used 35634K, committed 36864K, reserved 1048576K
}
Event: 5994.426 {metaspace After GC invocations=144 (full 0):
 Metaspace       used 261901K, committed 265600K, reserved 1310720K
  class space    used 35634K, committed 36864K, reserved 1048576K
}
Event: 5994.585 {metaspace Before GC invocations=144 (full 0):
 Metaspace       used 262062K, committed 265600K, reserved 1310720K
  class space    used 35657K, committed 36864K, reserved 1048576K
}
Event: 5994.620 {metaspace After GC invocations=145 (full 0):
 Metaspace       used 262062K, committed 265600K, reserved 1310720K
  class space    used 35657K, committed 36864K, reserved 1048576K
}
Event: 5994.908 {metaspace Before GC invocations=145 (full 0):
 Metaspace       used 262086K, committed 265600K, reserved 1310720K
  class space    used 35663K, committed 36864K, reserved 1048576K
}

Dll operation events (13 events):
Event: 0.084 Loaded shared library C:\Program Files\Android\Android Studio\jbr\bin\java.dll
Event: 0.112 Loaded shared library C:\Program Files\Android\Android Studio\jbr\bin\zip.dll
Event: 6.619 Loaded shared library C:\Program Files\Android\Android Studio\jbr\bin\verify.dll
Event: 1174.218 Unloaded dll "C:\Users\hp\AppData\Local\Temp\sqlite-3.41.2.2-6a236df4-7766-4a12-8b73-0ace535ebb2a-sqlitejdbc.dll" [0x00007ffeab910000]
Event: 1174.221 Unloaded dll "C:\Users\hp\AppData\Local\Temp\sqlite-3.41.2.2-c7a68954-ddca-4c3f-a248-0aa2806ba8ea-sqlitejdbc.dll" [0x00007ffea9580000]
Event: 1725.637 Unloaded dll "C:\Users\hp\AppData\Local\Temp\sqlite-3.41.2.2-88e89df0-0c8b-4464-b840-27bc4c07baa8-sqlitejdbc.dll" [0x00007ffea91c0000]
Event: 3561.708 Unloaded dll "C:\Users\hp\AppData\Local\Temp\sqlite-3.41.2.2-5f8e85be-7f02-4ac9-9cdd-0c168cbafece-sqlitejdbc.dll" [0x00007ffe84220000]
Event: 4382.376 Unloaded dll "C:\Users\hp\AppData\Local\Temp\sqlite-3.41.2.2-2e72a9f4-c595-4ece-8ce4-1e46925b2e97-sqlitejdbc.dll" [0x00007ffe84220000]
Event: 5203.139 Unloaded dll "C:\Users\hp\AppData\Local\Temp\sqlite-3.41.2.2-073f7ce5-fab0-4980-b564-d96fcb539d68-sqlitejdbc.dll" [0x00007ffe801b0000]
Event: 5203.142 Unloaded dll "C:\Users\hp\AppData\Local\Temp\sqlite-3.41.2.2-7ba8d779-aa11-44b5-ac23-9b776e1466cb-sqlitejdbc.dll" [0x00007ffe84220000]
Event: 5203.147 Unloaded dll "C:\Users\hp\AppData\Local\Temp\sqlite-3.41.2.2-92519d82-f44e-4362-9da7-5d2e43d75d6e-sqlitejdbc.dll" [0x00007ffe81270000]
Event: 5993.707 Unloaded dll "C:\Users\hp\AppData\Local\Temp\sqlite-3.41.2.2-77364659-2c22-4ddc-a1d2-a3615bc7de11-sqlitejdbc.dll" [0x00007ffe81270000]
Event: 5993.710 Unloaded dll "C:\Users\hp\AppData\Local\Temp\sqlite-3.41.2.2-699ea22c-93db-4a61-a9bf-da70ebfa8ff4-sqlitejdbc.dll" [0x00007ffe84220000]

Deoptimization events (20 events):
Event: 5994.537 Thread 0x00000182aec4c3a0 Uncommon trap: trap_request=0xffffffc6 fr.pc=0x00000182a2693bd4 relative=0x0000000000000954
Event: 5994.537 Thread 0x00000182aec4c3a0 Uncommon trap: reason=bimorphic_or_optimized_type_check action=maybe_recompile pc=0x00000182a2693bd4 method=com.sun.org.apache.xerces.internal.dom.NamedNodeMapImpl.findNamePoint(Ljava/lang/String;Ljava/lang/String;)I @ 52 c2
Event: 5994.537 Thread 0x00000182aec4c3a0 DEOPT PACKING pc=0x00000182a2693bd4 sp=0x00000022922fdef0
Event: 5994.538 Thread 0x00000182aec4c3a0 DEOPT UNPACKING pc=0x00000182a1578d02 sp=0x00000022922fde80 mode 2
Event: 5994.538 Thread 0x00000182aec4c3a0 Uncommon trap: trap_request=0xffffffc6 fr.pc=0x00000182a2693bd4 relative=0x0000000000000954
Event: 5994.538 Thread 0x00000182aec4c3a0 Uncommon trap: reason=bimorphic_or_optimized_type_check action=maybe_recompile pc=0x00000182a2693bd4 method=com.sun.org.apache.xerces.internal.dom.NamedNodeMapImpl.findNamePoint(Ljava/lang/String;Ljava/lang/String;)I @ 52 c2
Event: 5994.538 Thread 0x00000182aec4c3a0 DEOPT PACKING pc=0x00000182a2693bd4 sp=0x00000022922fdef0
Event: 5994.539 Thread 0x00000182aec4c3a0 DEOPT UNPACKING pc=0x00000182a1578d02 sp=0x00000022922fde80 mode 2
Event: 5994.539 Thread 0x00000182aec4c3a0 Uncommon trap: trap_request=0xffffffc6 fr.pc=0x00000182a2693bd4 relative=0x0000000000000954
Event: 5994.539 Thread 0x00000182aec4c3a0 Uncommon trap: reason=bimorphic_or_optimized_type_check action=maybe_recompile pc=0x00000182a2693bd4 method=com.sun.org.apache.xerces.internal.dom.NamedNodeMapImpl.findNamePoint(Ljava/lang/String;Ljava/lang/String;)I @ 52 c2
Event: 5994.539 Thread 0x00000182aec4c3a0 DEOPT PACKING pc=0x00000182a2693bd4 sp=0x00000022922fdef0
Event: 5994.540 Thread 0x00000182aec4c3a0 DEOPT UNPACKING pc=0x00000182a1578d02 sp=0x00000022922fde80 mode 2
Event: 5994.667 Thread 0x00000182b4e365b0 DEOPT PACKING pc=0x000001829b764cb9 sp=0x00000022930ff150
Event: 5994.669 Thread 0x00000182b4e365b0 DEOPT UNPACKING pc=0x00000182a14b1702 sp=0x00000022930fe5e0 mode 0
Event: 5994.758 Thread 0x00000182cb033ff0 DEOPT PACKING pc=0x000001829b210044 sp=0x00000022919fc6a0
Event: 5994.758 Thread 0x00000182b96ca7c0 Uncommon trap: trap_request=0xffffff45 fr.pc=0x00000182a24cebdc relative=0x000000000000005c
Event: 5994.758 Thread 0x00000182b96ca7c0 Uncommon trap: reason=unstable_if action=reinterpret pc=0x00000182a24cebdc method=java.lang.Float.isNaN(F)Z @ 3 c2
Event: 5994.758 Thread 0x00000182b96ca7c0 DEOPT PACKING pc=0x00000182a24cebdc sp=0x0000002292cfe7f0
Event: 5994.758 Thread 0x00000182b96ca7c0 DEOPT UNPACKING pc=0x00000182a1578d02 sp=0x0000002292cfe780 mode 2
Event: 5994.758 Thread 0x00000182cb033ff0 DEOPT UNPACKING pc=0x00000182a14b1702 sp=0x00000022919fbc20 mode 0

Classes loaded (20 events):
Event: 2761.738 Loading class java/lang/Throwable$WrappedPrintWriter
Event: 2761.743 Loading class java/lang/Throwable$WrappedPrintWriter done
Event: 2762.763 Loading class javax/xml/stream/FactoryFinder
Event: 2762.768 Loading class javax/xml/stream/FactoryFinder done
Event: 4595.063 Loading class java/util/concurrent/locks/AbstractQueuedLongSynchronizer$Node
Event: 4595.088 Loading class java/util/concurrent/locks/AbstractQueuedLongSynchronizer$Node done
Event: 5994.272 Loading class com/sun/org/apache/xerces/internal/dom/DeferredDocumentImpl
Event: 5994.321 Loading class com/sun/org/apache/xerces/internal/dom/DeferredNode
Event: 5994.324 Loading class com/sun/org/apache/xerces/internal/dom/DeferredNode done
Event: 5994.324 Loading class com/sun/org/apache/xerces/internal/dom/DeferredDocumentImpl done
Event: 5994.373 Loading class com/sun/org/apache/xerces/internal/dom/DeferredDocumentImpl$RefCount
Event: 5994.374 Loading class com/sun/org/apache/xerces/internal/dom/DeferredDocumentImpl$RefCount done
Event: 5994.444 Loading class com/sun/org/apache/xerces/internal/dom/DeferredElementImpl
Event: 5994.448 Loading class com/sun/org/apache/xerces/internal/dom/DeferredElementImpl done
Event: 5994.460 Loading class com/sun/org/apache/xerces/internal/dom/DeferredAttrImpl
Event: 5994.463 Loading class com/sun/org/apache/xerces/internal/dom/DeferredAttrImpl done
Event: 5994.478 Loading class com/sun/org/apache/xerces/internal/dom/DeferredTextImpl
Event: 5994.479 Loading class com/sun/org/apache/xerces/internal/dom/DeferredTextImpl done
Event: 5994.548 Loading class com/sun/org/apache/xerces/internal/dom/DeferredCommentImpl
Event: 5994.550 Loading class com/sun/org/apache/xerces/internal/dom/DeferredCommentImpl done

Classes unloaded (20 events):
Event: 5992.350 Thread 0x00000182ae6a8580 Unloading class 0x0000000016798400 'java/lang/invoke/LambdaForm$MH+0x0000000016798400'
Event: 5992.351 Thread 0x00000182ae6a8580 Unloading class 0x0000000018413000 'ijKotlinCoroutineJvmDebugInit1_3p1rs4353hnyo5rk0eh2glui6$_run_closure1$_closure3'
Event: 5992.351 Thread 0x00000182ae6a8580 Unloading class 0x00000000184129c8 'ijKotlinCoroutineJvmDebugInit1_3p1rs4353hnyo5rk0eh2glui6$_run_closure1$_closure2'
Event: 5992.351 Thread 0x00000182ae6a8580 Unloading class 0x0000000018412568 'ijKotlinCoroutineJvmDebugInit1_3p1rs4353hnyo5rk0eh2glui6$_run_closure1'
Event: 5992.351 Thread 0x00000182ae6a8580 Unloading class 0x0000000018412000 'ijKotlinCoroutineJvmDebugInit1_3p1rs4353hnyo5rk0eh2glui6'
Event: 5992.351 Thread 0x00000182ae6a8580 Unloading class 0x0000000018414710 'com/intellij/gradle/toolingExtension/impl/util/collectionUtil/GradleCollectionUtil'
Event: 5992.351 Thread 0x00000182ae6a8580 Unloading class 0x00000000184144b0 'com/intellij/gradle/toolingExtension/impl/initScript/util/GradleJvmForkedDebuggerHelper$$Lambda+0x00000000184144b0'
Event: 5992.351 Thread 0x00000182ae6a8580 Unloading class 0x0000000018414248 'com/intellij/gradle/toolingExtension/impl/initScript/util/GradleTasksUtil$$Lambda+0x0000000018414248'
Event: 5992.351 Thread 0x00000182ae6a8580 Unloading class 0x0000000018414000 'com/intellij/gradle/toolingExtension/impl/initScript/util/GradleTasksUtil'
Event: 5992.351 Thread 0x00000182ae6a8580 Unloading class 0x0000000018413cb0 'com/intellij/gradle/toolingExtension/impl/initScript/util/GradleDebuggerUtil'
Event: 5992.351 Thread 0x00000182ae6a8580 Unloading class 0x0000000018413a68 'com/intellij/gradle/toolingExtension/impl/initScript/util/GradleJvmForkedDebuggerHelper'
Event: 5992.351 Thread 0x00000182ae6a8580 Unloading class 0x0000000018413800 'com/intellij/gradle/toolingExtension/impl/initScript/util/GradleLifecycleUtil$$Lambda+0x0000000018413800'
Event: 5992.351 Thread 0x00000182ae6a8580 Unloading class 0x0000000018410c90 'com/intellij/gradle/toolingExtension/impl/initScript/util/GradleLifecycleUtil$$Lambda+0x0000000018410c90'
Event: 5992.351 Thread 0x00000182ae6a8580 Unloading class 0x0000000018410a48 'com/intellij/gradle/toolingExtension/util/GradleVersionUtil'
Event: 5992.351 Thread 0x00000182ae6a8580 Unloading class 0x0000000018410800 'com/intellij/gradle/toolingExtension/impl/initScript/util/GradleLifecycleUtil'
Event: 5992.351 Thread 0x00000182ae6a8580 Unloading class 0x00000000184118d0 'ijJvmDebugger1_2mezv50hp7pm2cagazdip430c$_run_closure1$_closure2$_closure4'
Event: 5992.351 Thread 0x00000182ae6a8580 Unloading class 0x0000000018411468 'ijJvmDebugger1_2mezv50hp7pm2cagazdip430c$_run_closure1$_closure2$_closure3'
Event: 5992.351 Thread 0x00000182ae6a8580 Unloading class 0x0000000018411000 'ijJvmDebugger1_2mezv50hp7pm2cagazdip430c$_run_closure1$_closure2'
Event: 5992.352 Thread 0x00000182ae6a8580 Unloading class 0x0000000018410000 'ijJvmDebugger1_2mezv50hp7pm2cagazdip430c$_run_closure1'
Event: 5992.352 Thread 0x00000182ae6a8580 Unloading class 0x000000001840d800 'ijJvmDebugger1_2mezv50hp7pm2cagazdip430c'

Classes redefined (0 events):
No events

Internal exceptions (20 events):
Event: 5994.642 Thread 0x00000182cb033ff0 Exception <a 'sun/nio/fs/WindowsException'{0x00000000ff816d48}> (0x00000000ff816d48) 
thrown [s\src\hotspot\share\prims\jni.cpp, line 535]
Event: 5994.642 Thread 0x00000182cb033ff0 Exception <a 'sun/nio/fs/WindowsException'{0x00000000ff818028}> (0x00000000ff818028) 
thrown [s\src\hotspot\share\prims\jni.cpp, line 535]
Event: 5994.642 Thread 0x00000182cb033ff0 Exception <a 'sun/nio/fs/WindowsException'{0x00000000ff81bb48}> (0x00000000ff81bb48) 
thrown [s\src\hotspot\share\prims\jni.cpp, line 535]
Event: 5994.642 Thread 0x00000182cb033ff0 Exception <a 'sun/nio/fs/WindowsException'{0x00000000ff81ca70}> (0x00000000ff81ca70) 
thrown [s\src\hotspot\share\prims\jni.cpp, line 535]
Event: 5994.642 Thread 0x00000182cb033ff0 Exception <a 'sun/nio/fs/WindowsException'{0x00000000ff81cbb8}> (0x00000000ff81cbb8) 
thrown [s\src\hotspot\share\prims\jni.cpp, line 535]
Event: 5994.662 Thread 0x00000182b617b690 Exception <a 'sun/nio/fs/WindowsException'{0x00000000ff4ad1b8}> (0x00000000ff4ad1b8) 
thrown [s\src\hotspot\share\prims\jni.cpp, line 535]
Event: 5994.673 Thread 0x00000182b617b690 Exception <a 'sun/nio/fs/WindowsException'{0x00000000ff1a8420}> (0x00000000ff1a8420) 
thrown [s\src\hotspot\share\prims\jni.cpp, line 535]
Event: 5994.676 Thread 0x00000182b617b690 Exception <a 'sun/nio/fs/WindowsException'{0x00000000ff040fb8}> (0x00000000ff040fb8) 
thrown [s\src\hotspot\share\prims\jni.cpp, line 535]
Event: 5994.677 Thread 0x00000182b617b690 Exception <a 'sun/nio/fs/WindowsException'{0x00000000ff041000}> (0x00000000ff041000) 
thrown [s\src\hotspot\share\prims\jni.cpp, line 535]
Event: 5994.677 Thread 0x00000182b617b690 Exception <a 'sun/nio/fs/WindowsException'{0x00000000ff0eae88}> (0x00000000ff0eae88) 
thrown [s\src\hotspot\share\prims\jni.cpp, line 535]
Event: 5994.723 Thread 0x00000182cb033ff0 Exception <a 'sun/nio/fs/WindowsException'{0x00000000b799eda8}> (0x00000000b799eda8) 
thrown [s\src\hotspot\share\prims\jni.cpp, line 535]
Event: 5994.724 Thread 0x00000182cb033ff0 Exception <a 'sun/nio/fs/WindowsException'{0x00000000b79ba5b8}> (0x00000000b79ba5b8) 
thrown [s\src\hotspot\share\prims\jni.cpp, line 535]
Event: 5994.725 Thread 0x00000182cb033ff0 Exception <a 'sun/nio/fs/WindowsException'{0x00000000b79bc4b8}> (0x00000000b79bc4b8) 
thrown [s\src\hotspot\share\prims\jni.cpp, line 535]
Event: 5994.726 Thread 0x00000182cb033ff0 Exception <a 'sun/nio/fs/WindowsException'{0x00000000b79fed20}> (0x00000000b79fed20) 
thrown [s\src\hotspot\share\prims\jni.cpp, line 535]
Event: 5994.727 Thread 0x00000182cb033ff0 Exception <a 'sun/nio/fs/WindowsException'{0x00000000b7815420}> (0x00000000b7815420) 
thrown [s\src\hotspot\share\prims\jni.cpp, line 535]
Event: 5994.727 Thread 0x00000182cb033ff0 Exception <a 'sun/nio/fs/WindowsException'{0x00000000b7815f40}> (0x00000000b7815f40) 
thrown [s\src\hotspot\share\prims\jni.cpp, line 535]
Event: 5994.759 Thread 0x00000182cb033ff0 Exception <a 'sun/nio/fs/WindowsException'{0x00000000b716e6e8}> (0x00000000b716e6e8) 
thrown [s\src\hotspot\share\prims\jni.cpp, line 535]
Event: 5994.763 Thread 0x00000182cb033ff0 Exception <a 'sun/nio/fs/WindowsException'{0x00000000b7061c70}> (0x00000000b7061c70) 
thrown [s\src\hotspot\share\prims\jni.cpp, line 535]
Event: 5994.764 Thread 0x00000182cb033ff0 Exception <a 'sun/nio/fs/WindowsException'{0x00000000b706d860}> (0x00000000b706d860) 
thrown [s\src\hotspot\share\prims\jni.cpp, line 535]
Event: 5994.765 Thread 0x00000182cb033ff0 Exception <a 'sun/nio/fs/WindowsException'{0x00000000b708a930}> (0x00000000b708a930) 
thrown [s\src\hotspot\share\prims\jni.cpp, line 535]

VM Operations (20 events):
Event: 5993.693 Executing safepoint VM operation: G1PauseRemark done
Event: 5994.174 Executing safepoint VM operation: G1CollectForAllocation (G1 Evacuation Pause)
Event: 5994.220 Executing safepoint VM operation: G1CollectForAllocation (G1 Evacuation Pause) done
Event: 5994.247 Executing safepoint VM operation: G1PauseCleanup
Event: 5994.247 Executing safepoint VM operation: G1PauseCleanup done
Event: 5994.355 Executing non-safepoint VM operation: HandshakeAllThreads (Deoptimize)
Event: 5994.357 Executing non-safepoint VM operation: HandshakeAllThreads (Deoptimize) done
Event: 5994.372 Executing non-safepoint VM operation: HandshakeAllThreads (Deoptimize)
Event: 5994.373 Executing non-safepoint VM operation: HandshakeAllThreads (Deoptimize) done
Event: 5994.378 Executing safepoint VM operation: G1CollectForAllocation (G1 Evacuation Pause)
Event: 5994.426 Executing safepoint VM operation: G1CollectForAllocation (G1 Evacuation Pause) done
Event: 5994.459 Executing non-safepoint VM operation: HandshakeAllThreads (Deoptimize)
Event: 5994.460 Executing non-safepoint VM operation: HandshakeAllThreads (Deoptimize) done
Event: 5994.475 Executing non-safepoint VM operation: HandshakeAllThreads (Deoptimize)
Event: 5994.476 Executing non-safepoint VM operation: HandshakeAllThreads (Deoptimize) done
Event: 5994.487 Executing non-safepoint VM operation: HandshakeAllThreads (Deoptimize)
Event: 5994.502 Executing non-safepoint VM operation: HandshakeAllThreads (Deoptimize) done
Event: 5994.585 Executing safepoint VM operation: G1CollectForAllocation (G1 Evacuation Pause)
Event: 5994.620 Executing safepoint VM operation: G1CollectForAllocation (G1 Evacuation Pause) done
Event: 5994.797 Executing safepoint VM operation: G1CollectForAllocation (G1 Evacuation Pause)

Memory protections (0 events):
No events

Nmethod flushes (20 events):
Event: 5993.626 Thread 0x00000182ae6a8580 flushing  nmethod 0x000001829b1fc008
Event: 5993.626 Thread 0x00000182ae6a8580 flushing  nmethod 0x000001829b8ed988
Event: 5993.626 Thread 0x00000182ae6a8580 flushing  nmethod 0x000001829b9ec488
Event: 5993.626 Thread 0x00000182ae6a8580 flushing  nmethod 0x000001829badf708
Event: 5993.626 Thread 0x00000182ae6a8580 flushing  nmethod 0x000001829bc6fa88
Event: 5993.626 Thread 0x00000182ae6a8580 flushing  nmethod 0x000001829bd22c08
Event: 5993.626 Thread 0x00000182ae6a8580 flushing  nmethod 0x000001829bd23a88
Event: 5993.626 Thread 0x00000182ae6a8580 flushing  nmethod 0x000001829c0fba88
Event: 5993.626 Thread 0x00000182ae6a8580 flushing  nmethod 0x000001829c33cb08
Event: 5993.626 Thread 0x00000182ae6a8580 flushing  nmethod 0x000001829c408e08
Event: 5993.626 Thread 0x00000182ae6a8580 flushing  nmethod 0x000001829c456f88
Event: 5993.626 Thread 0x00000182ae6a8580 flushing  nmethod 0x000001829c4b5708
Event: 5993.627 Thread 0x00000182ae6a8580 flushing  nmethod 0x000001829c4e2f88
Event: 5993.627 Thread 0x00000182ae6a8580 flushing  nmethod 0x000001829c4fae08
Event: 5993.627 Thread 0x00000182ae6a8580 flushing  nmethod 0x000001829c673f88
Event: 5993.627 Thread 0x00000182ae6a8580 flushing  nmethod 0x000001829c68cb88
Event: 5993.627 Thread 0x00000182ae6a8580 flushing  nmethod 0x000001829c893788
Event: 5993.627 Thread 0x00000182ae6a8580 flushing  nmethod 0x000001829ca4c208
Event: 5993.627 Thread 0x00000182ae6a8580 flushing  nmethod 0x000001829ca9fe88
Event: 5993.627 Thread 0x00000182ae6a8580 flushing  nmethod 0x000001829cd75008

Events (20 events):
Event: 5991.773 Thread 0x00000182b9995850 Thread added: 0x00000182b4e376e0
Event: 5991.779 Thread 0x00000182b9995850 Thread added: 0x00000182b8563e60
Event: 5991.784 Thread 0x00000182b4e376e0 Thread added: 0x00000182c26eafd0
Event: 5991.787 Thread 0x00000182b8563e60 Thread added: 0x00000182c2bbe100
Event: 5991.805 Thread 0x00000182c26eafd0 Thread added: 0x00000182b617a6f0
Event: 5991.807 Thread 0x00000182c2bbe100 Thread added: 0x00000182c2b19e50
Event: 5991.814 Thread 0x00000182cb036700 Thread added: 0x00000182b31201f0
Event: 5991.816 Thread 0x00000182c2b19e50 Thread added: 0x00000182b448d740
Event: 5991.833 Thread 0x00000182b617a6f0 Thread added: 0x00000182b96ca7c0
Event: 5991.834 Thread 0x00000182b448d740 Thread added: 0x00000182b6177810
Event: 5991.860 Thread 0x00000182b6177810 Thread added: 0x00000182c87a6ba0
Event: 5991.861 Thread 0x00000182b96ca7c0 Thread added: 0x00000182b617c630
Event: 5991.880 Thread 0x00000182c87a6ba0 Thread added: 0x00000182b4e365b0
Event: 5993.739 Thread 0x00000182c2a13770 Thread added: 0x00000182b5f57c00
Event: 5994.039 Thread 0x00000182cb033050 Thread added: 0x00000182b5f59370
Event: 5994.053 Thread 0x00000182b40e7e30 Thread added: 0x00000182b617e570
Event: 5994.058 Thread 0x00000182b40e7e30 Thread added: 0x00000182b617ed40
Event: 5994.064 Thread 0x00000182b40e7e30 Thread added: 0x00000182b617d5d0
Event: 5994.072 Thread 0x00000182b40e7e30 Thread added: 0x00000182b617b690
Event: 5994.143 Thread 0x00000182b40e7e30 Thread added: 0x00000182b311f250


Dynamic libraries:
0x00007ff69cfc0000 - 0x00007ff69cfca000 	C:\Program Files\Android\Android Studio\jbr\bin\java.exe
0x00007ffec54a0000 - 0x00007ffec5707000 	C:\WINDOWS\SYSTEM32\ntdll.dll
0x00007ffe85850000 - 0x00007ffe85871000 	C:\Program Files\Avast Software\Avast\aswhook.dll
0x00007ffec32b0000 - 0x00007ffec337b000 	C:\WINDOWS\System32\KERNEL32.DLL
0x00007ffec2730000 - 0x00007ffec2b32000 	C:\WINDOWS\System32\KERNELBASE.dll
0x00007ffebf4c0000 - 0x00007ffebf55f000 	C:\WINDOWS\SYSTEM32\apphelp.dll
0x00007ffec2b40000 - 0x00007ffec2c8c000 	C:\WINDOWS\System32\ucrtbase.dll
0x00007ffebd570000 - 0x00007ffebd586000 	C:\Program Files\Android\Android Studio\jbr\bin\jli.dll
0x00007ffe51530000 - 0x00007ffe5154b000 	C:\Program Files\Android\Android Studio\jbr\bin\VCRUNTIME140.dll
0x00007ffec42f0000 - 0x00007ffec44bf000 	C:\WINDOWS\System32\USER32.dll
0x00007ffec2d50000 - 0x00007ffec2d77000 	C:\WINDOWS\System32\win32u.dll
0x00007ffe8b4b0000 - 0x00007ffe8b740000 	C:\WINDOWS\WinSxS\amd64_microsoft.windows.common-controls_6595b64144ccf1df_6.0.26100.9278_none_3e0d1ba8e3303201\COMCTL32.dll
0x00007ffec31c0000 - 0x00007ffec31eb000 	C:\WINDOWS\System32\GDI32.dll
0x00007ffec48b0000 - 0x00007ffec4959000 	C:\WINDOWS\System32\msvcrt.dll
0x00007ffec3090000 - 0x00007ffec31b9000 	C:\WINDOWS\System32\gdi32full.dll
0x00007ffec2ca0000 - 0x00007ffec2d43000 	C:\WINDOWS\System32\msvcp_win.dll
0x00007ffec5350000 - 0x00007ffec5381000 	C:\WINDOWS\System32\IMM32.DLL
0x00007ffeaf600000 - 0x00007ffeaf60c000 	C:\Program Files\Android\Android Studio\jbr\bin\vcruntime140_1.dll
0x00007ffe4de20000 - 0x00007ffe4dead000 	C:\Program Files\Android\Android Studio\jbr\bin\msvcp140.dll
0x00007ffe41c20000 - 0x00007ffe42afd000 	C:\Program Files\Android\Android Studio\jbr\bin\server\jvm.dll
0x00007ffec5390000 - 0x00007ffec544c000 	C:\WINDOWS\System32\ADVAPI32.dll
0x00007ffec4a90000 - 0x00007ffec4b39000 	C:\WINDOWS\System32\sechost.dll
0x00007ffec4960000 - 0x00007ffec4a78000 	C:\WINDOWS\System32\RPCRT4.dll
0x00007ffec5250000 - 0x00007ffec52d0000 	C:\WINDOWS\System32\WS2_32.dll
0x00007ffec2500000 - 0x00007ffec255e000 	C:\WINDOWS\SYSTEM32\POWRPROF.dll
0x00007ffeba870000 - 0x00007ffeba8a6000 	C:\WINDOWS\SYSTEM32\WINMM.dll
0x00007ffebb480000 - 0x00007ffebb48b000 	C:\WINDOWS\SYSTEM32\VERSION.dll
0x00007ffec24e0000 - 0x00007ffec24f5000 	C:\WINDOWS\SYSTEM32\UMPDC.dll
0x00007ffec1370000 - 0x00007ffec138b000 	C:\WINDOWS\SYSTEM32\kernel.appcore.dll
0x00007ffeae2e0000 - 0x00007ffeae2ea000 	C:\Program Files\Android\Android Studio\jbr\bin\jimage.dll
0x00007ffeb6210000 - 0x00007ffeb645c000 	C:\WINDOWS\SYSTEM32\DBGHELP.DLL
0x00007ffec3f60000 - 0x00007ffec42e5000 	C:\WINDOWS\System32\combase.dll
0x00007ffec44f0000 - 0x00007ffec45c9000 	C:\WINDOWS\System32\OLEAUT32.dll
0x00007ffeb5020000 - 0x00007ffeb505b000 	C:\WINDOWS\SYSTEM32\dbgcore.DLL
0x00007ffec2f10000 - 0x00007ffec2fbc000 	C:\WINDOWS\System32\bcryptPrimitives.dll
0x00007ffebd480000 - 0x00007ffebd48e000 	C:\Program Files\Android\Android Studio\jbr\bin\instrument.dll
0x00007ffe51510000 - 0x00007ffe5152e000 	C:\Program Files\Android\Android Studio\jbr\bin\java.dll
0x00007ffec33d0000 - 0x00007ffec356a000 	C:\WINDOWS\System32\ole32.dll
0x00007ffec37c0000 - 0x00007ffec3f58000 	C:\WINDOWS\System32\SHELL32.dll
0x00007ffe51010000 - 0x00007ffe51026000 	C:\Program Files\Android\Android Studio\jbr\bin\zip.dll
0x00007ffec00d0000 - 0x00007ffec097e000 	C:\WINDOWS\SYSTEM32\windows.storage.dll
0x00007ffec3570000 - 0x00007ffec366b000 	C:\WINDOWS\System32\SHCORE.dll
0x00007ffec52e0000 - 0x00007ffec5346000 	C:\WINDOWS\System32\shlwapi.dll
0x00007ffec25c0000 - 0x00007ffec25e9000 	C:\WINDOWS\SYSTEM32\profapi.dll
0x00007ffeae230000 - 0x00007ffeae240000 	C:\Program Files\Android\Android Studio\jbr\bin\net.dll
0x00007ffec1930000 - 0x00007ffec199c000 	C:\WINDOWS\system32\mswsock.dll
0x00007ffe50ff0000 - 0x00007ffe51006000 	C:\Program Files\Android\Android Studio\jbr\bin\nio.dll
0x00007ffe9a010000 - 0x00007ffe9a020000 	C:\Program Files\Android\Android Studio\jbr\bin\verify.dll
0x00007ffe4ce20000 - 0x00007ffe4ce47000 	C:\Users\hp\.gradle\native\660c5614fbf4a5f2a75b1949f50a0caf5cd603558e7d8a26e50b933a0cfb79d1\windows-amd64\native-platform.dll
0x00007ffeae170000 - 0x00007ffeae1e7000 	C:\Users\hp\.gradle\native\0.2.8\x86_64-windows-gnu\gradle-fileevents.dll
0x00007ffe9ec70000 - 0x00007ffe9ec79000 	C:\Program Files\Android\Android Studio\jbr\bin\management.dll
0x00007ffe9bf60000 - 0x00007ffe9bf6b000 	C:\Program Files\Android\Android Studio\jbr\bin\management_ext.dll
0x00007ffec4d20000 - 0x00007ffec4d28000 	C:\WINDOWS\System32\PSAPI.DLL
0x00007ffec0cf0000 - 0x00007ffec0d23000 	C:\WINDOWS\SYSTEM32\IPHLPAPI.DLL
0x00007ffec37b0000 - 0x00007ffec37ba000 	C:\WINDOWS\System32\NSI.dll
0x00007ffea9f80000 - 0x00007ffea9f89000 	C:\Program Files\Android\Android Studio\jbr\bin\extnet.dll
0x00007ffec1c20000 - 0x00007ffec1c3b000 	C:\WINDOWS\SYSTEM32\CRYPTSP.dll
0x00007ffec12d0000 - 0x00007ffec1309000 	C:\WINDOWS\system32\rsaenh.dll
0x00007ffec19e0000 - 0x00007ffec1a14000 	C:\WINDOWS\SYSTEM32\USERENV.dll
0x00007ffec2590000 - 0x00007ffec25ba000 	C:\WINDOWS\SYSTEM32\bcrypt.dll
0x00007ffec1c40000 - 0x00007ffec1c4c000 	C:\WINDOWS\SYSTEM32\CRYPTBASE.dll
0x00007ffe75140000 - 0x00007ffe75148000 	C:\WINDOWS\system32\wshunix.dll
0x00007ffe4ba10000 - 0x00007ffe4bb9a000 	C:\Program Files\Android\Android Studio\jbr\bin\awt.dll
0x00007ffebf9d0000 - 0x00007ffebf9ff000 	C:\WINDOWS\SYSTEM32\dwmapi.dll
0x00007ffe89550000 - 0x00007ffe895c5000 	C:\WINDOWS\SYSTEM32\OLEACC.dll
0x00007ffe50350000 - 0x00007ffe50393000 	C:\Program Files\Android\Android Studio\jbr\bin\nvdaControllerClient.dll
0x00007ffebf6f0000 - 0x00007ffebf798000 	C:\WINDOWS\system32\uxtheme.dll
0x00007ffec4730000 - 0x00007ffec488b000 	C:\WINDOWS\System32\MSCTF.dll
0x00007ffec14a0000 - 0x00007ffec14d6000 	C:\WINDOWS\SYSTEM32\ntmarta.dll
0x00007ffeacbb0000 - 0x00007ffeacbc8000 	C:\WINDOWS\system32\napinsp.dll
0x00007ffec0d80000 - 0x00007ffec0ed8000 	C:\WINDOWS\SYSTEM32\DNSAPI.dll
0x00007ffec1730000 - 0x00007ffec173d000 	C:\WINDOWS\SYSTEM32\DSPARSE.dll
0x00007ffe97610000 - 0x00007ffe97623000 	C:\WINDOWS\System32\winrnr.dll
0x00007ffe975e0000 - 0x00007ffe97607000 	C:\WINDOWS\system32\nlansp_c.dll
0x00007ffe975c0000 - 0x00007ffe975d6000 	C:\WINDOWS\system32\wshbth.dll
0x00007ffebb470000 - 0x00007ffebb47b000 	C:\Windows\System32\rasadhlp.dll
0x00007ffebcc20000 - 0x00007ffebcca6000 	C:\WINDOWS\System32\fwpuclnt.dll
0x00007ffebd440000 - 0x00007ffebd447000 	C:\Program Files\Android\Android Studio\jbr\bin\rmi.dll
0x00007ffe801b0000 - 0x00007ffe80299000 	C:\Users\hp\AppData\Local\Temp\sqlite-3.41.2.2-c05e558a-8f1c-4b09-a7eb-4502cf0616b3-sqlitejdbc.dll

JVMTI agents:
C:\Users\hp\.gradle\wrapper\dists\gradle-9.6.0-bin\42k10rwplmzkhuboz9kdazi7s\gradle-9.6.0\lib\agents\gradle-instrumentation-agent-9.6.0.jar path:C:\Program Files\Android\Android Studio\jbr\bin\instrument.dll, loaded, initialized, instrumentlib options:none

dbghelp: loaded successfully - version: 4.0.5 - missing functions: none
symbol engine: initialized successfully - sym options: 0x614 - pdb path: .;C:\Program Files\Android\Android Studio\jbr\bin;C:\WINDOWS\SYSTEM32;C:\Program Files\Avast Software\Avast;C:\WINDOWS\WinSxS\amd64_microsoft.windows.common-controls_6595b64144ccf1df_6.0.26100.9278_none_3e0d1ba8e3303201;C:\Program Files\Android\Android Studio\jbr\bin\server;C:\Users\hp\.gradle\native\660c5614fbf4a5f2a75b1949f50a0caf5cd603558e7d8a26e50b933a0cfb79d1\windows-amd64;C:\Users\hp\.gradle\native\0.2.8\x86_64-windows-gnu;C:\Users\hp\AppData\Local\Temp

VM Arguments:
jvm_args: --add-opens=java.base/java.lang=ALL-UNNAMED --add-opens=java.base/java.lang.invoke=ALL-UNNAMED --add-opens=java.base/java.util=ALL-UNNAMED --add-opens=java.prefs/java.util.prefs=ALL-UNNAMED --add-exports=jdk.compiler/com.sun.tools.javac.api=ALL-UNNAMED --add-exports=jdk.compiler/com.sun.tools.javac.util=ALL-UNNAMED --add-opens=java.base/java.nio.charset=ALL-UNNAMED --add-opens=java.base/java.net=ALL-UNNAMED --add-opens=java.base/java.util.concurrent=ALL-UNNAMED --add-opens=java.base/java.util.concurrent.atomic=ALL-UNNAMED --add-opens=java.xml/javax.xml.namespace=ALL-UNNAMED --add-opens=java.base/java.time=ALL-UNNAMED --enable-native-access=ALL-UNNAMED -Xmx2048m -Dfile.encoding=UTF-8 -Duser.country=IN -Duser.language=en -Duser.variant -javaagent:C:\Users\hp\.gradle\wrapper\dists\gradle-9.6.0-bin\42k10rwplmzkhuboz9kdazi7s\gradle-9.6.0\lib\agents\gradle-instrumentation-agent-9.6.0.jar 
java_command: org.gradle.launcher.daemon.bootstrap.GradleDaemon 9.6.0
java_class_path (initial): C:\Users\hp\.gradle\wrapper\dists\gradle-9.6.0-bin\42k10rwplmzkhuboz9kdazi7s\gradle-9.6.0\lib\gradle-daemon-main-9.6.0.jar
Launcher Type: SUN_STANDARD

[Global flags]
     intx CICompilerCount                          = 4                                         {product} {ergonomic}
     uint ConcGCThreads                            = 3                                         {product} {ergonomic}
     uint G1ConcRefinementThreads                  = 10                                        {product} {ergonomic}
   size_t G1HeapRegionSize                         = 1048576                                   {product} {ergonomic}
   size_t InitialHeapSize                          = 123731968                                 {product} {ergonomic}
   size_t MarkStackSize                            = 4194304                                   {product} {ergonomic}
   size_t MarkStackSizeMax                         = 536870912                                 {product} {ergonomic}
   size_t MaxHeapSize                              = 2147483648                                {product} {command line}
   size_t MaxNewSize                               = 1287651328                                {product} {ergonomic}
   size_t MinHeapDeltaBytes                        = 1048576                                   {product} {ergonomic}
   size_t MinHeapSize                              = 8388608                                   {product} {ergonomic}
    uintx NonNMethodCodeHeapSize                   = 5898240                                {pd product} {ergonomic}
    uintx NonProfiledCodeHeapSize                  = 122945536                              {pd product} {ergonomic}
    uintx ProfiledCodeHeapSize                     = 122945536                              {pd product} {ergonomic}
    uintx ReservedCodeCacheSize                    = 251789312                              {pd product} {ergonomic}
     bool SegmentedCodeCache                       = true                                      {product} {ergonomic}
   size_t SoftMaxHeapSize                          = 2147483648                             {manageable} {ergonomic}
     bool UseCompressedOops                        = true                           {product lp64_product} {ergonomic}
     bool UseG1GC                                  = true                                      {product} {ergonomic}
     bool UseLargePagesIndividualAllocation        = false                                  {pd product} {ergonomic}

Logging:
Log output configuration:
 #0: stdout all=warning uptime,level,tags foldmultilines=false
 #1: stderr all=off uptime,level,tags foldmultilines=false

Release file:
JAVA_VERSION="25.0.3" 
MODULES="java.base java.compiler java.datatransfer java.xml java.prefs java.desktop java.instrument java.logging java.management java.security.sasl java.naming java.rmi java.management.rmi java.net.http java.scripting java.security.jgss java.transaction.xa java.sql java.sql.rowset java.xml.crypto java.se java.smartcardio jdk.accessibility jdk.internal.jvmstat jdk.attach jdk.charsets jdk.internal.opt jdk.zipfs jdk.compiler jdk.crypto.cryptoki jdk.crypto.ec jdk.dynalink jdk.hotspot.agent jdk.httpserver jdk.internal.ed jdk.internal.le jdk.internal.md jdk.internal.vm.ci jdk.jartool jdk.javadoc jdk.jcmd jdk.jdeps jdk.jdwp.agent jdk.jdi jdk.jfr jdk.jlink jdk.localedata jdk.management jdk.management.agent jdk.management.jfr jdk.naming.dns jdk.naming.rmi jdk.net jdk.sctp jdk.security.auth jdk.security.jgss jdk.unsupported jdk.unsupported.desktop jdk.xml.dom" 
IMPLEMENTOR="JetBrains s.r.o." 
JAVA_RUNTIME_VERSION="25.0.3+-15898627-b508.16" 
LIBC="default" 
OS_ARCH="x86_64" 
OS_NAME="Windows" 
SOURCE=".:git:a8b1dba3234f" 

Environment Variables:
PATH=C:\Program Files\Common Files\Oracle\Java\javapath;C:\WINDOWS\system32;C:\WINDOWS;C:\WINDOWS\System32\Wbem;C:\WINDOWS\System32\WindowsPowerShell\v1.0\;C:\WINDOWS\System32\OpenSSH\;C:\Program Files\Git\cmd;C:\Program Files\Microsoft SQL Server\170\Tools\Binn\;C:\Users\hp\AppData\Local\Microsoft\WindowsApps
USERNAME=hp
OS=Windows_NT
PROCESSOR_IDENTIFIER=AMD64 Family 23 Model 104 Stepping 1, AuthenticAMD
TMP=C:\Users\hp\AppData\Local\Temp
TEMP=C:\Users\hp\AppData\Local\Temp




Compilation memory statistics disabled.

Periodic native trim disabled

JNI global refs:
JNI global refs: 52, weak refs: 39

JNI global refs memory usage: 835, weak refs: 1465

Process memory usage:
Resident Set Size: 661220K (8% of 7681724K total physical memory with 363852K free physical memory)

OOME stack traces (most recent first):
Classloader memory used:
Loader org.gradle.internal.classloader.VisitableURLClassLoader$InstrumentingVisitableURLClassLoader: 75612 K
Loader java.net.URLClassLoader                                                         : 62220 K
Loader org.gradle.internal.classloader.VisitableURLClassLoader                         : 60728 K
Loader bootstrap                                                                       : 34806 K
Loader org.gradle.initialization.MixInLegacyTypesClassLoader                           : 18627 K
Loader org.gradle.internal.classloader.VisitableURLClassLoader                         : 8761 K
Loader jdk.internal.loader.ClassLoaders$PlatformClassLoader                            : 653 K
Loader jdk.internal.jrtfs.JrtFileSystemProvider$JrtFsLoader                            : 296 K
Loader jdk.internal.loader.ClassLoaders$AppClassLoader                                 : 188 K
Loader org.gradle.groovy.scripts.internal.DefaultScriptCompilationHandler$ScriptClassLoader: 186 K
Loader sun.reflect.misc.MethodUtil                                                     : 2968 B

Classes loaded by more than one classloader:
Class Program                                                                         : loaded 6 times (x 74B)
Class com.intellij.gradle.toolingExtension.util.GradleVersionUtil                     : loaded 4 times (x 73B)
Class com.google.common.collect.Iterators$SingletonIterator                           : loaded 4 times (x 83B)
Class com.google.common.collect.Iterators                                             : loaded 4 times (x 73B)
Class com.google.common.collect.Lists$StringAsImmutableList                           : loaded 4 times (x 209B)
Class com.google.common.collect.AbstractIterator                                      : loaded 4 times (x 84B)
Class com.google.common.collect.Iterators$MergingIterator                             : loaded 4 times (x 83B)
Class com.google.common.collect.AbstractIndexedListIterator                           : loaded 4 times (x 98B)
Class com.google.common.collect.Iterators$ArrayItr                                    : loaded 4 times (x 99B)
Class com.google.common.collect.Iterators$1                                           : loaded 4 times (x 83B)
Class com.google.common.collect.Iterators$4                                           : loaded 4 times (x 84B)
Class com.google.common.collect.Iterators$5                                           : loaded 4 times (x 84B)
Class com.google.common.collect.ImmutableCollection                                   : loaded 4 times (x 127B)
Class com.google.common.collect.Lists                                                 : loaded 4 times (x 73B)
Class com.google.common.collect.Iterators$9                                           : loaded 4 times (x 83B)
Class com.google.common.collect.UnmodifiableIterator                                  : loaded 4 times (x 82B)
Class com.google.common.collect.UnmodifiableListIterator                              : loaded 4 times (x 97B)
Class com.google.common.base.Preconditions                                            : loaded 4 times (x 73B)
Class com.google.common.collect.PeekingIterator                                       : loaded 4 times (x 72B)
Class Build_gradle                                                                    : loaded 4 times (x 128B)
Class com.google.common.collect.ImmutableList                                         : loaded 4 times (x 208B)
Class kotlin.coroutines.jvm.internal.SpillingKt                                       : loaded 3 times (x 73B)
Class kotlin.jvm.internal.markers.KMappedMarker                                       : loaded 3 times (x 72B)
Class ijJvmDebugger1_2mezv50hp7pm2cagazdip430c$_run_closure1$_closure2                : loaded 3 times (x 141B)
Class com.google.common.base.CharMatcher$IsEither                                     : loaded 3 times (x 114B)
Class kotlin.sequences.FilteringSequence$iterator$1                                   : loaded 3 times (x 81B)
Class kotlin.jvm.internal.CollectionToArray                                           : loaded 3 times (x 73B)
Class kotlin.io.FilesKt__FileTreeWalkKt                                               : loaded 3 times (x 73B)
Class kotlin.sequences.SequencesKt__SequenceBuilderKt                                 : loaded 3 times (x 73B)
Class kotlin.collections.CollectionsKt__ReversedViewsKt                               : loaded 3 times (x 73B)
Class com.google.common.base.CharMatcher$InRange                                      : loaded 3 times (x 114B)
Class kotlin.NoWhenBranchMatchedException                                             : loaded 3 times (x 84B)
Class kotlin.jvm.internal.CallableReference$NoReceiver                                : loaded 3 times (x 73B)
Class com.google.common.collect.RangeSet                                              : loaded 3 times (x 72B)
Class kotlin.text.StringsKt__StringBuilderKt                                          : loaded 3 times (x 73B)
Class kotlin.collections.ArraysKt__ArraysJVMKt                                        : loaded 3 times (x 73B)
Class com.google.common.base.Joiner$2                                                 : loaded 3 times (x 82B)
Class com.google.common.base.CharMatcher$1                                            : loaded 3 times (x 116B)
Class com.google.common.base.CharMatcher$NamedFastMatcher                             : loaded 3 times (x 115B)
Class kotlin.coroutines.EmptyCoroutineContext                                         : loaded 3 times (x 79B)
Class kotlin.collections.SetsKt__SetsKt                                               : loaded 3 times (x 73B)
Class com.google.common.base.Joiner$1                                                 : loaded 3 times (x 83B)
Class com.google.common.base.CharMatcher                                              : loaded 3 times (x 114B)
Class com.google.common.collect.ImmutableSet$SetBuilderImpl                           : loaded 3 times (x 78B)
Class kotlin.collections.ArraysKt                                                     : loaded 3 times (x 73B)
Class com.google.common.collect.ImmutableList$1                                       : loaded 3 times (x 99B)
Class kotlin.collections.ArrayDeque$Companion                                         : loaded 3 times (x 73B)
Class kotlin.text.CharsKt__CharKt                                                     : loaded 3 times (x 73B)
Class kotlin.coroutines.jvm.internal.SuspendFunction                                  : loaded 3 times (x 72B)
Class kotlin.ranges.RangesKt___RangesKt                                               : loaded 3 times (x 73B)
Class com.google.common.base.CharMatcher$Is                                           : loaded 3 times (x 114B)
Class com.google.common.base.CharMatcher$Negated                                      : loaded 3 times (x 116B)
Class kotlin.KotlinNullPointerException                                               : loaded 3 times (x 84B)
Class kotlin.sequences.SequenceBuilderIterator                                        : loaded 3 times (x 87B)
Class kotlin.ranges.OpenEndRange                                                      : loaded 3 times (x 72B)
Class kotlin.collections.CollectionsKt__IterablesKt                                   : loaded 3 times (x 73B)
Class kotlin.coroutines.intrinsics.CoroutineSingletons                                : loaded 3 times (x 81B)
Class kotlin.collections.MapsKt                                                       : loaded 3 times (x 73B)
Class kotlin.jvm.internal.Intrinsics                                                  : loaded 3 times (x 73B)
Class kotlin.reflect.KAnnotatedElement                                                : loaded 3 times (x 72B)
Class kotlin.coroutines.intrinsics.IntrinsicsKt                                       : loaded 3 times (x 73B)
Class kotlin.jvm.internal.markers.KMutableCollection                                  : loaded 3 times (x 72B)
Class kotlin.collections.EmptyMap                                                     : loaded 3 times (x 110B)
Class kotlin.ranges.IntProgression$Companion                                          : loaded 3 times (x 73B)
Class kotlin.ranges.IntRange$Companion                                                : loaded 3 times (x 73B)
Class com.google.common.collect.ImmutableRangeSet$ComplementRanges                    : loaded 3 times (x 209B)
Class com.google.common.collect.ImmutableSet$RegularSetBuilderImpl                    : loaded 3 times (x 78B)
Class kotlin.enums.EnumEntriesKt                                                      : loaded 3 times (x 73B)
Class org.gradle.internal.IoActions                                                   : loaded 3 times (x 73B)
Class kotlin.collections.CollectionsKt__MutableCollectionsJVMKt                       : loaded 3 times (x 73B)
Class kotlin.text.StringsKt___StringsKt                                               : loaded 3 times (x 73B)
Class kotlin.collections.MapsKt__MapWithDefaultKt                                     : loaded 3 times (x 73B)
Class kotlin.collections.ArraysKt___ArraysKt                                          : loaded 3 times (x 73B)
Class kotlin.collections.MapsKt___MapsKt                                              : loaded 3 times (x 73B)
Class kotlin.io.FilesKt                                                               : loaded 3 times (x 73B)
Class kotlin.jvm.internal.Ref$BooleanRef                                              : loaded 3 times (x 73B)
Class kotlin.reflect.KDeclarationContainer                                            : loaded 3 times (x 72B)
Class kotlin.annotation.Retention                                                     : loaded 3 times (x 72B)
Class kotlin.sequences.TransformingSequence                                           : loaded 3 times (x 77B)
Class kotlin.text.StringsKt___StringsJvmKt                                            : loaded 3 times (x 73B)
Class ijJvmDebugger1_2mezv50hp7pm2cagazdip430c$_run_closure1                          : loaded 3 times (x 140B)
Class org.gradle.api.GradleException                                                  : loaded 3 times (x 84B)
Class kotlin.collections.CollectionsKt___CollectionsKt                                : loaded 3 times (x 73B)
Class kotlin.annotation.Target                                                        : loaded 3 times (x 72B)
Class kotlin.collections.EmptySet                                                     : loaded 3 times (x 124B)
Class kotlin.jvm.functions.Function4                                                  : loaded 3 times (x 72B)
Class kotlin.jvm.functions.Function3                                                  : loaded 3 times (x 72B)
Class kotlin.collections.MapsKt___MapsJvmKt                                           : loaded 3 times (x 73B)
Class com.google.common.collect.AbstractRangeSet                                      : loaded 3 times (x 116B)
Class com.google.common.base.CharMatcher$NegatedFastMatcher                           : loaded 3 times (x 116B)
Class kotlin.jvm.functions.Function2                                                  : loaded 3 times (x 72B)
Class com.google.common.base.Predicate                                                : loaded 3 times (x 72B)
Class kotlin.KotlinNothingValueException                                              : loaded 3 times (x 84B)
Class kotlin.jvm.functions.Function1                                                  : loaded 3 times (x 72B)
Class kotlin.collections.AbstractMutableList                                          : loaded 3 times (x 208B)
Class com.google.common.base.CharMatcher$FastMatcher                                  : loaded 3 times (x 114B)
Class org.gradle.api.Action                                                           : loaded 3 times (x 72B)
Class org.gradle.internal.Cast                                                        : loaded 3 times (x 73B)
Class kotlin.collections.ArraysUtilJVM                                                : loaded 3 times (x 73B)
Class kotlin.jvm.functions.Function0                                                  : loaded 3 times (x 72B)
Class kotlin.sequences.FlatteningSequence$iterator$1                                  : loaded 3 times (x 81B)
Class kotlin.ranges.RangesKt                                                          : loaded 3 times (x 73B)
Class kotlin.TuplesKt                                                                 : loaded 3 times (x 73B)
Class kotlin.Unit                                                                     : loaded 3 times (x 73B)
Class kotlin.sequences.SequencesKt___SequencesJvmKt                                   : loaded 3 times (x 73B)
Class kotlin.jvm.internal.markers.KMutableIterable                                    : loaded 3 times (x 72B)
Class com.google.common.base.CharMatcher$Or                                           : loaded 3 times (x 115B)
Class kotlin.jvm.internal.FunctionReferenceImpl                                       : loaded 3 times (x 128B)
Class kotlin.collections.CollectionsKt___CollectionsJvmKt                             : loaded 3 times (x 73B)
Class com.google.common.collect.ImmutableSet                                          : loaded 3 times (x 147B)
Class com.google.common.base.CharMatcher$BitSetMatcher                                : loaded 3 times (x 115B)
Class kotlin.sequences.SequencesKt___SequencesKt                                      : loaded 3 times (x 73B)
Class kotlin.collections.AbstractList$Companion                                       : loaded 3 times (x 73B)
Class kotlin.Result$Companion                                                         : loaded 3 times (x 73B)
Class kotlin.coroutines.jvm.internal.BaseContinuationImpl                             : loaded 3 times (x 89B)
Class kotlin.comparisons.ComparisonsKt___ComparisonsKt                                : loaded 3 times (x 73B)
Class kotlin.jvm.internal.StringCompanionObject                                       : loaded 3 times (x 73B)
Class kotlin.text.CharsKt__CharJVMKt                                                  : loaded 3 times (x 73B)
Class kotlin.sequences.FilteringSequence                                              : loaded 3 times (x 77B)
Class kotlin.coroutines.Continuation                                                  : loaded 3 times (x 72B)
Class kotlin.sequences.SequencesKt__SequencesKt                                       : loaded 3 times (x 73B)
Class kotlin.collections.SetsKt___SetsKt                                              : loaded 3 times (x 73B)
Class kotlin.ranges.RangesKt__RangesKt                                                : loaded 3 times (x 73B)
Class kotlin.comparisons.ComparisonsKt__ComparisonsKt                                 : loaded 3 times (x 73B)
Class kotlin.Triple                                                                   : loaded 3 times (x 74B)
Class kotlin.sequences.SequencesKt___SequencesKt$flatMap$2                            : loaded 3 times (x 131B)
Class kotlin.sequences.SequencesKt__SequenceBuilderKt$sequence$$inlined$Sequence$1    : loaded 3 times (x 77B)
Class kotlin.text.Regex                                                               : loaded 3 times (x 74B)
Class com.google.common.collect.ImmutableRangeSet$Builder                             : loaded 3 times (x 79B)
Class kotlin.text.StringsKt__StringBuilderJVMKt                                       : loaded 3 times (x 73B)
Class kotlin.collections.AbstractCollection                                           : loaded 3 times (x 119B)
Class kotlin.collections.AbstractList                                                 : loaded 3 times (x 199B)
Class kotlin.coroutines.jvm.internal.RestrictedSuspendLambda                          : loaded 3 times (x 93B)
Class kotlin.text.StringsKt__AppendableKt                                             : loaded 3 times (x 73B)
Class com.google.common.collect.ImmutableRangeSet                                     : loaded 3 times (x 117B)
Class kotlin.sequences.SequencesKt__SequencesJVMKt                                    : loaded 3 times (x 73B)
Class kotlin.io.FilePathComponents                                                    : loaded 3 times (x 74B)
Class kotlin.collections.EmptyIterator                                                : loaded 3 times (x 91B)
Class kotlin.text.StringsKt__RegexExtensionsKt                                        : loaded 3 times (x 73B)
Class kotlin.jvm.internal.DefaultConstructorMarker                                    : loaded 3 times (x 73B)
Class kotlin.sequences.DistinctSequence                                               : loaded 3 times (x 77B)
Class kotlin.io.FileSystemException                                                   : loaded 3 times (x 84B)
Class com.google.common.collect.RegularImmutableList                                  : loaded 3 times (x 209B)
Class kotlin.enums.EnumEntries                                                        : loaded 3 times (x 72B)
Class com.google.common.base.Function                                                 : loaded 3 times (x 72B)
Class kotlin.ranges.IntRange                                                          : loaded 3 times (x 95B)
Class kotlin.jvm.internal.CallableReference                                           : loaded 3 times (x 112B)
Class com.google.common.collect.RegularImmutableSortedSet                             : loaded 3 times (x 302B)
Class com.google.common.base.CharMatcher$IsNot                                        : loaded 3 times (x 114B)
Class kotlin.ranges.IntProgression                                                    : loaded 3 times (x 83B)
Class com.google.common.collect.ImmutableSortedSet                                    : loaded 3 times (x 302B)
Class kotlin.sequences.SequencesKt___SequencesKt$sortedWith$1                         : loaded 3 times (x 77B)
Class kotlin.jvm.internal.markers.KMutableList                                        : loaded 3 times (x 72B)
Class kotlin.io.FilesKt__FileReadWriteKt                                              : loaded 3 times (x 73B)
Class kotlin.text.StringsKt__StringNumberConversionsKt                                : loaded 3 times (x 73B)
Class [Lkotlin.Pair;                                                                  : loaded 3 times (x 71B)
Class kotlin.coroutines.jvm.internal.RestrictedContinuationImpl                       : loaded 3 times (x 89B)
Class ijKotlinCoroutineJvmDebugInit1_3p1rs4353hnyo5rk0eh2glui6                        : loaded 3 times (x 173B)
Class com.google.common.collect.ImmutableAsList                                       : loaded 3 times (x 211B)
Class kotlin.text.StringsKt                                                           : loaded 3 times (x 73B)
Class com.google.common.collect.ForwardingObject                                      : loaded 3 times (x 74B)
Class kotlin.collections.CollectionsKt__IteratorsKt                                   : loaded 3 times (x 73B)
Class kotlin.sequences.SequencesKt                                                    : loaded 3 times (x 73B)
Class com.google.common.collect.ImmutableSet$CachingAsList                            : loaded 3 times (x 150B)
Class com.google.common.collect.ImmutableList$SubList                                 : loaded 3 times (x 209B)
Class kotlin.collections.CollectionsKt__CollectionsJVMKt                              : loaded 3 times (x 73B)
Class kotlin.text.StringsKt__StringNumberConversionsJVMKt                             : loaded 3 times (x 73B)
Class kotlin.io.FilesKt__UtilsKt                                                      : loaded 3 times (x 73B)
Class com.google.common.base.CharMatcher$AnyOf                                        : loaded 3 times (x 115B)
Class kotlin.coroutines.intrinsics.IntrinsicsKt__IntrinsicsJvmKt                      : loaded 3 times (x 73B)
Class kotlin.sequences.SequenceScope                                                  : loaded 3 times (x 75B)
Class kotlin.sequences.Sequence                                                       : loaded 3 times (x 72B)
Class ijKotlinCoroutineJvmDebugInit1_3p1rs4353hnyo5rk0eh2glui6$_run_closure1          : loaded 3 times (x 140B)
Class kotlin.coroutines.intrinsics.IntrinsicsKt__IntrinsicsKt                         : loaded 3 times (x 73B)
Class kotlin.text.RegexKt                                                             : loaded 3 times (x 73B)
Class com.google.common.base.CharMatcher$ForPredicate                                 : loaded 3 times (x 115B)
Class kotlin.coroutines.jvm.internal.CoroutineStackFrame                              : loaded 3 times (x 72B)
Class com.google.common.collect.SortedIterable                                        : loaded 3 times (x 72B)
Class kotlin.NotImplementedError                                                      : loaded 3 times (x 84B)
Class kotlin.UninitializedPropertyAccessException                                     : loaded 3 times (x 84B)
Class kotlin.Metadata                                                                 : loaded 3 times (x 72B)
Class com.google.common.collect.SingletonImmutableSet                                 : loaded 3 times (x 148B)
Class kotlin.collections.CollectionsKt___CollectionsKt$asSequence$$inlined$Sequence$1 : loaded 3 times (x 77B)
Class kotlin.sequences.FlatteningSequence                                             : loaded 3 times (x 77B)
Class kotlin.collections.MapsKt__MapsKt                                               : loaded 3 times (x 73B)
Class kotlin.reflect.KFunction                                                        : loaded 3 times (x 72B)
Class kotlin.collections.ArrayDeque                                                   : loaded 3 times (x 209B)
Class com.google.common.collect.ImmutableList$ReverseImmutableList                    : loaded 3 times (x 209B)
Class kotlin.collections.SetsKt                                                       : loaded 3 times (x 73B)
Class com.google.common.collect.SingletonImmutableList                                : loaded 3 times (x 209B)
Class kotlin.text.StringsKt__IndentKt                                                 : loaded 3 times (x 73B)
Class kotlin.io.NoSuchFileException                                                   : loaded 3 times (x 84B)
Class com.google.common.collect.NullnessCasts                                         : loaded 3 times (x 73B)
Class kotlin.collections.IntIterator                                                  : loaded 3 times (x 84B)
Class kotlin.text.StringsKt__StringsJVMKt                                             : loaded 3 times (x 73B)
Class com.google.common.base.ExtraObjectsMethodsForWeb                                : loaded 3 times (x 73B)
Class kotlin.ranges.ClosedRange                                                       : loaded 3 times (x 72B)
Class kotlin.sequences.DistinctIterator                                               : loaded 3 times (x 85B)
Class kotlin.internal.ProgressionUtilKt                                               : loaded 3 times (x 73B)
Class kotlin.io.FileAlreadyExistsException                                            : loaded 3 times (x 84B)
Class kotlin.Function                                                                 : loaded 3 times (x 72B)
Class kotlin.collections.SetsKt__SetsJVMKt                                            : loaded 3 times (x 73B)
Class kotlin.Result$Failure                                                           : loaded 3 times (x 74B)
Class kotlin.collections.ArraysKt__ArraysKt                                           : loaded 3 times (x 73B)
Class kotlin.collections.CollectionsKt                                                : loaded 3 times (x 73B)
Class kotlin.ResultKt                                                                 : loaded 3 times (x 73B)
Class kotlin.text.StringsKt__StringsKt                                                : loaded 3 times (x 73B)
Class com.google.common.base.Objects                                                  : loaded 3 times (x 73B)
Class kotlin.collections.EmptyList                                                    : loaded 3 times (x 176B)
Class kotlin.collections.MapsKt__MapsJVMKt                                            : loaded 3 times (x 73B)
Class com.google.common.base.CharMatcher$And                                          : loaded 3 times (x 115B)
Class kotlin.ranges.IntProgressionIterator                                            : loaded 3 times (x 84B)
Class ijJvmDebugger1_2mezv50hp7pm2cagazdip430c                                        : loaded 3 times (x 173B)
Class ijKotlinCoroutineJvmDebugInit1_3p1rs4353hnyo5rk0eh2glui6$_run_closure1$_closure2: loaded 3 times (x 140B)
Class com.google.common.collect.Range                                                 : loaded 3 times (x 88B)
Class kotlin.text.CharsKt                                                             : loaded 3 times (x 73B)
Class kotlin.collections.AbstractIterator                                             : loaded 3 times (x 85B)
Class com.google.common.collect.RegularImmutableSet                                   : loaded 3 times (x 150B)
Class kotlin.reflect.KCallable                                                        : loaded 3 times (x 72B)
Class com.google.common.collect.ImmutableRangeSet$1                                   : loaded 3 times (x 212B)
Class com.google.common.collect.RegularImmutableAsList                                : loaded 3 times (x 219B)
Class kotlin.io.FilesKt__FilePathComponentsKt                                         : loaded 3 times (x 73B)
Class kotlin.io.TerminateException                                                    : loaded 3 times (x 84B)
Class kotlin.collections.CollectionsKt__MutableCollectionsKt                          : loaded 3 times (x 73B)
Class com.google.common.collect.ImmutableList$Builder                                 : loaded 3 times (x 79B)
Class kotlin.Pair                                                                     : loaded 3 times (x 74B)
Class kotlin.sequences.TransformingSequence$iterator$1                                : loaded 3 times (x 81B)
Class kotlin.coroutines.CoroutineContext                                              : loaded 3 times (x 72B)
Class kotlin.coroutines.jvm.internal.DebugProbesKt                                    : loaded 3 times (x 73B)
Class kotlin.text.StringsKt__RegexExtensionsJVMKt                                     : loaded 3 times (x 73B)
Class kotlin.Result                                                                   : loaded 3 times (x 74B)
Class kotlin.comparisons.ComparisonsKt                                                : loaded 3 times (x 73B)
Class kotlin.collections.ArraysKt___ArraysJvmKt                                       : loaded 3 times (x 73B)
Class kotlin.collections.CollectionsKt__CollectionsKt                                 : loaded 3 times (x 73B)
Class kotlin.collections.CollectionsKt__IteratorsJVMKt                                : loaded 3 times (x 73B)
Class com.google.common.base.Joiner                                                   : loaded 3 times (x 82B)
Class kotlin.comparisons.ComparisonsKt___ComparisonsJvmKt                             : loaded 3 times (x 73B)
Class kotlin.enums.EnumEntriesList                                                    : loaded 3 times (x 225B)
Class kotlin.jvm.internal.FunctionBase                                                : loaded 3 times (x 72B)
Class kotlin.jvm.internal.FunctionReference                                           : loaded 3 times (x 128B)
Class [Lkotlin.coroutines.intrinsics.CoroutineSingletons;                             : loaded 3 times (x 71B)
Class com.google.common.collect.ImmutableRangeSet$AsSet                               : loaded 3 times (x 302B)
Class com.google.common.collect.ImmutableCollection$Builder                           : loaded 3 times (x 78B)
Class kotlin.jvm.KotlinReflectionNotSupportedError                                    : loaded 3 times (x 84B)
Class kotlin._Assertions                                                              : loaded 3 times (x 73B)
Class kotlin.text.Regex$Companion                                                     : loaded 3 times (x 73B)
Class org.jetbrains.plugins.gradle.model.ExternalLibraryDependency                    : loaded 2 times (x 72B)
Class com.google.gson.LongSerializationPolicy                                         : loaded 2 times (x 82B)
Class com.google.devtools.ksp.gradle.KspAATask$Companion$registerKspAATask$kspTaskProvider$1$3$7: loaded 2 times (x 76B)
Class org.objectweb.asm.FieldWriter                                                   : loaded 2 times (x 79B)
Class com.google.common.collect.MapMaker$Dummy                                        : loaded 2 times (x 81B)
Class com.google.common.reflect.Invokable                                             : loaded 2 times (x 105B)
Class com.google.common.cache.CacheBuilder$NullListener                               : loaded 2 times (x 84B)
Class org.gradle.internal.classpath.TransformedClassPath                              : loaded 2 times (x 98B)
Class org.gradle.internal.classloader.InstrumentingClassLoader                        : loaded 2 times (x 72B)
Class com.google.devtools.ksp.gradle.KspAATask$Companion$registerKspAATask$kspTaskProvider$1$3$8: loaded 2 times (x 76B)
Class com.amazon.ion.IonValue                                                         : loaded 2 times (x 72B)
Class com.google.devtools.ksp.gradle.KspAATask$Companion$registerKspAATask$kspTaskProvider$1$3$6$1: loaded 2 times (x 76B)
Class com.google.common.collect.MapDifference                                         : loaded 2 times (x 72B)
Class com.google.common.cache.LocalCache$Strength$3                                   : loaded 2 times (x 83B)
Class com.google.common.collect.TransformedIterator                                   : loaded 2 times (x 82B)
Class [Lcom.google.common.collect.Maps$EntryFunction;                                 : loaded 2 times (x 71B)
Class com.google.common.base.Splitter$1                                               : loaded 2 times (x 79B)
Class com.google.common.collect.Interner                                              : loaded 2 times (x 72B)
Class jdk.internal.jrtfs.SystemImage$1                                                : loaded 2 times (x 80B)
Class [Lkotlin.annotation.AnnotationTarget;                                           : loaded 2 times (x 71B)
Class org.apache.commons.io.output.UnsynchronizedByteArrayOutputStream                : loaded 2 times (x 104B)
Class com.google.common.collect.ImmutableListMultimap                                 : loaded 2 times (x 178B)
Class com.google.common.reflect.Types$ParameterizedTypeImpl                           : loaded 2 times (x 83B)
Class com.google.common.collect.Maps$IteratorBasedAbstractMap$1                       : loaded 2 times (x 140B)
Class com.google.common.cache.CacheLoader$FunctionToCacheLoader                       : loaded 2 times (x 77B)
Class com.google.devtools.ksp.gradle.KspAATask$Companion$registerKspAATask$kspTaskProvider$1$3$9: loaded 2 times (x 76B)
Class com.google.gson.internal.bind.DefaultDateTypeAdapter                            : loaded 2 times (x 76B)
Class com.google.gson.GsonBuilder                                                     : loaded 2 times (x 74B)
Class com.amazon.ion.impl.bin.IonRawBinaryWriter$ContainerType                        : loaded 2 times (x 81B)
Class com.amazon.ion.impl._Private_IonTextWriterBuilder$Mutable                       : loaded 2 times (x 103B)
Class com.google.common.collect.Interners$InternerImpl                                : loaded 2 times (x 77B)
Class com.google.common.io.ByteStreams                                                : loaded 2 times (x 73B)
Class kotlin.reflect.KTypeParameter                                                   : loaded 2 times (x 72B)
Class jdk.internal.jrtfs.SystemImage$2                                                : loaded 2 times (x 78B)
Class kotlin.collections.builders.AbstractMapBuilderEntrySet                          : loaded 2 times (x 146B)
Class kotlin.collections.builders.ListBuilder$Companion                               : loaded 2 times (x 73B)
Class kotlin.collections.builders.ListBuilder                                         : loaded 2 times (x 209B)
Class org.apache.commons.io.output.ByteArrayOutputStream                              : loaded 2 times (x 104B)
Class com.google.common.collect.EmptyImmutableListMultimap                            : loaded 2 times (x 178B)
Class com.google.common.collect.BaseImmutableMultimap                                 : loaded 2 times (x 125B)
Class com.google.common.reflect.TypeResolver$TypeVariableKey                          : loaded 2 times (x 74B)
Class com.google.common.base.MoreObjects                                              : loaded 2 times (x 73B)
Class com.google.devtools.ksp.gradle.KspAATask$Companion$registerKspAATask$kspTaskProvider$1$EntriesMappings: loaded 2 times (x 73B)
Class com.google.gson.internal.Primitives                                             : loaded 2 times (x 73B)
Class com.google.gson.stream.JsonWriter                                               : loaded 2 times (x 100B)
Class org.jetbrains.kotlin.idea.gradleTooling.KotlinSourceSetContainer                : loaded 2 times (x 72B)
Class io.opentelemetry.context.ContextStorageWrappers                                 : loaded 2 times (x 73B)
Class io.opentelemetry.context.propagation.DefaultContextPropagators                  : loaded 2 times (x 77B)
Class org.jetbrains.plugins.gradle.model.IntelliJSettings                             : loaded 2 times (x 72B)
Class com.google.common.collect.AllEqualOrdering                                      : loaded 2 times (x 116B)
Class com.android.builder.model.v2.ide.TestInfo$Execution                             : loaded 2 times (x 81B)
Class com.android.builder.model.v2.ide.AbstractArtifact                               : loaded 2 times (x 72B)
Class kotlin.reflect.KProperty0                                                       : loaded 2 times (x 72B)
Class [Lorg.objectweb.asm.Type;                                                       : loaded 2 times (x 71B)
Class com.google.common.collect.Platform                                              : loaded 2 times (x 73B)
Class org.gradle.internal.service.ServiceLocator                                      : loaded 2 times (x 72B)
Class com.intellij.openapi.externalSystem.model.project.dependencies.ResolutionState  : loaded 2 times (x 81B)
Class com.google.gson.internal.bind.TypeAdapterRuntimeTypeWrapper                     : loaded 2 times (x 76B)
Class com.amazon.ion.impl.IonWriterSystem                                             : loaded 2 times (x 172B)
Class com.amazon.ion.impl.bin.Symbols$2                                               : loaded 2 times (x 109B)
Class com.amazon.ion.impl.bin._Private_IonManagedWriter                               : loaded 2 times (x 72B)
Class com.intellij.gradle.toolingExtension.impl.model.util.turnOffDefaultTasksModel.GradleTurnOffDefaultTasksRequest: loaded 2 times (x 72B)
Class com.android.ide.gradle.model.GradlePropertiesModel                              : loaded 2 times (x 72B)
Class com.amazon.ion.impl._Private_ByteTransferSink                                   : loaded 2 times (x 72B)
Class com.amazon.ion.impl.bin.IonManagedBinaryWriter$ImportedSymbolResolverMode$1$1   : loaded 2 times (x 80B)
Class org.gradle.tooling.internal.adapter.ProtocolToModelAdapter$SupportedPropertyInvoker: loaded 2 times (x 78B)
Class org.gradle.tooling.model.UnsupportedMethodException                             : loaded 2 times (x 84B)
Class jdk.internal.jrtfs.JrtFileSystemProvider                                        : loaded 2 times (x 103B)
Class kotlin.reflect.KClass                                                           : loaded 2 times (x 72B)
Class kotlin.reflect.KProperty1                                                       : loaded 2 times (x 72B)
Class org.apache.commons.io.FileExistsException                                       : loaded 2 times (x 84B)
Class com.google.common.base.Ascii                                                    : loaded 2 times (x 73B)
Class com.google.common.collect.SingletonImmutableBiMap                               : loaded 2 times (x 145B)
Class com.google.common.cache.LocalCache$1                                            : loaded 2 times (x 91B)
Class com.google.common.collect.AbstractMapEntry                                      : loaded 2 times (x 83B)
Class com.google.devtools.ksp.gradle.KspGradleSubplugin$apply$1                       : loaded 2 times (x 76B)
Class com.google.devtools.ksp.gradle.KspConfigurations                                : loaded 2 times (x 74B)
Class com.amazon.ion.impl.lite.IonContainerLite                                       : loaded 2 times (x 250B)
Class com.amazon.ion.IonBufferConfiguration$OversizedSymbolTableHandler               : loaded 2 times (x 72B)
Class com.amazon.ion.system.IonWriterBuilder                                          : loaded 2 times (x 76B)
Class org.jetbrains.plugins.gradle.tooling.serialization.ToolingStreamApiUtils        : loaded 2 times (x 73B)
Class com.amazon.ion.facet.Faceted                                                    : loaded 2 times (x 72B)
Class com.android.builder.model.v2.ide.BytecodeTransformation                         : loaded 2 times (x 81B)
Class com.amazon.ion.IonDatagram                                                      : loaded 2 times (x 72B)
Class com.google.devtools.ksp.gradle.KspAATask$Companion$registerKspAATask$kspTaskProvider$1$3$6: loaded 2 times (x 77B)
Class kotlin.reflect.KProperty2                                                       : loaded 2 times (x 72B)
Class kotlin.sequences.GeneratorSequence$iterator$1                                   : loaded 2 times (x 81B)
Class kotlin.io.CloseableKt                                                           : loaded 2 times (x 73B)
Class com.google.common.io.ByteSource$ByteArrayByteSource                             : loaded 2 times (x 87B)
Class com.google.common.collect.AbstractSetMultimap                                   : loaded 2 times (x 175B)
Class com.google.common.collect.MapMakerInternalMap$AbstractStrongKeyEntry            : loaded 2 times (x 82B)
Class com.google.common.reflect.TypeToken$SimpleTypeToken                             : loaded 2 times (x 75B)
Class com.google.common.collect.Sets$ImprovedAbstractSet                              : loaded 2 times (x 137B)
Class com.google.common.cache.LocalCache$2                                            : loaded 2 times (x 144B)
Class com.google.common.collect.AbstractMultimap                                      : loaded 2 times (x 125B)
Class com.google.gson.internal.bind.MapTypeAdapterFactory$Adapter                     : loaded 2 times (x 76B)
Class com.google.gson.internal.sql.SqlTimeTypeAdapter$1                               : loaded 2 times (x 77B)
Class com.amazon.ion.impl.bin.utf8.Poolable                                           : loaded 2 times (x 81B)
Class com.amazon.ion.IonSymbol                                                        : loaded 2 times (x 72B)
Class io.opentelemetry.api.trace.SpanContext                                          : loaded 2 times (x 72B)
Class io.opentelemetry.api.trace.DefaultTracer$NoopSpanBuilder                        : loaded 2 times (x 93B)
Class org.jetbrains.plugins.gradle.tooling.serialization.AnnotationProcessingModelSerializationService$WriteContext: loaded 2 times (x 74B)
Class com.google.common.cache.LocalCache$Strength$2                                   : loaded 2 times (x 83B)
Class com.google.common.collect.Collections2$FilteredCollection                       : loaded 2 times (x 121B)
Class com.android.builder.model.v2.ide.CodeShrinker                                   : loaded 2 times (x 81B)
Class com.google.common.reflect.Types$ClassOwnership$3                                : loaded 2 times (x 73B)
Class com.google.common.util.concurrent.SettableFuture                                : loaded 2 times (x 116B)
Class org.apache.commons.io.output.QueueOutputStream                                  : loaded 2 times (x 89B)
Class kotlin.ReplaceWith                                                              : loaded 2 times (x 72B)
Class kotlin.coroutines.CoroutineContext$Element                                      : loaded 2 times (x 72B)
Class com.google.devtools.ksp.gradle.KspAATask$Companion$registerKspAATask$kspTaskProvider$1$3$compilerArgument$1$1: loaded 2 times (x 76B)
Class org.jetbrains.kotlin.idea.gradleTooling.KotlinGradlePluginVersion               : loaded 2 times (x 72B)
Class com.intellij.gradle.toolingExtension.impl.util.collectionUtil.GradleCollections : loaded 2 times (x 73B)
Class com.amazon.ion.impl.lite.IonStructLite                                          : loaded 2 times (x 300B)
Class com.amazon.ion.impl._Private_ReaderWriter                                       : loaded 2 times (x 72B)
Class com.amazon.ion.impl.bin.AbstractSymbolTable                                     : loaded 2 times (x 109B)
Class com.amazon.ion.Decimal                                                          : loaded 2 times (x 136B)
Class com.amazon.ion.impl.bin._Private_IonManagedBinaryWriterBuilder$AllocatorMode$1  : loaded 2 times (x 82B)
Class com.intellij.compose.ide.plugin.gradleTooling.rt.ComposeResourcesModel          : loaded 2 times (x 72B)
Class org.jetbrains.plugins.gradle.tooling.serialization.ProjectDependenciesSerializationService$WriteContext: loaded 2 times (x 74B)
Class org.jetbrains.plugins.gradle.tooling.serialization.ProjectDependenciesSerializationService: loaded 2 times (x 79B)
Class kotlin.coroutines.jvm.internal.ContinuationImpl                                 : loaded 2 times (x 89B)
Class kotlin.coroutines.jvm.internal.SuspendLambda                                    : loaded 2 times (x 93B)
Class kotlin.collections.MapWithDefault                                               : loaded 2 times (x 72B)
Class kotlin.jvm.functions.Function22                                                 : loaded 2 times (x 72B)
Class org.gradle.tooling.model.kotlin.dsl.KotlinDslScriptModel                        : loaded 2 times (x 72B)
Class org.gradle.tooling.internal.adapter.CollectionMapper                            : loaded 2 times (x 75B)
Class kotlin.io.LinesSequence$iterator$1                                              : loaded 2 times (x 81B)
Class com.google.common.util.concurrent.AbstractFuture$Trusted                        : loaded 2 times (x 72B)
Class com.google.common.base.Optional                                                 : loaded 2 times (x 82B)
Class kotlin.collections.builders.MapBuilderEntries                                   : loaded 2 times (x 147B)
Class com.intellij.gradle.toolingExtension.impl.initScript.util.GradleJvmForkedDebuggerHelper: loaded 2 times (x 73B)
Class kotlin.annotation.AnnotationRetention                                           : loaded 2 times (x 81B)
Class org.jetbrains.kotlin.tooling.core.KotlinToolingVersion                          : loaded 2 times (x 77B)
Class com.google.gson.internal.bind.DefaultDateTypeAdapter$DateType                   : loaded 2 times (x 75B)
Class com.amazon.ion.impl.lite.IonFloatLite                                           : loaded 2 times (x 189B)
Class com.amazon.ion.impl._Private_IonTextWriterBuilder                               : loaded 2 times (x 103B)
Class com.amazon.ion.impl.bin._Private_IonManagedBinaryWriterBuilder$AllocatorMode$2  : loaded 2 times (x 82B)
Class io.opentelemetry.api.trace.DefaultTracerProvider                                : loaded 2 times (x 81B)
Class org.gradle.tooling.model.Dependency                                             : loaded 2 times (x 72B)
Class [Lcom.android.builder.model.v2.ide.LibraryType;                                 : loaded 2 times (x 71B)
Class com.android.builder.model.v2.ide.LibraryType                                    : loaded 2 times (x 81B)
Class com.google.common.collect.ExplicitOrdering                                      : loaded 2 times (x 117B)
Class org.gradle.kotlin.dsl.VersionCatalogAccessorsKt                                 : loaded 2 times (x 73B)
Class jdk.internal.jimage.ImageLocation                                               : loaded 2 times (x 92B)
Class jdk.internal.jrtfs.JrtDirectoryStream$1                                         : loaded 2 times (x 85B)
Class kotlin.collections.MutableMapWithDefault                                        : loaded 2 times (x 72B)
Class kotlin.coroutines.ContinuationInterceptor$Key                                   : loaded 2 times (x 73B)
Class kotlin.text.DelimitedRangesSequence$iterator$1                                  : loaded 2 times (x 81B)
Class com.google.common.io.ByteSink$AsCharSink                                        : loaded 2 times (x 82B)
Class com.google.common.util.concurrent.UncheckedExecutionException                   : loaded 2 times (x 84B)
Class com.google.devtools.ksp.gradle.KspAATask$Companion$registerKspAATask$kspTaskProvider$1$3$oldJvmDefaultMode$1$1: loaded 2 times (x 76B)
Class com.google.devtools.ksp.gradle.IsolatedClassLoaderCacheBuildService             : loaded 2 times (x 81B)
Class ijKotlinCoroutineJvmDebugInit1_3p1rs4353hnyo5rk0eh2glui6$_run_closure1$_closure3: loaded 2 times (x 140B)
Class com.google.gson.internal.bind.ReflectiveTypeAdapterFactory$1                    : loaded 2 times (x 76B)
Class org.jetbrains.plugins.gradle.ExternalDependencyId                               : loaded 2 times (x 72B)
Class com.amazon.ion.impl._Private_IonReaderBuilder                                   : loaded 2 times (x 99B)
Class com.amazon.ion.IonMutableCatalog                                                : loaded 2 times (x 72B)
Class com.intellij.gradle.toolingExtension.impl.model.buildScriptClasspathModel.GradleBuildScriptClasspathSerializationService$WriteContext: loaded 2 times (x 74B)
Class org.gradle.tooling.internal.adapter.ProtocolToModelAdapter                      : loaded 2 times (x 82B)
Class kotlin.collections.builders.MapBuilder$EntriesItr                               : loaded 2 times (x 83B)
Class kotlin.io.FileTreeWalk$FileTreeWalkIterator$WhenMappings                        : loaded 2 times (x 73B)
Class com.google.devtools.ksp.gradle.KspAATask$Companion$registerKspAATask$kspTaskProvider$1$3$oldJvmDefaultMode$1$2: loaded 2 times (x 76B)
Class com.google.gson.internal.bind.ReflectiveTypeAdapterFactory$2                    : loaded 2 times (x 80B)
Class [Lio.opentelemetry.context.ThreadLocalContextStorage$NoopScope;                 : loaded 2 times (x 71B)
Class io.opentelemetry.context.ThreadLocalContextStorage$NoopScope                    : loaded 2 times (x 87B)
Class org.gradle.api.JavaVersion                                                      : loaded 2 times (x 81B)
Class com.android.ide.common.gradle.Separator                                         : loaded 2 times (x 81B)
Class com.android.builder.model.v2.ide.AndroidGradlePluginProjectFlags$BooleanFlag    : loaded 2 times (x 81B)
Class org.jetbrains.plugins.gradle.tooling.serialization.GradleExtensionsSerializationService: loaded 2 times (x 79B)
Class com.intellij.platform.diagnostic.telemetry.rt.context.TelemetryContextGetter    : loaded 2 times (x 77B)
Class org.gradle.internal.time.DefaultTimer                                           : loaded 2 times (x 82B)
Class jdk.internal.jimage.ImageBufferCache$1                                          : loaded 2 times (x 84B)
Class kotlin.DeprecationLevel                                                         : loaded 2 times (x 81B)
Class kotlin.collections.ArraysKt___ArraysKt$asSequence$$inlined$Sequence$1           : loaded 2 times (x 77B)
Class kotlin.time.DurationUnitKt__DurationUnitJvmKt                                   : loaded 2 times (x 73B)
Class org.objectweb.asm.ClassWriter                                                   : loaded 2 times (x 107B)
Class com.google.common.collect.HashMultimapGwtSerializationDependencies              : loaded 2 times (x 175B)
Class com.google.common.collect.AbstractMapBasedMultimap$KeySet$1                     : loaded 2 times (x 84B)
Class com.google.common.cache.CacheLoader$UnsupportedLoadingOperationException        : loaded 2 times (x 84B)
Class com.google.gson.ToNumberStrategy                                                : loaded 2 times (x 72B)
Class com.google.gson.TypeAdapter                                                     : loaded 2 times (x 75B)
Class com.amazon.ion.impl.bin.PooledBlockAllocatorProvider$PooledBlockAllocator       : loaded 2 times (x 83B)
Class com.amazon.ion.impl.bin.PooledBlockAllocatorProvider$PooledBlockAllocator$1     : loaded 2 times (x 81B)
Class com.amazon.ion.impl.lite.IonStringLite                                          : loaded 2 times (x 215B)
Class io.opentelemetry.context.ImplicitContextKeyed                                   : loaded 2 times (x 72B)
Class org.gradle.tooling.internal.adapter.ProtocolToModelAdapter$ViewKey              : loaded 2 times (x 74B)
Class jdk.internal.jimage.ImageBufferCache$2                                          : loaded 2 times (x 93B)
Class kotlin.text.LinesIterator$State                                                 : loaded 2 times (x 73B)
Class kotlin.collections.builders.ListBuilderKt                                       : loaded 2 times (x 73B)
Class kotlin.coroutines.ContinuationKt                                                : loaded 2 times (x 73B)
Class org.objectweb.asm.FieldVisitor                                                  : loaded 2 times (x 79B)
Class com.google.common.collect.FluentIterable$1                                      : loaded 2 times (x 83B)
Class com.google.common.collect.IndexedImmutableSet                                   : loaded 2 times (x 154B)
Class com.google.common.collect.ImmutableMap$1                                        : loaded 2 times (x 83B)
Class com.google.common.collect.BiMap                                                 : loaded 2 times (x 72B)
Class org.gradle.api.internal.classpath.DefaultModuleRegistry$DefaultModule           : loaded 2 times (x 84B)
Class com.amazon.ion.impl.bin.Block                                                   : loaded 2 times (x 81B)
Class io.opentelemetry.context.DefaultContextKey                                      : loaded 2 times (x 74B)
Class com.amazon.ion.IonTimestamp                                                     : loaded 2 times (x 72B)
Class com.android.builder.model.v2.CustomSourceDirectory                              : loaded 2 times (x 72B)
Class com.google.common.collect.NullsFirstOrdering                                    : loaded 2 times (x 117B)
Class com.android.ide.common.repository.AgpVersion                                    : loaded 2 times (x 77B)
Class org.jetbrains.plugins.gradle.tooling.util.ObjectCollector$HasherHook            : loaded 2 times (x 74B)
Class kotlin.jvm.internal.KotlinGenericDeclaration                                    : loaded 2 times (x 72B)
Class org.gradle.tooling.internal.adapter.ProtocolToModelAdapter$PropertyCachingMethodInvoker: loaded 2 times (x 78B)
Class com.google.common.primitives.Ints                                               : loaded 2 times (x 73B)
Class com.google.common.reflect.Reflection                                            : loaded 2 times (x 73B)
Class com.google.common.collect.FluentIterable$2                                      : loaded 2 times (x 83B)
Class com.google.common.base.Absent                                                   : loaded 2 times (x 82B)
Class com.intellij.openapi.externalSystem.model.ExternalSystemException               : loaded 2 times (x 87B)
Class org.jetbrains.plugins.gradle.model.ExternalTask                                 : loaded 2 times (x 72B)
Class com.amazon.ion.impl.bin.utf8.Utf8StringEncoderPool$1                            : loaded 2 times (x 78B)
Class com.amazon.ion.impl.lite.IonLoaderLite                                          : loaded 2 times (x 84B)
Class com.amazon.ion.impl.lite.IonContext                                             : loaded 2 times (x 72B)
Class com.amazon.ion.impl.IonWriterSystemText                                         : loaded 2 times (x 191B)
Class [Lcom.amazon.ion.impl.bin.IonManagedBinaryWriter$ImportedSymbolResolverMode;    : loaded 2 times (x 71B)
Class com.amazon.ion.ValueFactory                                                     : loaded 2 times (x 72B)
Class io.opentelemetry.api.internal.IncubatingUtil                                    : loaded 2 times (x 73B)
Class io.opentelemetry.api.GlobalOpenTelemetry$ObfuscatedOpenTelemetry                : loaded 2 times (x 94B)
Class com.google.devtools.ksp.gradle.KspAATask$Companion$registerKspAATask$kspTaskProvider$1$3$5: loaded 2 times (x 77B)
Class com.android.builder.model.v2.models.ProjectSyncIssues                           : loaded 2 times (x 72B)
Class com.google.common.cache.LocalCache$Strength$1                                   : loaded 2 times (x 83B)
Class com.google.common.collect.Sets$4                                                : loaded 2 times (x 143B)
Class org.gradle.internal.time.DefaultCountdownTimer                                  : loaded 2 times (x 90B)
Class kotlin.Deprecated                                                               : loaded 2 times (x 72B)
Class kotlin.collections.IndexingIterable                                             : loaded 2 times (x 81B)
Class com.google.common.collect.FluentIterable$3                                      : loaded 2 times (x 83B)
Class com.google.common.math.MathPreconditions                                        : loaded 2 times (x 73B)
Class com.google.common.collect.ObjectArrays                                          : loaded 2 times (x 73B)
Class com.google.common.collect.ArrayListMultimapGwtSerializationDependencies         : loaded 2 times (x 173B)
Class com.google.common.collect.Multiset                                              : loaded 2 times (x 72B)
Class com.google.gson.internal.ObjectConstructor                                      : loaded 2 times (x 72B)
Class com.amazon.ion.impl.bin.IonManagedBinaryWriter$SymbolResolver                   : loaded 2 times (x 72B)
Class com.amazon.ion.impl._Private_SymbolToken                                        : loaded 2 times (x 72B)
Class com.amazon.ion.impl.bin._Private_IonManagedBinaryWriterBuilder$AllocatorMode    : loaded 2 times (x 82B)
Class org.jetbrains.plugins.gradle.model.GradleTaskModel                              : loaded 2 times (x 72B)
Class org.jetbrains.plugins.gradle.tooling.util.ObjectCollector                       : loaded 2 times (x 74B)
Class com.google.common.reflect.TypeResolver                                          : loaded 2 times (x 74B)
Class org.gradle.tooling.internal.adapter.ProtocolToModelAdapter$AdaptingMethodInvoker: loaded 2 times (x 78B)
Class org.gradle.tooling.internal.gradle.DefaultBuildIdentifier                       : loaded 2 times (x 81B)
Class com.google.common.reflect.Types$ClassOwnership$2                                : loaded 2 times (x 82B)
Class org.apache.commons.io.output.NullOutputStream                                   : loaded 2 times (x 87B)
Class com.google.common.collect.ImmutableMapEntrySet                                  : loaded 2 times (x 154B)
Class org.gradle.api.internal.classpath.Module                                        : loaded 2 times (x 72B)
Class com.google.devtools.ksp.gradle.KspSubpluginKt$getClassStructureFiles$1          : loaded 2 times (x 76B)
Class [Lcom.amazon.ion.util.GzipStreamInterceptor;                                    : loaded 2 times (x 71B)
Class com.amazon.ion.impl._Private_IonReaderBuilder$Mutable                           : loaded 2 times (x 99B)
Class com.intellij.openapi.externalSystem.model.project.IExternalSystemSourceType     : loaded 2 times (x 72B)
Class com.google.common.collect.MapMakerInternalMap$StrongValueEntry                  : loaded 2 times (x 72B)
Class org.objectweb.asm.ModuleVisitor                                                 : loaded 2 times (x 83B)
Class kotlin.KotlinVersion                                                            : loaded 2 times (x 76B)
Class kotlin.reflect.KMutableProperty                                                 : loaded 2 times (x 72B)
Class com.google.common.cache.Weigher                                                 : loaded 2 times (x 72B)
Class org.gradle.api.internal.classpath.UnknownModuleException                        : loaded 2 times (x 84B)
Class com.google.devtools.ksp.gradle.KspAATask$Companion$registerKspAATask$kspTaskProvider$1$2: loaded 2 times (x 76B)
Class io.opentelemetry.api.trace.TraceStateBuilder                                    : loaded 2 times (x 72B)
Class com.intellij.openapi.externalSystem.model.project.dependencies.ProjectDependencies: loaded 2 times (x 72B)
Class org.jetbrains.plugins.gradle.tooling.serialization.ProjectDependenciesSerializationService$ReadContext: loaded 2 times (x 74B)
Class com.google.common.io.ByteArrayDataInput                                         : loaded 2 times (x 72B)
Class jdk.internal.jimage.ImageHeader                                                 : loaded 2 times (x 73B)
Class kotlin.jvm.internal.PropertyReference                                           : loaded 2 times (x 117B)
Class com.google.common.base.Stopwatch                                                : loaded 2 times (x 74B)
Class com.google.common.cache.LocalCache$Strength                                     : loaded 2 times (x 83B)
Class com.google.common.cache.Cache                                                   : loaded 2 times (x 72B)
Class kotlin.collections.IndexingIterator                                             : loaded 2 times (x 81B)
Class org.apache.commons.io.filefilter.IOFileFilter                                   : loaded 2 times (x 72B)
Class com.google.common.util.concurrent.AbstractFuture$Cancellation                   : loaded 2 times (x 74B)
Class com.google.common.io.AppendableWriter                                           : loaded 2 times (x 101B)
Class com.google.common.base.NullnessCasts                                            : loaded 2 times (x 73B)
Class com.google.common.collect.ImmutableMap$Builder                                  : loaded 2 times (x 84B)
Class com.google.devtools.ksp.gradle.KspSubpluginKt                                   : loaded 2 times (x 73B)
Class [Lcom.google.gson.ToNumberPolicy;                                               : loaded 2 times (x 71B)
Class com.google.gson.ToNumberPolicy                                                  : loaded 2 times (x 85B)
Class com.amazon.ion.IonBufferConfiguration                                           : loaded 2 times (x 74B)
Class com.amazon.ion.impl.bin.Symbols                                                 : loaded 2 times (x 73B)
Class org.jetbrains.plugins.gradle.tooling.serialization.RepositoriesModelSerializationService: loaded 2 times (x 84B)
Class com.android.ide.gradle.model.artifacts.AdditionalClassifierArtifactsModel       : loaded 2 times (x 72B)
Class org.gradle.tooling.internal.gradle.GradleProjectIdentity                        : loaded 2 times (x 72B)
Class [Lkotlin.reflect.KAnnotatedElement;                                             : loaded 2 times (x 71B)
Class com.google.common.collect.AbstractMapBasedMultimap$AsMap$AsMapIterator          : loaded 2 times (x 85B)
Class com.google.common.collect.AbstractMapBasedMultimap$WrappedCollection$WrappedIterator: loaded 2 times (x 86B)
Class com.google.common.collect.Maps$EntryFunction$1                                  : loaded 2 times (x 93B)
Class com.google.common.base.Present                                                  : loaded 2 times (x 83B)
Class com.google.common.cache.RemovalListener                                         : loaded 2 times (x 72B)
Class org.gradle.api.internal.DefaultClassPathRegistry                                : loaded 2 times (x 78B)
Class [Lcom.amazon.ion.impl.bin.AbstractIonWriter$WriteValueOptimization;             : loaded 2 times (x 71B)
Class io.opentelemetry.api.internal.AutoValue_ImmutableSpanContext                    : loaded 2 times (x 94B)
Class org.jetbrains.plugins.gradle.tooling.serialization.RepositoriesModelSerializationService$ReadContext: loaded 2 times (x 74B)
Class org.jetbrains.plugins.gradle.tooling.util.ObjectCollector$Hasher                : loaded 2 times (x 72B)
Class kotlin.jvm.functions.Function21                                                 : loaded 2 times (x 72B)
Class com.android.builder.model.v2.ide.JavaArtifact                                   : loaded 2 times (x 72B)
Class kotlin.annotation.AnnotationTarget                                              : loaded 2 times (x 81B)
Class kotlin.jvm.JvmClassMappingKt                                                    : loaded 2 times (x 73B)
Class kotlin.jvm.internal.Reflection                                                  : loaded 2 times (x 73B)
Class kotlin.reflect.KProperty                                                        : loaded 2 times (x 72B)
Class org.apache.commons.io.file.DeleteOption                                         : loaded 2 times (x 72B)
Class com.google.common.primitives.IntsMethodsForWeb                                  : loaded 2 times (x 73B)
Class com.google.common.collect.ImmutableMultimap$Keys                                : loaded 2 times (x 168B)
Class com.google.common.reflect.Invokable$ConstructorInvokable                        : loaded 2 times (x 109B)
Class com.google.common.collect.Maps$EntryFunction$2                                  : loaded 2 times (x 93B)
Class com.google.common.collect.Multimap                                              : loaded 2 times (x 72B)
Class org.gradle.internal.classpath.DefaultClassPath$ImmutableUniqueList              : loaded 2 times (x 201B)
Class org.gradle.api.internal.ClassPathRegistry                                       : loaded 2 times (x 72B)
Class org.gradle.kotlin.dsl.DebugImplementationConfigurationAccessorsKt               : loaded 2 times (x 73B)
Class com.google.devtools.ksp.gradle.AndroidPluginIntegration$decorateAndroidExtension$1: loaded 2 times (x 77B)
Class com.google.devtools.ksp.gradle.AndroidPluginIntegration                         : loaded 2 times (x 73B)
Class org.jetbrains.plugins.gradle.model.ClasspathEntryModel                          : loaded 2 times (x 72B)
Class com.amazon.ion.impl.bin.IonManagedBinaryWriter$UserState                        : loaded 2 times (x 87B)
Class com.amazon.ion.impl._Private_IonWriter                                          : loaded 2 times (x 72B)
Class com.amazon.ion.impl.bin._Private_IonManagedBinaryWriterBuilder                  : loaded 2 times (x 74B)
Class com.intellij.gradle.toolingExtension.impl.model.projectModel.GradleExternalProjectSerializationService$WriteContext: loaded 2 times (x 75B)
Class org.jetbrains.kotlin.idea.gradleTooling.KotlinDslScriptAdditionalTask           : loaded 2 times (x 72B)
Class org.jetbrains.kotlin.idea.gradleTooling.model.kapt.KaptGradleModel              : loaded 2 times (x 72B)
Class com.google.devtools.ksp.gradle.KspAATask                                        : loaded 2 times (x 327B)
Class kotlin.jvm.internal.TypeIntrinsics                                              : loaded 2 times (x 73B)
Class org.apache.commons.io.IOUtils                                                   : loaded 2 times (x 73B)
Class com.google.common.collect.MapMakerInternalMap$Segment                           : loaded 2 times (x 143B)
Class com.google.common.reflect.TypeToken                                             : loaded 2 times (x 75B)
Class org.gradle.internal.service.UnknownServiceException                             : loaded 2 times (x 85B)
Class com.google.devtools.ksp.gradle.KspAATask$Companion$registerKspAATask$kspTaskProvider$1$3$11: loaded 2 times (x 76B)
Class com.google.devtools.ksp.gradle.KspAATask$Companion                              : loaded 2 times (x 73B)
Class com.google.gson.internal.bind.ArrayTypeAdapter$1                                : loaded 2 times (x 77B)
Class com.google.gson.internal.bind.JsonTreeWriter                                    : loaded 2 times (x 100B)
Class [Lcom.amazon.ion.SymbolToken;                                                   : loaded 2 times (x 71B)
Class io.opentelemetry.api.trace.ImmutableTraceFlags                                  : loaded 2 times (x 79B)
Class com.google.common.cache.LocalCache$LocalLoadingCache                            : loaded 2 times (x 136B)
Class com.android.builder.model.v2.dsl.SigningConfig                                  : loaded 2 times (x 72B)
Class com.google.common.collect.Sets$3                                                : loaded 2 times (x 143B)
Class com.android.builder.model.v2.models.AndroidProject                              : loaded 2 times (x 72B)
Class com.android.builder.model.v2.AndroidModel                                       : loaded 2 times (x 72B)
Class com.google.common.reflect.Types$ClassOwnership$1                                : loaded 2 times (x 82B)
Class Settings_gradle$1                                                               : loaded 2 times (x 76B)
Class kotlin.time.DurationUnit                                                        : loaded 2 times (x 81B)
Class com.google.common.cache.RemovalCause                                            : loaded 2 times (x 82B)
Class com.google.common.io.ByteSink                                                   : loaded 2 times (x 78B)
Class com.google.common.cache.CacheBuilder                                            : loaded 2 times (x 74B)
Class org.gradle.internal.classpath.ClassPath                                         : loaded 2 times (x 72B)
Class com.google.devtools.ksp.gradle.KspAATask$Companion$registerKspAATask$kspTaskProvider$1$3$12: loaded 2 times (x 77B)
Class ijJvmDebugger1_2mezv50hp7pm2cagazdip430c$_run_closure1$_closure2$_closure3      : loaded 2 times (x 141B)
Class org.jetbrains.plugins.gradle.model.ExternalProjectDependency                    : loaded 2 times (x 72B)
Class org.jetbrains.plugins.gradle.tooling.serialization.KotlinDslScriptsModelSerializationService: loaded 2 times (x 83B)
Class com.google.common.base.AbstractIterator$State                                   : loaded 2 times (x 81B)
Class com.google.common.collect.MapMakerInternalMap$Strength$2                        : loaded 2 times (x 82B)
Class [Lorg.objectweb.asm.AnnotationVisitor;                                          : loaded 2 times (x 71B)
Class kotlin.sequences.TakeWhileSequence$iterator$1                                   : loaded 2 times (x 81B)
Class com.google.common.collect.Interners$InternerBuilder                             : loaded 2 times (x 78B)
Class com.google.common.io.Files$FileByteSource                                       : loaded 2 times (x 87B)
Class [Lcom.google.common.reflect.Types$JavaVersion;                                  : loaded 2 times (x 71B)
Class com.google.common.base.JdkPattern                                               : loaded 2 times (x 77B)
Class com.google.devtools.ksp.gradle.KspGradleSubplugin$Companion$getKspJavaOutputDir$1: loaded 2 times (x 76B)
Class ijJvmDebugger1_2mezv50hp7pm2cagazdip430c$_run_closure1$_closure2$_closure4      : loaded 2 times (x 140B)
Class com.amazon.ion.system.IonSystemBuilder$Mutable                                  : loaded 2 times (x 77B)
Class com.amazon.ion.impl.bin.IonManagedBinaryWriter$SymbolResolverBuilder            : loaded 2 times (x 72B)
Class org.jetbrains.kotlin.idea.gradleTooling.KotlinGradleModel                       : loaded 2 times (x 72B)
Class [Lio.opentelemetry.api.trace.TraceFlags;                                        : loaded 2 times (x 71B)
Class [Lio.opentelemetry.context.ContextStorage;                                      : loaded 2 times (x 71B)
Class com.intellij.platform.diagnostic.telemetry.rt.context.TelemetryContext          : loaded 2 times (x 135B)
Class org.jetbrains.plugins.gradle.tooling.serialization.ExternalTestsSerializationService$WriteContext: loaded 2 times (x 74B)
Class kotlin.jvm.functions.Function20                                                 : loaded 2 times (x 72B)
Class kotlin.jvm.internal.Lambda                                                      : loaded 2 times (x 77B)
Class kotlin.time.DurationUnitKt__DurationUnitKt                                      : loaded 2 times (x 73B)
Class [Lkotlin.reflect.KDeclarationContainer;                                         : loaded 2 times (x 71B)
Class com.google.devtools.ksp.IncrementalContextLoggingOptions                        : loaded 2 times (x 74B)
Class com.google.errorprone.annotations.DoNotMock                                     : loaded 2 times (x 72B)
Class com.google.common.io.CharStreams$NullWriter                                     : loaded 2 times (x 101B)
Class org.objectweb.asm.SymbolTable$Entry                                             : loaded 2 times (x 75B)
Class org.gradle.api.internal.classpath.DefaultModuleRegistry$DefaultModuleAlias      : loaded 2 times (x 82B)
Class com.google.devtools.ksp.gradle.KspAATask$Companion$registerKspAATask$kspTaskProvider$1$3$14: loaded 2 times (x 76B)
Class com.intellij.gradle.toolingExtension.impl.util.collectionUtil.GradleCollectionUtil: loaded 2 times (x 73B)
Class com.google.gson.internal.bind.ReflectiveTypeAdapterFactory                      : loaded 2 times (x 77B)
Class com.google.gson.internal.sql.SqlTimestampTypeAdapter                            : loaded 2 times (x 78B)
Class com.amazon.ion.impl.bin.IonManagedBinaryWriter$LocalSymbolTableView             : loaded 2 times (x 121B)
Class com.amazon.ion.impl.bin.IonRawBinaryWriter$ThrowingRunnable                     : loaded 2 times (x 72B)
Class io.opentelemetry.context.ThreadLocalContextStorage                              : loaded 2 times (x 87B)
Class jdk.internal.jrtfs.SystemImage                                                  : loaded 2 times (x 76B)
Class com.android.builder.model.v2.ide.Variant                                        : loaded 2 times (x 72B)
Class org.gradle.tooling.model.Model                                                  : loaded 2 times (x 72B)
Class jdk.internal.jimage.ImageStringsReader                                          : loaded 2 times (x 82B)
Class kotlin.jvm.internal.markers.KMutableMap$Entry                                   : loaded 2 times (x 72B)
Class org.objectweb.asm.Edge                                                          : loaded 2 times (x 74B)
Class com.google.common.base.Suppliers$SupplierOfInstance                             : loaded 2 times (x 81B)
Class com.google.devtools.ksp.gradle.utils.KgpUtilsKt                                 : loaded 2 times (x 73B)
Class com.google.gson.internal.sql.SqlDateTypeAdapter$1                               : loaded 2 times (x 77B)
Class com.amazon.ion.UnknownSymbolException                                           : loaded 2 times (x 87B)
Class com.android.ide.gradle.model.composites.BuildMap                                : loaded 2 times (x 72B)
Class com.android.builder.model.v2.ide.SyncIssue                                      : loaded 2 times (x 72B)
Class com.android.ide.common.repository.AgpVersion$PreviewKind$WhenMappings           : loaded 2 times (x 73B)
Class com.amazon.ion.impl.lite.IonBoolLite                                            : loaded 2 times (x 181B)
Class kotlin.text.MatchResult$Destructured                                            : loaded 2 times (x 74B)
Class org.gradle.api.internal.ClassPathProvider                                       : loaded 2 times (x 72B)
Class [Lorg.gradle.api.internal.ClassPathProvider;                                    : loaded 2 times (x 71B)
Class kotlin.properties.Delegates                                                     : loaded 2 times (x 73B)
Class kotlin.collections.AbstractMutableSet                                           : loaded 2 times (x 144B)
Class com.google.devtools.ksp.processing.KSPJvmConfig                                 : loaded 2 times (x 74B)
Class com.google.common.reflect.TypeToken$1                                           : loaded 2 times (x 112B)
Class com.google.common.cache.LocalCache$ComputingValueReference                      : loaded 2 times (x 98B)
Class com.google.common.collect.ImmutableMap$IteratorBasedImmutableMap                : loaded 2 times (x 128B)
Class io.opentelemetry.context.Context                                                : loaded 2 times (x 72B)
Class org.jetbrains.plugins.gradle.model.IntelliJProjectSettings                      : loaded 2 times (x 72B)
Class com.android.builder.model.v2.ide.Library                                        : loaded 2 times (x 72B)
Class com.android.builder.model.v2.ide.ArtifactDependenciesAdjacencyList              : loaded 2 times (x 72B)
Class com.android.builder.model.v2.models.Versions                                    : loaded 2 times (x 72B)
Class org.gradle.tooling.internal.adapter.ProtocolToModelAdapter$MethodInvocationCache: loaded 2 times (x 75B)
Class jdk.internal.jimage.ImageReader                                                 : loaded 2 times (x 77B)
Class kotlin.reflect.KProperty$Getter                                                 : loaded 2 times (x 72B)
Class com.google.common.collect.AbstractMapBasedMultimap$AsMap$AsMapEntries           : loaded 2 times (x 140B)
Class com.google.common.reflect.TypeToken$2                                           : loaded 2 times (x 112B)
Class com.google.common.cache.LocalCache$Segment                                      : loaded 2 times (x 155B)
Class com.google.devtools.ksp.gradle.KspGradleSubplugin$apply$2$1                     : loaded 2 times (x 77B)
Class com.google.gson.internal.bind.ReflectiveTypeAdapterFactory$Adapter              : loaded 2 times (x 79B)
Class com.google.gson.internal.bind.TypeAdapters$10                                   : loaded 2 times (x 77B)
Class org.jetbrains.plugins.gradle.model.ExternalDependency                           : loaded 2 times (x 72B)
Class com.intellij.util.containers.IntObjectHashMap                                   : loaded 2 times (x 74B)
Class com.google.common.collect.Sets$2                                                : loaded 2 times (x 143B)
Class com.google.common.collect.Maps$ViewCachingAbstractMap                           : loaded 2 times (x 127B)
Class com.android.builder.model.v2.models.ndk.NativeModule                            : loaded 2 times (x 72B)
Class org.gradle.tooling.model.dsl.GradleDslBaseScriptModel                           : loaded 2 times (x 72B)
Class jdk.internal.jimage.ImageReader$SharedImageReader                               : loaded 2 times (x 97B)
Class kotlin.time.DurationJvmKt                                                       : loaded 2 times (x 73B)
Class kotlin.SafePublicationLazyImpl                                                  : loaded 2 times (x 78B)
Class [Lcom.google.common.base.Supplier;                                              : loaded 2 times (x 71B)
Class [Lorg.objectweb.asm.SymbolTable$Entry;                                          : loaded 2 times (x 71B)
Class com.google.common.collect.ImmutableBiMap                                        : loaded 2 times (x 145B)
Class com.google.common.cache.CacheLoader                                             : loaded 2 times (x 76B)
Class com.google.common.collect.AbstractListMultimap                                  : loaded 2 times (x 173B)
Class org.gradle.api.internal.classpath.ModuleRegistry                                : loaded 2 times (x 72B)
Class org.gradle.internal.installation.GradleInstallation$1                           : loaded 2 times (x 77B)
Class com.google.devtools.ksp.gradle.KSPVersionsKt                                    : loaded 2 times (x 73B)
Class com.google.gson.internal.bind.TypeAdapters$11                                   : loaded 2 times (x 77B)
Class [Lcom.google.gson.FieldNamingPolicy;                                            : loaded 2 times (x 71B)
Class com.amazon.ion.impl.bin.IonManagedBinaryWriter$SymbolState$1                    : loaded 2 times (x 82B)
Class com.amazon.ion.impl.LocalSymbolTableAsStruct$Factory                            : loaded 2 times (x 81B)
Class [Lcom.amazon.ion.IonType;                                                       : loaded 2 times (x 71B)
Class org.jetbrains.plugins.gradle.model.VersionCatalogsModel                         : loaded 2 times (x 72B)
Class com.intellij.gradle.toolingExtension.impl.model.sourceSetDependencyModel.GradleSourceSetDependencySerialisationService$SourceSetDependencyModelReadContext: loaded 2 times (x 74B)
Class com.intellij.gradle.toolingExtension.impl.model.dependencyModel.DependencyReadContext: loaded 2 times (x 74B)
Class [Lcom.google.common.base.Function;                                              : loaded 2 times (x 71B)
Class com.android.ide.common.repository.AgpVersion$PreviewKind$Companion              : loaded 2 times (x 73B)
Class org.gradle.tooling.internal.adapter.ObjectGraphAdapter                          : loaded 2 times (x 72B)
Class com.google.devtools.ksp.processing.KSPLogger                                    : loaded 2 times (x 72B)
Class org.apache.commons.io.output.NullWriter                                         : loaded 2 times (x 101B)
Class com.google.common.util.concurrent.internal.InternalFutureFailureAccess          : loaded 2 times (x 74B)
Class com.google.common.base.Splitter$SplittingIterator                               : loaded 2 times (x 85B)
Class com.google.common.collect.ImmutableSet$JdkBackedSetBuilderImpl                  : loaded 2 times (x 78B)
Class com.google.devtools.ksp.gradle.KspExtension_Decorated                           : loaded 2 times (x 138B)
Class com.google.gson.internal.bind.TypeAdapters$12                                   : loaded 2 times (x 77B)
Class [Lcom.google.gson.ToNumberStrategy;                                             : loaded 2 times (x 71B)
Class org.jetbrains.plugins.gradle.model.ProjectImportModelProvider                   : loaded 2 times (x 72B)
Class org.jetbrains.plugins.gradle.model.ExternalSourceSet                            : loaded 2 times (x 72B)
Class com.amazon.ion.impl.bin.IonManagedBinaryWriter$SymbolState$2                    : loaded 2 times (x 82B)
Class com.amazon.ion.IonNull                                                          : loaded 2 times (x 72B)
Class com.intellij.gradle.toolingExtension.impl.model.warmUp.GradleTaskWarmUpRequest  : loaded 2 times (x 72B)
Class com.google.common.collect.MapMakerInternalMap$Strength$1                        : loaded 2 times (x 82B)
Class com.android.builder.model.v2.ide.Installation                                   : loaded 2 times (x 72B)
Class com.google.common.collect.ImmutableSortedAsList                                 : loaded 2 times (x 223B)
Class kotlin.collections.builders.MapBuilder$EntryRef                                 : loaded 2 times (x 83B)
Class kotlin.sequences.SequencesKt__SequencesKt$sequenceOf$$inlined$Sequence$1        : loaded 2 times (x 77B)
Class kotlin.time.Duration$Companion                                                  : loaded 2 times (x 73B)
Class com.google.common.collect.ImmutableMultimap$Values                              : loaded 2 times (x 128B)
Class com.google.common.collect.Iterators$6                                           : loaded 2 times (x 83B)
Class com.google.common.cache.LocalCache$LocalManualCache$1                           : loaded 2 times (x 77B)
Class org.gradle.tooling.ToolingModelContract                                         : loaded 2 times (x 72B)
Class com.google.gson.internal.bind.TypeAdapters$13                                   : loaded 2 times (x 77B)
Class com.amazon.ion.impl.bin.IonRawBinaryWriter$ContainerInfo                        : loaded 2 times (x 76B)
Class com.amazon.ion.impl.bin.IonManagedBinaryWriter$SymbolState$3                    : loaded 2 times (x 82B)
Class com.amazon.ion.impl.bin.IonRawBinaryWriter$StreamFlushMode                      : loaded 2 times (x 81B)
Class com.amazon.ion.IonBinaryWriter                                                  : loaded 2 times (x 72B)
Class com.intellij.gradle.toolingExtension.impl.model.sourceSetArtifactIndex.GradleSourceSetArtifactBuildRequest: loaded 2 times (x 72B)
Class com.android.builder.model.v2.models.BasicAndroidProject                         : loaded 2 times (x 72B)
Class kotlin.text.MatchResult                                                         : loaded 2 times (x 72B)
Class com.android.builder.model.v2.models.ModelBuilderParameter                       : loaded 2 times (x 72B)
Class com.google.common.collect.NaturalOrdering                                       : loaded 2 times (x 117B)
Class com.google.common.collect.Lists$TransformingRandomAccessList                    : loaded 2 times (x 201B)
Class com.amazon.ion.SymbolToken                                                      : loaded 2 times (x 72B)
Class org.gradle.tooling.model.idea.BasicIdeaProject                                  : loaded 2 times (x 72B)
Class jdk.internal.jimage.ImageReader$Node                                            : loaded 2 times (x 86B)
Class org.gradle.api.internal.classpath.DefaultModuleRegistry                         : loaded 2 times (x 86B)
Class com.google.gson.internal.bind.NumberTypeAdapter$1                               : loaded 2 times (x 78B)
Class com.google.gson.internal.bind.TypeAdapters$1                                    : loaded 2 times (x 77B)
Class com.google.gson.internal.bind.TypeAdapters$14                                   : loaded 2 times (x 77B)
Class com.amazon.ion.impl.bin.IonManagedBinaryWriter$SymbolState$4                    : loaded 2 times (x 82B)
Class [Lcom.amazon.ion.util.InputStreamInterceptor;                                   : loaded 2 times (x 71B)
Class org.jetbrains.plugins.gradle.tooling.serialization.internal.IdeaProjectSerializationService$WriteContext$1: loaded 2 times (x 82B)
Class org.jetbrains.plugins.gradle.model.ExternalProject                              : loaded 2 times (x 72B)
Class com.amazon.ion.impl.bin.IonRawBinaryWriter                                      : loaded 2 times (x 170B)
Class com.amazon.ion.impl.SharedSymbolTable                                           : loaded 2 times (x 95B)
Class com.google.gson.FieldNamingStrategy                                             : loaded 2 times (x 72B)
Class com.google.gson.JsonArray                                                       : loaded 2 times (x 102B)
Class jdk.internal.jimage.BasicImageReader$1                                          : loaded 2 times (x 79B)
Class kotlin.collections.IndexedValue                                                 : loaded 2 times (x 74B)
Class kotlin.KotlinVersionCurrentValue                                                : loaded 2 times (x 73B)
Class kotlin.collections.builders.MapBuilder$Itr                                      : loaded 2 times (x 74B)
Class com.google.common.util.concurrent.ListenableFuture                              : loaded 2 times (x 72B)
Class com.google.common.cache.ReferenceEntry                                          : loaded 2 times (x 72B)
Class com.google.common.base.Converter                                                : loaded 2 times (x 92B)
Class com.google.gson.Strictness                                                      : loaded 2 times (x 81B)
Class com.google.gson.internal.bind.TypeAdapters$2                                    : loaded 2 times (x 77B)
Class com.google.gson.internal.bind.TypeAdapters$15                                   : loaded 2 times (x 77B)
Class com.google.gson.internal.sql.SqlTypesSupport$1                                  : loaded 2 times (x 76B)
Class com.amazon.ion.impl.bin.utf8.Pool                                               : loaded 2 times (x 76B)
Class org.jetbrains.plugins.gradle.tooling.serialization.internal.IdeaProjectSerializationService$WriteContext$2: loaded 2 times (x 82B)
Class com.intellij.gradle.toolingExtension.impl.initScript.util.GradleTasksUtil       : loaded 2 times (x 73B)
Class [Lcom.android.builder.model.v2.ide.CodeShrinker;                                : loaded 2 times (x 71B)
Class org.gradle.api.internal.DefaultClassPathProvider                                : loaded 2 times (x 78B)
Class com.google.common.collect.ImmutableSet$SerializedForm                           : loaded 2 times (x 75B)
Class kotlin.jvm.internal.markers.KMutableSet                                         : loaded 2 times (x 72B)
Class com.google.common.util.concurrent.AbstractFuture                                : loaded 2 times (x 108B)
Class com.google.common.base.FunctionalEquivalence                                    : loaded 2 times (x 85B)
Class com.google.common.collect.AbstractMapBasedMultimap                              : loaded 2 times (x 140B)
Class com.google.common.collect.Sets$1                                                : loaded 2 times (x 143B)
Class com.google.gson.internal.bind.TypeAdapters$16                                   : loaded 2 times (x 77B)
Class com.google.gson.internal.bind.TypeAdapters$3                                    : loaded 2 times (x 77B)
Class com.google.gson.internal.sql.SqlTypesSupport$2                                  : loaded 2 times (x 76B)
Class com.amazon.ion.impl._Private_IonSymbol                                          : loaded 2 times (x 72B)
Class com.amazon.ion.impl.lite.IonValueLite                                           : loaded 2 times (x 150B)
Class com.amazon.ion.IonContainer                                                     : loaded 2 times (x 72B)
Class com.amazon.ion.impl.bin.PooledBlockAllocatorProvider                            : loaded 2 times (x 75B)
Class [Lio.opentelemetry.context.Scope;                                               : loaded 2 times (x 71B)
Class org.jetbrains.plugins.gradle.tooling.serialization.AnnotationProcessingModelSerializationService$ReadContext: loaded 2 times (x 74B)
Class org.jetbrains.plugins.gradle.tooling.serialization.internal.IdeaProjectSerializationService$WriteContext$3: loaded 2 times (x 82B)
Class org.gradle.util.internal.DefaultGradleVersion$Stage                             : loaded 2 times (x 77B)
Class com.google.common.base.Splitter                                                 : loaded 2 times (x 74B)
Class org.gradle.tooling.model.GradleProject                                          : loaded 2 times (x 72B)
Class kotlin.coroutines.CoroutineContext$Key                                          : loaded 2 times (x 72B)
Class kotlin.LazyKt__LazyJVMKt                                                        : loaded 2 times (x 73B)
Class com.google.common.io.CharStreams                                                : loaded 2 times (x 73B)
Class com.google.common.collect.ImmutableMultiset                                     : loaded 2 times (x 165B)
Class org.objectweb.asm.RecordComponentVisitor                                        : loaded 2 times (x 79B)
Class com.google.common.reflect.TypeResolver$TypeTable                                : loaded 2 times (x 75B)
Class com.google.common.cache.CacheLoader$SupplierToCacheLoader                       : loaded 2 times (x 77B)
Class com.google.gson.internal.bind.TypeAdapters$17                                   : loaded 2 times (x 77B)
Class com.google.gson.internal.bind.TypeAdapters$4                                    : loaded 2 times (x 77B)
Class org.jetbrains.kotlin.idea.gradleTooling.AndroidAwareGradleModelProvider         : loaded 2 times (x 83B)
Class com.intellij.gradle.toolingExtension.impl.telemetry.GradleOpenTelemetry         : loaded 2 times (x 74B)
Class org.jetbrains.plugins.gradle.tooling.serialization.internal.IdeaProjectSerializationService$WriteContext$4: loaded 2 times (x 82B)
Class com.intellij.gradle.toolingExtension.impl.model.sourceSetDependencyModel.GradleSourceSetDependencySerialisationService$Companion: loaded 2 times (x 73B)
Class com.google.common.collect.Iterators$EmptyModifiableIterator                     : loaded 2 times (x 88B)
Class org.objectweb.asm.AnnotationVisitor                                             : loaded 2 times (x 80B)
Class [Lkotlin.reflect.KCallable;                                                     : loaded 2 times (x 71B)
Class com.google.common.collect.UsingToStringOrdering                                 : loaded 2 times (x 116B)
Class kotlin.text.MatchNamedGroupCollection                                           : loaded 2 times (x 72B)
Class kotlin.reflect.KProperty$Accessor                                               : loaded 2 times (x 72B)
Class org.gradle.internal.time.MonotonicClock                                         : loaded 2 times (x 79B)
Class jdk.internal.jimage.decompressor.Decompressor                                   : loaded 2 times (x 74B)
Class jdk.internal.jimage.ImageReader$Resource                                        : loaded 2 times (x 86B)
Class com.google.common.reflect.TypeResolver$TypeTable$1                              : loaded 2 times (x 75B)
Class com.google.common.collect.Maps$EntryTransformer                                 : loaded 2 times (x 72B)
Class org.gradle.internal.service.ServiceLookupException                              : loaded 2 times (x 84B)
Class [Lorg.jetbrains.kotlin.tooling.core.KotlinToolingVersion$Maturity;              : loaded 2 times (x 71B)
Class com.google.gson.annotations.JsonAdapter                                         : loaded 2 times (x 72B)
Class com.google.gson.internal.bind.SerializationDelegatingTypeAdapter                : loaded 2 times (x 76B)
Class com.google.gson.internal.bind.TypeAdapters$18                                   : loaded 2 times (x 77B)
Class com.google.gson.internal.bind.TypeAdapters$5                                    : loaded 2 times (x 77B)
Class com.amazon.ion.BufferConfiguration$Builder                                      : loaded 2 times (x 80B)
Class com.intellij.gradle.toolingExtension.util.GradleVersionSpecificsUtil            : loaded 2 times (x 73B)
Class io.opentelemetry.context.ContextStorage                                         : loaded 2 times (x 72B)
Class org.jetbrains.plugins.gradle.tooling.serialization.internal.IdeaProjectSerializationService$WriteContext$5: loaded 2 times (x 82B)
Class com.intellij.gradle.toolingExtension.impl.model.sourceSetDependencyModel.GradleSourceSetDependencySerialisationService$SourceSetDependencyModelWriteContext: loaded 2 times (x 74B)
Class kotlin.jvm.internal.AdaptedFunctionReference                                    : loaded 2 times (x 79B)
Class com.google.common.collect.Lists$ReverseList                                     : loaded 2 times (x 202B)
Class kotlin.jvm.internal.ArrayIteratorKt                                             : loaded 2 times (x 73B)
Class jdk.internal.jrtfs.JrtFileAttributes                                            : loaded 2 times (x 85B)
Class [Lkotlin.sequences.Sequence;                                                    : loaded 2 times (x 71B)
Class kotlin.jvm.internal.MutablePropertyReference1Impl                               : loaded 2 times (x 139B)
Class [Lcom.google.common.cache.LocalCache$EntryFactory;                              : loaded 2 times (x 71B)
Class org.gradle.internal.classloader.ClassLoaderFactory                              : loaded 2 times (x 72B)
Class com.google.gson.internal.bind.ReflectiveTypeAdapterFactory$FieldReflectionAdapter: loaded 2 times (x 79B)
Class com.google.gson.internal.bind.TypeAdapters$19                                   : loaded 2 times (x 77B)
Class com.google.common.collect.ComparatorOrdering                                    : loaded 2 times (x 117B)
Class com.amazon.ion.impl.bin.IntList                                                 : loaded 2 times (x 79B)
Class com.amazon.ion.impl.lite._Private_LiteDomTrampoline                             : loaded 2 times (x 73B)
Class com.amazon.ion.IonType                                                          : loaded 2 times (x 81B)
Class org.jetbrains.plugins.gradle.tooling.serialization.internal.IdeaProjectSerializationService$WriteContext$6: loaded 2 times (x 82B)
Class org.jetbrains.plugins.gradle.tooling.util.IntObjectMap                          : loaded 2 times (x 75B)
Class com.android.ide.common.gradle.Numeric                                           : loaded 2 times (x 79B)
Class com.android.builder.model.v2.ide.LibraryInfo                                    : loaded 2 times (x 72B)
Class com.google.common.collect.ImmutableMap$SerializedForm                           : loaded 2 times (x 75B)
Class org.apache.commons.io.CloseableURLConnection                                    : loaded 2 times (x 118B)
Class com.google.common.cache.LocalCache$LocalManualCache                             : loaded 2 times (x 101B)
Class com.google.common.base.CommonPattern                                            : loaded 2 times (x 76B)
Class org.gradle.internal.service.CachingServiceLocator                               : loaded 2 times (x 84B)
Class com.google.devtools.ksp.gradle.KspExtension                                     : loaded 2 times (x 87B)
Class org.jetbrains.kotlin.tooling.core.KotlinToolingVersionKt                        : loaded 2 times (x 73B)
Class com.google.gson.annotations.SerializedName                                      : loaded 2 times (x 72B)
Class com.google.gson.internal.bind.TypeAdapters$7                                    : loaded 2 times (x 77B)
Class com.amazon.ion.impl.lite.ValueFactoryLite                                       : loaded 2 times (x 220B)
Class org.jetbrains.plugins.gradle.model.RepositoryModels                             : loaded 2 times (x 72B)
Class org.jetbrains.plugins.gradle.tooling.serialization.internal.IdeaProjectSerializationService$WriteContext$7: loaded 2 times (x 82B)
Class com.intellij.gradle.toolingExtension.impl.model.buildScriptClasspathModel.GradleBuildScriptClasspathSerializationService$ReadContext: loaded 2 times (x 74B)
Class kotlin.collections.AbstractList$SubList                                         : loaded 2 times (x 200B)
Class com.amazon.ion.impl._Private_IonContainer                                       : loaded 2 times (x 72B)
Class kotlin.collections.AbstractList$IteratorImpl                                    : loaded 2 times (x 84B)
Class com.google.common.collect.Streams                                               : loaded 2 times (x 73B)
Class com.google.common.collect.AbstractMapBasedMultimap$KeySet                       : loaded 2 times (x 139B)
Class com.google.common.math.IntMath                                                  : loaded 2 times (x 73B)
Class com.google.gson.internal.bind.CollectionTypeAdapterFactory$Adapter              : loaded 2 times (x 76B)
Class com.google.gson.internal.bind.TypeAdapters$8                                    : loaded 2 times (x 77B)
Class com.amazon.ion.impl.bin.WriteBuffer                                             : loaded 2 times (x 80B)
Class com.amazon.ion.impl.bin.IonManagedBinaryWriter                                  : loaded 2 times (x 167B)
Class org.jetbrains.plugins.gradle.tooling.serialization.internal.IdeaProjectSerializationService$WriteContext$8: loaded 2 times (x 82B)
Class org.jetbrains.plugins.gradle.tooling.util.ObjectCollector$DefaultHasher         : loaded 2 times (x 79B)
Class [Lorg.gradle.api.JavaVersion;                                                   : loaded 2 times (x 71B)
Class com.google.gson.FieldNamingPolicy                                               : loaded 2 times (x 87B)
Class org.gradle.tooling.model.idea.IdeaDependencyScope                               : loaded 2 times (x 72B)
Class org.gradle.internal.time.TimeSource                                             : loaded 2 times (x 72B)
Class org.gradle.tooling.model.kotlin.dsl.KotlinDslScriptsModel                       : loaded 2 times (x 72B)
Class kotlin.jvm.internal.markers.KMutableMap                                         : loaded 2 times (x 72B)
Class kotlin.properties.ReadOnlyProperty                                              : loaded 2 times (x 72B)
Class org.objectweb.asm.commons.InstructionAdapter                                    : loaded 2 times (x 190B)
Class com.google.common.collect.MapMakerInternalMap$InternalEntry                     : loaded 2 times (x 72B)
Class com.google.common.reflect.Types$TypeVariableInvocationHandler                   : loaded 2 times (x 77B)
Class com.google.common.collect.ImmutableMapEntry                                     : loaded 2 times (x 87B)
Class com.google.devtools.ksp.gradle.KspAATask$Companion$registerKspAATask$kspTaskProvider$1$3$5$1: loaded 2 times (x 76B)
Class com.google.gson.internal.bind.TypeAdapters$9                                    : loaded 2 times (x 77B)
Class com.amazon.ion.impl.lite.IonBlobLite                                            : loaded 2 times (x 222B)
Class com.amazon.ion.impl.LocalSymbolTable                                            : loaded 2 times (x 129B)
Class org.jetbrains.plugins.gradle.tooling.serialization.SerializationService         : loaded 2 times (x 72B)
Class com.android.builder.model.v2.ide.TestInfo                                       : loaded 2 times (x 72B)
Class com.google.gson.FormattingStyle                                                 : loaded 2 times (x 80B)
Class org.gradle.tooling.internal.gradle.GradleBuildIdentity                          : loaded 2 times (x 72B)
Class com.google.gson.internal.bind.TypeAdapters                                      : loaded 2 times (x 73B)
Class com.google.common.collect.ImmutableMultimap                                     : loaded 2 times (x 148B)
Class com.google.common.base.Predicates                                               : loaded 2 times (x 73B)
Class com.google.common.collect.ImmutableMapEntry$NonTerminalImmutableMapEntry        : loaded 2 times (x 87B)
Class com.google.common.base.Equivalence                                              : loaded 2 times (x 84B)
Class com.google.gson.JsonParseException                                              : loaded 2 times (x 84B)
Class com.amazon.ion.IonList                                                          : loaded 2 times (x 72B)
Class org.jetbrains.plugins.gradle.tooling.serialization.internal.adapter.Supplier    : loaded 2 times (x 72B)
Class com.android.builder.model.v2.ide.JavaCompileOptions                             : loaded 2 times (x 72B)
Class com.google.common.collect.ListMultimap                                          : loaded 2 times (x 72B)
Class org.gradle.tooling.internal.adapter.ProtocolToModelAdapter$MixInMappingAction   : loaded 2 times (x 82B)
Class org.gradle.internal.exceptions.ResolutionProvider                               : loaded 2 times (x 72B)
Class kotlin.jvm.internal.markers.KMutableListIterator                                : loaded 2 times (x 72B)
Class org.apache.commons.io.output.AbstractByteArrayOutputStream                      : loaded 2 times (x 104B)
Class com.google.common.collect.IndexedImmutableSet$1                                 : loaded 2 times (x 215B)
Class com.google.common.cache.CacheBuilder$OneWeigher                                 : loaded 2 times (x 84B)
Class org.gradle.kotlin.dsl.TestImplementationConfigurationAccessorsKt                : loaded 2 times (x 73B)
Class com.google.devtools.ksp.gradle.KspAATask_Decorated                              : loaded 2 times (x 374B)
Class com.google.devtools.ksp.gradle.IsolatedClassLoaderCacheBuildService$Companion   : loaded 2 times (x 73B)
Class com.amazon.ion.IonSystem                                                        : loaded 2 times (x 72B)
Class com.amazon.ion.impl.bin.IonManagedBinaryWriter$ImportedSymbolContext            : loaded 2 times (x 74B)
Class kotlin.text.MatchResult$DefaultImpls                                            : loaded 2 times (x 73B)
Class org.gradle.tooling.model.idea.IdeaCompilerOutput                                : loaded 2 times (x 72B)
Class org.gradle.tooling.model.ProjectIdentifier                                      : loaded 2 times (x 72B)
Class jdk.internal.jimage.ImageBufferCache                                            : loaded 2 times (x 73B)
Class jdk.internal.jrtfs.JrtPath                                                      : loaded 2 times (x 124B)
Class kotlin.text.StringsKt__StringsKt$lineSequence$$inlined$Sequence$1               : loaded 2 times (x 77B)
Class com.google.common.reflect.Types$ClassOwnership$1LocalClass                      : loaded 2 times (x 73B)
Class com.google.common.collect.Maps$EntryFunction                                    : loaded 2 times (x 93B)
Class org.gradle.internal.classloader.ClasspathUtil                                   : loaded 2 times (x 73B)
Class com.google.devtools.ksp.gradle.KspAATask$Companion$registerKspAATask$kspTaskProvider$1$3$compilerArgument$1: loaded 2 times (x 76B)
Class com.intellij.gradle.toolingExtension.impl.model.sourceSetModel.GradleSourceSetSerialisationService: loaded 2 times (x 79B)
Class com.android.builder.model.v2.ide.ComponentInfo                                  : loaded 2 times (x 72B)
Class com.google.common.collect.ImmutableEnumMap                                      : loaded 2 times (x 128B)
Class com.android.builder.model.v2.ide.ProjectType                                    : loaded 2 times (x 81B)
Class org.jetbrains.kotlin.tooling.core.HasExtras                                     : loaded 2 times (x 72B)
Class kotlin.jvm.internal.PropertyReference0                                          : loaded 2 times (x 129B)
Class kotlin.sequences.EmptySequence                                                  : loaded 2 times (x 80B)
Class com.google.common.util.concurrent.Uninterruptibles                              : loaded 2 times (x 73B)
Class com.amazon.ion.impl.lite.IonIntLite                                             : loaded 2 times (x 191B)
Class com.amazon.ion.impl._Private_IonReaderBuilder$TwoElementInputStream             : loaded 2 times (x 94B)
Class com.amazon.ion.util._Private_FastAppendable                                     : loaded 2 times (x 72B)
Class [Lcom.amazon.ion.impl.bin.IonRawBinaryWriter$PreallocationMode;                 : loaded 2 times (x 71B)
Class io.opentelemetry.context.propagation.TextMapGetter                              : loaded 2 times (x 72B)
Class com.google.common.collect.CollectSpliterators$1WithCharacteristics              : loaded 2 times (x 92B)
Class com.android.builder.model.v2.dsl.BaseConfig                                     : loaded 2 times (x 72B)
Class org.gradle.internal.time.TimeSource$1                                           : loaded 2 times (x 79B)
Class org.apache.commons.io.output.StringBuilderWriter                                : loaded 2 times (x 102B)
Class kotlin.jvm.internal.PropertyReference1                                          : loaded 2 times (x 129B)
Class com.google.common.collect.AbstractMapBasedMultimap$WrappedSet                   : loaded 2 times (x 144B)
Class com.google.common.io.CharSource                                                 : loaded 2 times (x 87B)
Class com.google.common.util.concurrent.LazyLogger                                    : loaded 2 times (x 74B)
Class com.google.common.collect.Maps                                                  : loaded 2 times (x 73B)
Class org.gradle.api.specs.Spec                                                       : loaded 2 times (x 72B)
Class com.google.devtools.ksp.gradle.KspGradleSubplugin$Companion$getKspKotlinOutputDir$1: loaded 2 times (x 76B)
Class com.google.gson.internal.sql.SqlDateTypeAdapter                                 : loaded 2 times (x 76B)
Class com.amazon.ion.impl.lite.IonSexpLite                                            : loaded 2 times (x 492B)
Class com.amazon.ion.impl.lite.IonListLite                                            : loaded 2 times (x 492B)
Class com.amazon.ion.IonFloat                                                         : loaded 2 times (x 72B)
Class io.opentelemetry.context.ThreadLocalContextStorage$ScopeImpl                    : loaded 2 times (x 81B)
Class jdk.internal.jimage.ImageReader$SharedImageReader$LocationVisitor               : loaded 2 times (x 72B)
Class kotlin.jvm.internal.MutablePropertyReference                                    : loaded 2 times (x 121B)
Class kotlin.UnsafeLazyImpl                                                           : loaded 2 times (x 78B)
Class kotlin.LazyKt__LazyJVMKt$WhenMappings                                           : loaded 2 times (x 73B)
Class org.apache.commons.io.file.PathFilter                                           : loaded 2 times (x 72B)
Class com.google.common.collect.MapMaker                                              : loaded 2 times (x 74B)
Class com.google.common.reflect.Types$JavaVersion                                     : loaded 2 times (x 85B)
Class [Lcom.google.common.collect.ImmutableEntry;                                     : loaded 2 times (x 71B)
Class com.google.devtools.ksp.gradle.KspConfigurations$Companion                      : loaded 2 times (x 73B)
Class com.amazon.ion.impl.LocalSymbolTable$Factory                                    : loaded 2 times (x 79B)
Class com.amazon.ion.impl.bin.IonManagedBinaryWriter$ImportedSymbolResolverMode       : loaded 2 times (x 82B)
Class com.intellij.gradle.toolingExtension.impl.model.dslBaseScriptModel.GradleDslBaseScriptModelSerializer: loaded 2 times (x 79B)
Class com.intellij.gradle.toolingExtension.impl.model.buildScriptClasspathModel.GradleBuildScriptClasspathSerializationService: loaded 2 times (x 79B)
Class kotlin.jvm.internal.ArrayIterator                                               : loaded 2 times (x 81B)
Class kotlin.LazyThreadSafetyMode                                                     : loaded 2 times (x 81B)
Class com.google.common.collect.Sets$3$1                                              : loaded 2 times (x 84B)
Class com.google.common.cache.LocalCache$LoadingValueReference                        : loaded 2 times (x 98B)
Class Build_gradle$1                                                                  : loaded 2 times (x 76B)
Class com.google.gson.internal.bind.ReflectiveTypeAdapterFactory$RecordAdapter        : loaded 2 times (x 79B)
Class com.amazon.ion.impl.LocalSymbolTableAsStruct                                    : loaded 2 times (x 134B)
Class com.amazon.ion.impl.lite.IonTimestampLite                                       : loaded 2 times (x 195B)
Class org.jetbrains.plugins.gradle.model.FileCollectionDependency                     : loaded 2 times (x 72B)
Class io.opentelemetry.api.trace.SpanBuilder                                          : loaded 2 times (x 72B)
Class io.opentelemetry.api.DefaultOpenTelemetry                                       : loaded 2 times (x 91B)
Class com.intellij.gradle.toolingExtension.impl.modelSerialization.DefaultSerializationService: loaded 2 times (x 78B)
Class com.intellij.gradle.toolingExtension.impl.model.utilDummyModel.DummyModel       : loaded 2 times (x 72B)
Class [Lorg.apache.commons.io.StandardLineSeparator;                                  : loaded 2 times (x 71B)
Class kotlin.coroutines.ContinuationInterceptor                                       : loaded 2 times (x 72B)
Class org.gradle.internal.time.Clock                                                  : loaded 2 times (x 72B)
Class org.gradle.tooling.model.BuildModel                                             : loaded 2 times (x 72B)
Class kotlin.jvm.internal.SpreadBuilder                                               : loaded 2 times (x 78B)
Class kotlin.SynchronizedLazyImpl                                                     : loaded 2 times (x 78B)
Class com.google.common.io.LineReader$1                                               : loaded 2 times (x 77B)
Class com.google.common.collect.AbstractMapBasedMultimap$AsMap                        : loaded 2 times (x 130B)
Class com.google.common.collect.MapMakerInternalMap$StrongKeyDummyValueEntry          : loaded 2 times (x 84B)
Class com.google.common.reflect.Invokable$MethodInvokable                             : loaded 2 times (x 109B)
Class com.google.common.collect.CollectSpliterators                                   : loaded 2 times (x 73B)
Class com.google.common.base.Platform                                                 : loaded 2 times (x 73B)
Class com.google.gson.internal.reflect.ReflectionHelper$RecordNotSupportedHelper      : loaded 2 times (x 80B)
Class com.google.gson.JsonIOException                                                 : loaded 2 times (x 84B)
Class com.amazon.ion.IonString                                                        : loaded 2 times (x 72B)
Class io.opentelemetry.context.propagation.TextMapPropagator                          : loaded 2 times (x 72B)
Class org.jetbrains.plugins.gradle.model.GradleSourceSetDependencyModel               : loaded 2 times (x 72B)
Class [Lcom.android.builder.model.v2.ide.TestInfo$Execution;                          : loaded 2 times (x 71B)
Class org.gradle.tooling.internal.gradle.DefaultProjectIdentifier                     : loaded 2 times (x 88B)
Class com.android.builder.model.v2.dsl.ProductFlavor                                  : loaded 2 times (x 72B)
Class com.google.common.collect.CompoundOrdering                                      : loaded 2 times (x 117B)
Class com.android.builder.model.v2.models.AndroidDsl                                  : loaded 2 times (x 72B)
Class com.amazon.ion.IonWriter                                                        : loaded 2 times (x 72B)
Class org.gradle.tooling.internal.adapter.TypeInspector                               : loaded 2 times (x 75B)
Class org.gradle.tooling.internal.adapter.ProtocolToModelAdapter$NoOpDecoration       : loaded 2 times (x 81B)
Class org.gradle.tooling.model.Element                                                : loaded 2 times (x 72B)
Class com.amazon.ion.impl.bin._Private_IonRawWriter                                   : loaded 2 times (x 72B)
Class com.amazon.ion.impl.bin.IonRawBinaryWriter$PreallocationMode                    : loaded 2 times (x 83B)
Class jdk.internal.jimage.ImageReader$Directory                                       : loaded 2 times (x 86B)
Class com.google.devtools.ksp.processing.KspGradleLogger$Companion                    : loaded 2 times (x 73B)
Class [Lorg.objectweb.asm.AnnotationWriter;                                           : loaded 2 times (x 71B)
Class com.google.common.collect.AbstractMapBasedMultimap$WrappedList                  : loaded 2 times (x 207B)
Class com.google.common.collect.Maps$8                                                : loaded 2 times (x 84B)
Class com.amazon.ion.BufferConfiguration                                              : loaded 2 times (x 74B)
Class com.amazon.ion.system.SimpleCatalog                                             : loaded 2 times (x 93B)
Class io.opentelemetry.context.ArrayBasedContext                                      : loaded 2 times (x 102B)
Class com.intellij.gradle.toolingExtension.impl.model.taskModel.GradleTaskSerialisationService: loaded 2 times (x 78B)
Class com.android.ide.gradle.model.LegacyV1AgpVersionModel                            : loaded 2 times (x 72B)
Class com.google.common.collect.Lists$ReverseList$1                                   : loaded 2 times (x 101B)
Class com.amazon.ion.util.InputStreamInterceptor                                      : loaded 2 times (x 72B)
Class com.amazon.ion.impl.lite.IonSystemLite                                          : loaded 2 times (x 277B)
Class [Lcom.google.common.collect.ImmutableMapEntry;                                  : loaded 2 times (x 71B)
Class kotlin.io.FileTreeWalk$FileTreeWalkIterator                                     : loaded 2 times (x 85B)
Class [Lcom.android.ide.common.repository.AgpVersion$PreviewKind;                     : loaded 2 times (x 71B)
Class org.jetbrains.kotlin.tooling.core.Extras                                        : loaded 2 times (x 72B)
Class kotlin.collections.MutableMapWithDefaultImpl                                    : loaded 2 times (x 146B)
Class kotlin.collections.ArrayAsCollection                                            : loaded 2 times (x 107B)
Class kotlin.LazyKt__LazyKt                                                           : loaded 2 times (x 73B)
Class com.google.common.cache.LocalCache$StrongValueReference                         : loaded 2 times (x 92B)
Class [Lcom.google.common.collect.Iterators$EmptyModifiableIterator;                  : loaded 2 times (x 71B)
Class com.google.common.base.Predicates$CompositionPredicate                          : loaded 2 times (x 90B)
Class com.google.common.collect.Sets$SetView                                          : loaded 2 times (x 141B)
Class com.google.gson.LongSerializationPolicy$1                                       : loaded 2 times (x 82B)
Class org.jetbrains.plugins.gradle.tooling.util.IntObjectMap$1                        : loaded 2 times (x 79B)
Class org.gradle.tooling.model.internal.ImmutableDomainObjectSet                      : loaded 2 times (x 157B)
Class kotlin.jvm.internal.ReflectionFactory                                           : loaded 2 times (x 93B)
Class kotlin.UNINITIALIZED_VALUE                                                      : loaded 2 times (x 73B)
Class kotlin.jvm.internal.Ref$ObjectRef                                               : loaded 2 times (x 74B)
Class org.objectweb.asm.Type                                                          : loaded 2 times (x 74B)
Class com.google.common.graph.SuccessorsFunction                                      : loaded 2 times (x 72B)
Class org.gradle.internal.classloader.VisitableURLClassLoader$InstrumentingVisitableURLClassLoader: loaded 2 times (x 124B)
Class org.gradle.kotlin.dsl.AndroidTestImplementationConfigurationAccessorsKt         : loaded 2 times (x 73B)
Class com.google.gson.LongSerializationPolicy$2                                       : loaded 2 times (x 82B)
Class [Lcom.amazon.ion.impl.bin.IonRawBinaryWriter$StreamFlushMode;                   : loaded 2 times (x 71B)
Class com.amazon.ion.UnsupportedIonVersionException                                   : loaded 2 times (x 87B)
Class io.opentelemetry.api.trace.SpanId                                               : loaded 2 times (x 73B)
Class com.google.common.collect.Ordering                                              : loaded 2 times (x 116B)
Class [Lcom.android.builder.model.v2.ide.AndroidGradlePluginProjectFlags$BooleanFlag; : loaded 2 times (x 71B)
Class com.android.builder.model.v2.ide.AndroidGradlePluginProjectFlags                : loaded 2 times (x 72B)
Class com.android.builder.model.v2.ide.BasicVariant                                   : loaded 2 times (x 72B)
Class org.jetbrains.plugins.gradle.tooling.serialization.internal.IdeaProjectSerializationService: loaded 2 times (x 79B)
Class com.google.gson.internal.bind.ObjectTypeAdapter                                 : loaded 2 times (x 76B)
Class org.jetbrains.kotlin.idea.projectModel.KotlinTaskProperties                     : loaded 2 times (x 72B)
Class [Lcom.google.common.collect.AbstractIterator$State;                             : loaded 2 times (x 71B)
Class kotlin.sequences.SequencesKt__SequencesKt$sequenceOf$1$1                        : loaded 2 times (x 81B)
Class kotlin.collections.ReversedListReadOnly$listIterator$1                          : loaded 2 times (x 92B)
Class kotlin.jvm.internal.ClassBasedDeclarationContainer                              : loaded 2 times (x 72B)
Class org.apache.commons.io.FileUtils                                                 : loaded 2 times (x 73B)
Class org.objectweb.asm.ByteVector                                                    : loaded 2 times (x 81B)
Class com.google.common.collect.MapMakerInternalMap$StrongKeyDummyValueEntry$Helper   : loaded 2 times (x 81B)
Class com.google.common.io.Files$FileByteSink                                         : loaded 2 times (x 79B)
Class [Lcom.google.common.cache.CacheBuilder$NullListener;                            : loaded 2 times (x 71B)
Class com.google.common.math.IntMath$1                                                : loaded 2 times (x 73B)
Class org.gradle.internal.classloader.VisitableURLClassLoader$Spec                    : loaded 2 times (x 76B)
Class org.gradle.internal.classpath.DefaultClassPath                                  : loaded 2 times (x 92B)
Class com.google.devtools.ksp.gradle.KspGradleSubplugin$Companion$getKspClassOutputDir$1: loaded 2 times (x 76B)
Class com.amazon.ion.impl.bin.IonManagedBinaryWriter$SymbolState                      : loaded 2 times (x 82B)
Class com.amazon.ion.IonStruct                                                        : loaded 2 times (x 72B)
Class org.jetbrains.plugins.gradle.model.GradleBuildScriptClasspathModel              : loaded 2 times (x 72B)
Class com.google.common.base.CharMatcher$None                                         : loaded 2 times (x 114B)
Class org.apache.commons.io.file.PathUtils                                            : loaded 2 times (x 73B)
Class com.google.common.io.ByteSource$ConcatenatedByteSource                          : loaded 2 times (x 87B)
Class kotlin.KotlinVersion$Companion                                                  : loaded 2 times (x 73B)
Class com.android.builder.model.v2.ide.BundleInfo                                     : loaded 2 times (x 72B)
Class com.android.builder.model.v2.ide.SourceProvider                                 : loaded 2 times (x 72B)
Class kotlin.jvm.internal.FloatCompanionObject                                        : loaded 2 times (x 73B)
Class kotlin.sequences.SequencesKt___SequencesKt$flatMap$1                            : loaded 2 times (x 127B)
Class org.gradle.util.internal.DefaultGradleVersion                                   : loaded 2 times (x 84B)
Class com.google.devtools.ksp.processing.KspGradleLogger                              : loaded 2 times (x 81B)
Class org.objectweb.asm.Symbol                                                        : loaded 2 times (x 75B)
Class com.google.common.base.AbstractIterator                                         : loaded 2 times (x 82B)
Class com.google.common.reflect.Types$ClassOwnership                                  : loaded 2 times (x 82B)
Class com.google.gson.reflect.TypeToken                                               : loaded 2 times (x 77B)
Class [Lcom.google.gson.Strictness;                                                   : loaded 2 times (x 71B)
Class [Lio.opentelemetry.context.ThreadLocalContextStorage;                           : loaded 2 times (x 71B)
Class kotlin.text.MatcherMatchResult$groupValues$1                                    : loaded 2 times (x 200B)
Class com.google.common.collect.ReverseNaturalOrdering                                : loaded 2 times (x 116B)
Class kotlin.reflect.KType                                                            : loaded 2 times (x 72B)
Class com.google.common.io.Java8Compatibility                                         : loaded 2 times (x 73B)
Class com.google.common.io.Closer                                                     : loaded 2 times (x 80B)
Class com.google.common.collect.Sets$FilteredSet                                      : loaded 2 times (x 139B)
Class com.google.common.collect.RegularImmutableMap$Values                            : loaded 2 times (x 209B)
Class org.gradle.internal.classloader.ClassLoaderSpec                                 : loaded 2 times (x 73B)
Class com.google.gson.internal.sql.SqlTimestampTypeAdapter$1                          : loaded 2 times (x 77B)
Class com.google.gson.JsonPrimitive                                                   : loaded 2 times (x 95B)
Class com.amazon.ion.impl.IonWriterSystemTextMarkup                                   : loaded 2 times (x 193B)
Class com.amazon.ion.impl.bin.BlockAllocator                                          : loaded 2 times (x 82B)
Class io.opentelemetry.context.Scope                                                  : loaded 2 times (x 72B)
Class com.amazon.ion.impl.bin.IonManagedBinaryWriter$ImportedSymbolResolverMode$2     : loaded 2 times (x 82B)
Class kotlin.collections.ReversedListReadOnly                                         : loaded 2 times (x 200B)
Class kotlin.text.DelimitedRangesSequence                                             : loaded 2 times (x 77B)
Class com.google.common.io.ByteSource$EmptyByteSource                                 : loaded 2 times (x 87B)
Class org.objectweb.asm.AnnotationWriter                                              : loaded 2 times (x 80B)
Class com.google.common.cache.CacheStats                                              : loaded 2 times (x 73B)
Class com.google.devtools.ksp.gradle.KspAATask$Companion$registerKspAATask$kspTaskProvider$1$3$11$1: loaded 2 times (x 76B)
Class [Lcom.google.gson.ReflectionAccessFilter$FilterResult;                          : loaded 2 times (x 71B)
Class com.google.gson.JsonElement                                                     : loaded 2 times (x 94B)
Class com.amazon.ion.system.IonWriterBuilderBase                                      : loaded 2 times (x 85B)
Class io.opentelemetry.api.trace.Tracer                                               : loaded 2 times (x 72B)
Class com.google.gson.internal.bind.TypeAdapters$32                                   : loaded 2 times (x 78B)
Class [Lcom.android.builder.model.v2.ide.ProjectType;                                 : loaded 2 times (x 71B)
Class com.google.devtools.ksp.gradle.KspAATask$Companion$registerKspAATask$incomingProcessors$1: loaded 2 times (x 76B)
Class org.gradle.internal.classloader.DefaultClassLoaderFactory                       : loaded 2 times (x 84B)
Class com.google.common.base.Platform$JdkPatternCompiler                              : loaded 2 times (x 77B)
Class com.google.common.base.Suppliers                                                : loaded 2 times (x 73B)
Class org.gradle.tooling.internal.adapter.ProtocolToModelAdapter$DefaultViewBuilder   : loaded 2 times (x 82B)
Class Settings_gradle$1$1                                                             : loaded 2 times (x 76B)
Class kotlin.time.DurationKt                                                          : loaded 2 times (x 73B)
Class kotlin.jdk7.AutoCloseableKt                                                     : loaded 2 times (x 73B)
Class com.google.common.util.concurrent.AbstractFuture$Listener                       : loaded 2 times (x 74B)
Class com.google.common.collect.ImmutableMultisetGwtSerializationDependencies         : loaded 2 times (x 127B)
Class org.objectweb.asm.RecordComponentWriter                                         : loaded 2 times (x 79B)
Class com.google.common.collect.Interners                                             : loaded 2 times (x 73B)
Class com.google.common.io.LineProcessor                                              : loaded 2 times (x 72B)
Class com.google.common.io.Closer$Suppressor                                          : loaded 2 times (x 72B)
Class org.gradle.api.internal.classpath.Module$ModuleAlias                            : loaded 2 times (x 72B)
Class com.google.gson.internal.bind.CollectionTypeAdapterFactory                      : loaded 2 times (x 77B)
Class io.opentelemetry.api.trace.ArrayBasedTraceState                                 : loaded 2 times (x 88B)
Class io.opentelemetry.context.ContextKey                                             : loaded 2 times (x 72B)
Class io.opentelemetry.context.propagation.TextMapSetter                              : loaded 2 times (x 72B)
Class com.android.ide.common.gradle.Version$Companion$ParseState                      : loaded 2 times (x 72B)
Class [Lcom.android.builder.model.v2.ide.AaptOptions$Namespacing;                     : loaded 2 times (x 71B)
Class [Lcom.google.common.cache.CacheBuilder$OneWeigher;                              : loaded 2 times (x 71B)
Class org.gradle.tooling.internal.adapter.ProtocolToModelAdapter$ViewGraphDetails$1   : loaded 2 times (x 79B)
Class kotlin.io.FileTreeWalk$DirectoryState                                           : loaded 2 times (x 75B)
Class org.objectweb.asm.Attribute                                                     : loaded 2 times (x 79B)
Class com.google.common.base.Supplier                                                 : loaded 2 times (x 72B)
Class org.gradle.internal.classloader.VisitableURLClassLoader                         : loaded 2 times (x 118B)
Class [Lcom.amazon.ion.SymbolTable;                                                   : loaded 2 times (x 71B)
Class com.amazon.ion.impl.bin.IonBinaryWriterAdapter$Factory                          : loaded 2 times (x 72B)
Class com.amazon.ion.impl.BlockedBuffer$BufferedOutputStream                          : loaded 2 times (x 92B)
Class org.jetbrains.plugins.gradle.tooling.serialization.ExternalTestsSerializationService$ReadContext: loaded 2 times (x 74B)
Class com.android.ide.common.repository.AgpVersion$Companion                          : loaded 2 times (x 73B)
Class com.google.common.collect.MapMakerInternalMap$Strength                          : loaded 2 times (x 82B)
Class com.google.common.collect.MapMakerInternalMap$StrongKeyDummyValueEntry$LinkedStrongKeyDummyValueEntry: loaded 2 times (x 84B)
Class org.objectweb.asm.MethodTooLargeException                                       : loaded 2 times (x 84B)
Class [Lkotlin.reflect.KClass;                                                        : loaded 2 times (x 71B)
Class kotlin.io.LinesSequence                                                         : loaded 2 times (x 77B)
Class org.gradle.tooling.model.eclipse.EclipseProject                                 : loaded 2 times (x 72B)
Class org.gradle.tooling.model.idea.IdeaDependency                                    : loaded 2 times (x 72B)
Class Settings_gradle                                                                 : loaded 2 times (x 126B)
Class [Lkotlin.DeprecationLevel;                                                      : loaded 2 times (x 71B)
Class kotlin.sequences.GeneratorSequence                                              : loaded 2 times (x 77B)
Class com.google.common.collect.ImmutableList$SerializedForm                          : loaded 2 times (x 75B)
Class com.google.gson.internal.bind.TreeTypeAdapter                                   : loaded 2 times (x 77B)
Class com.google.gson.internal.sql.SqlTimeTypeAdapter                                 : loaded 2 times (x 76B)
Class com.amazon.ion.impl.bin.AbstractIonWriter$WriteValueOptimization                : loaded 2 times (x 81B)
Class com.intellij.util.containers.IntObjectHashMap$ArrayProducer                     : loaded 2 times (x 72B)
Class com.android.ide.common.gradle.Version$Companion                                 : loaded 2 times (x 73B)
Class [Lcom.android.builder.model.v2.ide.BytecodeTransformation;                      : loaded 2 times (x 71B)
Class com.android.builder.model.v2.ide.AaptOptions                                    : loaded 2 times (x 72B)
Class io.opentelemetry.api.GlobalOpenTelemetry                                        : loaded 2 times (x 73B)
Class com.amazon.ion.impl.bin.IonManagedBinaryWriter$ImportedSymbolResolverMode$1     : loaded 2 times (x 82B)
Class kotlin.properties.ReadWriteProperty                                             : loaded 2 times (x 72B)
Class org.objectweb.asm.Handler                                                       : loaded 2 times (x 74B)
Class com.google.common.collect.MapMakerInternalMap                                   : loaded 2 times (x 162B)
Class com.google.common.collect.Sets                                                  : loaded 2 times (x 73B)
Class com.google.common.base.Ticker                                                   : loaded 2 times (x 74B)
Class com.google.common.base.Strings                                                  : loaded 2 times (x 73B)
Class com.google.devtools.ksp.gradle.KspGradleSubplugin$Companion                     : loaded 2 times (x 73B)
Class com.google.gson.internal.bind.TypeAdapters$20                                   : loaded 2 times (x 77B)
Class com.amazon.ion.impl.bin.BlockAllocatorProvider                                  : loaded 2 times (x 74B)
Class io.opentelemetry.api.trace.ArrayBasedTraceStateBuilder                          : loaded 2 times (x 79B)
Class org.jetbrains.plugins.gradle.tooling.serialization.internal.IdeaProjectSerializationService$WriteContext: loaded 2 times (x 74B)
Class com.intellij.gradle.toolingExtension.impl.model.sourceSetDependencyModel.GradleSourceSetDependencySerialisationService: loaded 2 times (x 79B)
Class org.jetbrains.plugins.gradle.model.GradleSourceSetModel                         : loaded 2 times (x 72B)
Class com.android.builder.model.v2.models.ndk.NativeModelBuilderParameter             : loaded 2 times (x 72B)
Class com.amazon.ion.impl.lite.IonSymbolLite                                          : loaded 2 times (x 249B)
Class [Lcom.amazon.ion.impl.bin.IonRawBinaryWriter$StreamCloseMode;                   : loaded 2 times (x 71B)
Class org.jetbrains.kotlin.idea.gradleTooling.AndroidAwareGradleModelProvider$Companion: loaded 2 times (x 73B)
Class kotlin.jvm.internal.markers.KMutableIterator                                    : loaded 2 times (x 72B)
Class com.google.devtools.ksp.processing.KSPConfig                                    : loaded 2 times (x 74B)
Class com.google.common.cache.RemovalCause$1                                          : loaded 2 times (x 82B)
Class [Lcom.google.common.cache.LocalCache$Segment;                                   : loaded 2 times (x 71B)
Class [Lcom.google.common.cache.LocalCache$Strength;                                  : loaded 2 times (x 71B)
Class com.google.common.cache.CacheBuilder$1                                          : loaded 2 times (x 87B)
Class com.google.common.collect.ImmutableMap                                          : loaded 2 times (x 122B)
Class org.gradle.internal.classpath.DefaultClassPath$ImmutableUniqueList$Builder      : loaded 2 times (x 77B)
Class com.google.devtools.ksp.gradle.AndroidPluginIntegration$forEachAndroidSourceSet$1: loaded 2 times (x 77B)
Class com.google.gson.internal.bind.TypeAdapters$21                                   : loaded 2 times (x 77B)
Class com.google.gson.FieldNamingPolicy$1                                             : loaded 2 times (x 87B)
Class com.amazon.ion.impl.lite.IonSequenceLite                                        : loaded 2 times (x 434B)
Class com.amazon.ion.impl._Private_Utils$1                                            : loaded 2 times (x 100B)
Class com.amazon.ion.impl.SymbolTableAsStruct                                         : loaded 2 times (x 72B)
Class io.opentelemetry.api.trace.TracerProvider                                       : loaded 2 times (x 72B)
Class com.android.ide.gradle.model.dependencies.Coordinates                           : loaded 2 times (x 72B)
Class com.google.gson.JsonSyntaxException                                             : loaded 2 times (x 84B)
Class com.google.gson.internal.bind.TypeAdapters$31                                   : loaded 2 times (x 78B)
Class com.google.gson.internal.bind.JsonAdapterAnnotationTypeAdapterFactory$DummyTypeAdapterFactory: loaded 2 times (x 77B)
Class com.google.common.reflect.TypeCapture                                           : loaded 2 times (x 73B)
Class org.gradle.tooling.internal.adapter.WeakIdentityHashMap$AbsentValueProvider     : loaded 2 times (x 72B)
Class kotlin.io.FileTreeWalk$WalkState                                                : loaded 2 times (x 75B)
Class com.google.common.cache.RemovalCause$2                                          : loaded 2 times (x 82B)
Class com.google.common.collect.MapMakerInternalMap$WeakValueReference                : loaded 2 times (x 72B)
Class com.google.common.cache.LocalCache                                              : loaded 2 times (x 188B)
Class com.google.common.cache.CacheBuilder$2                                          : loaded 2 times (x 81B)
Class com.google.devtools.ksp.gradle.KspAATask$Companion$registerKspAATask$kspTaskProvider$1$3$oldJvmDefaultMode$1: loaded 2 times (x 76B)
Class com.google.gson.internal.bind.TypeAdapters$22                                   : loaded 2 times (x 77B)
Class com.google.gson.FieldNamingPolicy$2                                             : loaded 2 times (x 87B)
Class com.google.gson.internal.Excluder$1                                             : loaded 2 times (x 76B)
Class com.amazon.ion.impl.bin.AbstractIonWriter                                       : loaded 2 times (x 162B)
Class io.opentelemetry.api.trace.AutoValue_ArrayBasedTraceState                       : loaded 2 times (x 89B)
Class org.jetbrains.plugins.gradle.tooling.util.ObjectCollector$Processor             : loaded 2 times (x 72B)
Class org.objectweb.asm.ClassVisitor                                                  : loaded 2 times (x 90B)
Class [Lorg.objectweb.asm.Symbol;                                                     : loaded 2 times (x 71B)
Class com.google.common.cache.LocalCache$Values                                       : loaded 2 times (x 120B)
Class com.google.common.collect.TransformedListIterator                               : loaded 2 times (x 95B)
Class kotlin.collections.builders.ListBuilder$Itr                                     : loaded 2 times (x 96B)
Class org.gradle.internal.exceptions.NonGradleCauseExceptionsHolder                   : loaded 2 times (x 72B)
Class org.gradle.tooling.model.idea.IdeaModuleDependency                              : loaded 2 times (x 72B)
Class org.gradle.tooling.internal.adapter.ViewBuilder                                 : loaded 2 times (x 72B)
Class com.google.common.cache.RemovalCause$3                                          : loaded 2 times (x 82B)
Class [Lcom.google.common.collect.AbstractMapEntry;                                   : loaded 2 times (x 71B)
Class com.google.common.collect.ImmutableEntry                                        : loaded 2 times (x 84B)
Class com.google.common.cache.CacheBuilder$3                                          : loaded 2 times (x 74B)
Class com.google.common.collect.ArrayListMultimap                                     : loaded 2 times (x 173B)
Class org.gradle.internal.operations.MultipleBuildOperationFailures                   : loaded 2 times (x 97B)
Class com.google.gson.internal.bind.TypeAdapters$23                                   : loaded 2 times (x 77B)
Class com.google.gson.FieldNamingPolicy$3                                             : loaded 2 times (x 87B)
Class com.amazon.ion.system.IonReaderBuilder                                          : loaded 2 times (x 97B)
Class io.opentelemetry.api.trace.TraceState                                           : loaded 2 times (x 72B)
Class org.jetbrains.plugins.gradle.model.AnnotationProcessingConfig                   : loaded 2 times (x 72B)
Class com.amazon.ion.IonReader                                                        : loaded 2 times (x 72B)
Class com.android.ide.common.gradle.Version                                           : loaded 2 times (x 77B)
Class com.android.builder.model.v2.ide.AndroidLibraryData                             : loaded 2 times (x 72B)
Class org.gradle.tooling.internal.adapter.MethodInvocation                            : loaded 2 times (x 87B)
Class com.android.builder.model.v2.ide.ApiVersion                                     : loaded 2 times (x 72B)
Class com.android.utils.FileUtils                                                     : loaded 2 times (x 73B)
Class com.android.builder.model.v2.ide.AaptOptions$Namespacing                        : loaded 2 times (x 81B)
Class org.gradle.tooling.model.eclipse.HierarchicalEclipseProject                     : loaded 2 times (x 72B)
Class jdk.internal.jimage.ImageStrings                                                : loaded 2 times (x 72B)
Class kotlin.jvm.functions.Function5                                                  : loaded 2 times (x 72B)
Class org.apache.commons.io.StandardLineSeparator                                     : loaded 2 times (x 81B)
Class com.google.common.cache.RemovalCause$4                                          : loaded 2 times (x 82B)
Class com.google.common.base.Suppliers$MemoizingSupplier                              : loaded 2 times (x 81B)
Class com.google.common.collect.CollectPreconditions                                  : loaded 2 times (x 73B)
Class com.google.devtools.ksp.gradle.KspAATask$Companion$registerKspAATask$kspTaskProvider$1$3$mapArgProviders$1: loaded 2 times (x 76B)
Class com.google.devtools.ksp.gradle.KspConfigurations$1                              : loaded 2 times (x 77B)
Class com.intellij.gradle.toolingExtension.impl.initScript.util.GradleDebuggerUtil    : loaded 2 times (x 73B)
Class com.google.gson.internal.bind.TypeAdapters$24                                   : loaded 2 times (x 77B)
Class com.google.gson.FieldNamingPolicy$4                                             : loaded 2 times (x 87B)
Class com.amazon.ion.IonClob                                                          : loaded 2 times (x 72B)
Class io.opentelemetry.context.LazyStorage                                            : loaded 2 times (x 73B)
Class org.jetbrains.plugins.gradle.tooling.ModelBuilderService$Parameter              : loaded 2 times (x 72B)
Class io.opentelemetry.api.internal.OtelEncodingUtils                                 : loaded 2 times (x 73B)
Class com.android.builder.model.v2.models.Versions$Version                            : loaded 2 times (x 72B)
Class com.intellij.util.ThrowableConsumer                                             : loaded 2 times (x 72B)
Class com.google.gson.TypeAdapterFactory                                              : loaded 2 times (x 72B)
Class kotlin.jvm.functions.Function6                                                  : loaded 2 times (x 72B)
Class com.google.common.cache.RemovalCause$5                                          : loaded 2 times (x 82B)
Class [Lcom.google.common.collect.MapMakerInternalMap$Strength;                       : loaded 2 times (x 71B)
Class [Lcom.google.common.io.FileWriteMode;                                           : loaded 2 times (x 71B)
Class com.google.common.collect.Maps$AbstractFilteredMap                              : loaded 2 times (x 129B)
Class com.google.common.collect.SortedMapDifference                                   : loaded 2 times (x 72B)
Class com.google.devtools.ksp.gradle.KspConfigurations$2                              : loaded 2 times (x 77B)
Class org.jetbrains.kotlin.tooling.core.KotlinToolingVersion$Maturity                 : loaded 2 times (x 81B)
Class com.google.gson.internal.bind.TypeAdapters$25                                   : loaded 2 times (x 77B)
Class com.google.gson.FieldNamingPolicy$5                                             : loaded 2 times (x 87B)
Class com.amazon.ion.impl.lite.IonLobLite                                             : loaded 2 times (x 187B)
Class com.amazon.ion.impl.lite.IonTextLite                                            : loaded 2 times (x 184B)
Class com.amazon.ion.IonNumber                                                        : loaded 2 times (x 72B)
Class com.google.gson.internal.bind.JsonTreeReader                                    : loaded 2 times (x 99B)
Class org.gradle.tooling.internal.adapter.ProtocolToModelAdapter$ReflectionMethodInvoker: loaded 2 times (x 78B)
Class [Lkotlin.time.DurationUnit;                                                     : loaded 2 times (x 71B)
Class kotlin.jvm.functions.Function7                                                  : loaded 2 times (x 72B)
Class kotlin.sequences.SequencesKt___SequencesKt$asIterable$$inlined$Iterable$1       : loaded 2 times (x 81B)
Class com.google.common.cache.LocalCache$WriteThroughEntry                            : loaded 2 times (x 81B)
Class com.google.common.cache.LocalCache$HashIterator                                 : loaded 2 times (x 88B)
Class com.google.common.collect.Iterables$4                                           : loaded 2 times (x 83B)
Class com.google.common.collect.MapMakerInternalMap$StrongKeyDummyValueSegment        : loaded 2 times (x 143B)
Class com.google.common.io.Files                                                      : loaded 2 times (x 73B)
Class com.google.common.cache.LocalCache$EntryFactory                                 : loaded 2 times (x 85B)
Class com.google.gson.internal.bind.ArrayTypeAdapter                                  : loaded 2 times (x 76B)
Class com.google.gson.internal.bind.TypeAdapters$26                                   : loaded 2 times (x 77B)
Class com.google.gson.FieldNamingPolicy$6                                             : loaded 2 times (x 87B)
Class [Lcom.amazon.ion.impl.bin.IonManagedBinaryWriter$UserState;                     : loaded 2 times (x 71B)
Class com.amazon.ion.impl.bin.utf8.Utf8StringEncoder                                  : loaded 2 times (x 82B)
Class com.amazon.ion.IonBool                                                          : loaded 2 times (x 72B)
Class [Lcom.android.ide.common.gradle.Separator;                                      : loaded 2 times (x 71B)
Class com.google.gson.internal.bind.TypeAdapters$30                                   : loaded 2 times (x 78B)
Class com.google.common.collect.NullsLastOrdering                                     : loaded 2 times (x 117B)
Class com.google.common.collect.ImmutableMap$MapViewOfValuesAsSingletonSets           : loaded 2 times (x 128B)
Class com.google.common.collect.RegularImmutableMap                                   : loaded 2 times (x 122B)
Class org.gradle.tooling.model.build.Help                                             : loaded 2 times (x 72B)
Class com.google.common.io.ByteArrayDataOutput                                        : loaded 2 times (x 72B)
Class org.jetbrains.kotlin.tooling.core.HasMutableExtras                              : loaded 2 times (x 72B)
Class [Lkotlin.annotation.AnnotationRetention;                                        : loaded 2 times (x 71B)
Class kotlin.jvm.functions.Function8                                                  : loaded 2 times (x 72B)
Class kotlin.collections.builders.MapBuilder$Companion                                : loaded 2 times (x 73B)
Class com.google.common.cache.LocalCache$AbstractReferenceEntry                       : loaded 2 times (x 109B)
Class [Lcom.google.common.collect.MapMaker$Dummy;                                     : loaded 2 times (x 71B)
Class com.google.common.base.CharMatcher$Whitespace                                   : loaded 2 times (x 114B)
Class com.google.common.reflect.Types$NativeTypeVariableEquals                        : loaded 2 times (x 73B)
Class com.google.common.reflect.TypeParameter                                         : loaded 2 times (x 74B)
Class com.google.common.collect.Iterables$5                                           : loaded 2 times (x 83B)
Class com.google.gson.internal.reflect.ReflectionHelper                               : loaded 2 times (x 73B)
Class com.google.gson.internal.bind.TypeAdapters$27                                   : loaded 2 times (x 77B)
Class com.google.gson.FieldNamingPolicy$7                                             : loaded 2 times (x 87B)
Class com.amazon.ion.IonLoader                                                        : loaded 2 times (x 72B)
Class io.opentelemetry.context.propagation.NoopTextMapPropagator                      : loaded 2 times (x 78B)
Class com.intellij.gradle.toolingExtension.model.repositoryModel.ProjectRepositoriesModel: loaded 2 times (x 72B)
Class org.jetbrains.plugins.gradle.model.GradleProperty                               : loaded 2 times (x 72B)
Class kotlin.collections.builders.MapBuilder                                          : loaded 2 times (x 114B)
Class org.gradle.tooling.internal.adapter.TargetTypeProvider                          : loaded 2 times (x 72B)
Class com.android.builder.model.v2.models.VariantDependencies                         : loaded 2 times (x 72B)
Class kotlin.annotation.MustBeDocumented                                              : loaded 2 times (x 72B)
Class kotlin.jvm.functions.Function10                                                 : loaded 2 times (x 72B)
Class kotlin.jvm.functions.Function9                                                  : loaded 2 times (x 72B)
Class [Lkotlin.reflect.KClassifier;                                                   : loaded 2 times (x 71B)
Class [Lkotlin.LazyThreadSafetyMode;                                                  : loaded 2 times (x 71B)
Class org.objectweb.asm.SymbolTable                                                   : loaded 2 times (x 74B)
Class com.google.common.collect.ImmutableMapKeySet                                    : loaded 2 times (x 154B)
Class com.google.common.cache.CacheLoader$InvalidCacheLoadException                   : loaded 2 times (x 84B)
Class com.google.devtools.ksp.gradle.KspGradleSubplugin$applyToCompilation$4          : loaded 2 times (x 77B)
Class [Lcom.google.gson.LongSerializationPolicy;                                      : loaded 2 times (x 71B)
Class com.amazon.ion.impl._Private_Utils                                              : loaded 2 times (x 73B)
Class com.android.builder.model.v2.ide.AndroidArtifact                                : loaded 2 times (x 72B)
Class com.android.builder.model.v2.ide.TestedTargetVariant                            : loaded 2 times (x 72B)
Class kotlin.text.MatcherMatchResult$groups$1                                         : loaded 2 times (x 153B)
Class org.jetbrains.plugins.gradle.model.GradleExtensions                             : loaded 2 times (x 72B)
Class org.jetbrains.plugins.gradle.model.AnnotationProcessingModel                    : loaded 2 times (x 72B)
Class io.opentelemetry.context.ContextStorageProvider                                 : loaded 2 times (x 72B)
Class com.amazon.ion.system.IonBinaryWriterBuilder                                    : loaded 2 times (x 101B)
Class org.gradle.internal.exceptions.MultiCauseException                              : loaded 2 times (x 72B)
Class org.gradle.internal.time.CountdownTimer                                         : loaded 2 times (x 72B)
Class com.amazon.ion.impl.bin.IonManagedBinaryWriter$UserState$4                      : loaded 2 times (x 87B)
Class kotlin.jvm.internal.PropertyReference0Impl                                      : loaded 2 times (x 129B)
Class kotlin.jvm.functions.Function11                                                 : loaded 2 times (x 72B)
Class com.google.common.cache.LocalCache$StrongEntry                                  : loaded 2 times (x 110B)
Class com.google.common.util.concurrent.AbstractFuture$TrustedFuture                  : loaded 2 times (x 116B)
Class com.google.common.collect.FluentIterable                                        : loaded 2 times (x 83B)
Class com.google.common.cache.LoadingCache                                            : loaded 2 times (x 72B)
Class org.gradle.kotlin.dsl.KspConfigurationAccessorsKt                               : loaded 2 times (x 73B)
Class org.gradle.kotlin.dsl.ImplementationConfigurationAccessorsKt                    : loaded 2 times (x 73B)
Class com.google.devtools.ksp.gradle.KspGradleSubplugin$applyToCompilation$5          : loaded 2 times (x 77B)
Class com.google.gson.internal.Streams$AppendableWriter                               : loaded 2 times (x 101B)
Class com.google.gson.internal.bind.MapTypeAdapterFactory                             : loaded 2 times (x 77B)
Class com.google.gson.internal.bind.TypeAdapters$29                                   : loaded 2 times (x 78B)
Class com.google.gson.JsonNull                                                        : loaded 2 times (x 94B)
Class io.opentelemetry.api.trace.Span                                                 : loaded 2 times (x 72B)
Class com.intellij.gradle.toolingExtension.impl.model.projectModel.GradleExternalProjectSerializationService$ReadContext: loaded 2 times (x 75B)
Class com.intellij.gradle.toolingExtension.impl.model.dependencyModel.DependencyWriteContext: loaded 2 times (x 74B)
Class org.jetbrains.plugins.gradle.model.UnresolvedExternalDependency                 : loaded 2 times (x 72B)
Class com.google.gson.stream.MalformedJsonException                                   : loaded 2 times (x 84B)
Class com.google.common.collect.AbstractMapBasedMultimap$WrappedCollection            : loaded 2 times (x 126B)
Class org.gradle.tooling.model.ProjectModel                                           : loaded 2 times (x 72B)
Class org.gradle.tooling.model.gradle.GradleBuild                                     : loaded 2 times (x 72B)
Class jdk.internal.jrtfs.JrtFileSystem                                                : loaded 2 times (x 104B)
Class kotlin.sequences.TakeWhileSequence                                              : loaded 2 times (x 77B)
Class kotlin.jvm.functions.Function12                                                 : loaded 2 times (x 72B)
Class kotlin.io.FileTreeWalk$FileTreeWalkIterator$TopDownDirectoryState               : loaded 2 times (x 75B)
Class com.google.common.io.ByteStreams$LimitedInputStream                             : loaded 2 times (x 94B)
Class org.objectweb.asm.MethodWriter                                                  : loaded 2 times (x 107B)
Class com.google.common.base.Suppliers$NonSerializableMemoizingSupplier               : loaded 2 times (x 81B)
Class com.google.common.collect.RegularImmutableMap$BucketOverflowException           : loaded 2 times (x 84B)
Class [Lcom.google.common.cache.Weigher;                                              : loaded 2 times (x 71B)
Class org.jetbrains.plugins.gradle.model.GradleConfiguration                          : loaded 2 times (x 72B)
Class com.amazon.ion.impl.bin.utf8.Utf8StringEncoderPool                              : loaded 2 times (x 76B)
Class com.amazon.ion.impl._Private_IonSystem                                          : loaded 2 times (x 72B)
Class com.amazon.ion.BufferConfiguration$OversizedValueHandler                        : loaded 2 times (x 72B)
Class com.android.ide.common.gradle.Version$Companion$ParseState$EMPTY                : loaded 2 times (x 76B)
Class com.google.common.util.concurrent.ExecutionError                                : loaded 2 times (x 84B)
Class com.google.common.collect.ImmutableEnumSet                                      : loaded 2 times (x 148B)
Class [Lcom.google.common.cache.RemovalCause;                                         : loaded 2 times (x 71B)
Class kotlin.text.Charsets                                                            : loaded 2 times (x 73B)
Class kotlin.jvm.functions.Function13                                                 : loaded 2 times (x 72B)
Class com.google.common.collect.ImmutableMultimap$1                                   : loaded 2 times (x 84B)
Class com.google.common.collect.AbstractMapBasedMultimap$RandomAccessWrappedList      : loaded 2 times (x 207B)
Class com.google.devtools.ksp.gradle.KspGradleConfig                                  : loaded 2 times (x 107B)
Class com.google.gson.internal.bind.DefaultDateTypeAdapter$DateType$1                 : loaded 2 times (x 75B)
Class com.amazon.ion.IonDecimal                                                       : loaded 2 times (x 72B)
Class io.opentelemetry.api.OpenTelemetry                                              : loaded 2 times (x 72B)
Class org.jetbrains.plugins.gradle.model.tests.ExternalTestsModel                     : loaded 2 times (x 72B)
Class kotlin.jvm.internal.PropertyReference1Impl                                      : loaded 2 times (x 129B)
Class kotlin.SafePublicationLazyImpl$Companion                                        : loaded 2 times (x 73B)
Class com.android.ide.common.repository.AgpVersion$Companion$WhenMappings             : loaded 2 times (x 73B)
Class kotlin.jvm.internal.MutablePropertyReference1                                   : loaded 2 times (x 139B)
Class org.gradle.tooling.model.idea.IdeaLanguageLevel                                 : loaded 2 times (x 72B)
Class org.gradle.tooling.internal.adapter.ProtocolToModelAdapter$SafeMethodInvoker    : loaded 2 times (x 78B)
Class org.gradle.tooling.internal.adapter.WeakIdentityHashMap$WeakKey                 : loaded 2 times (x 82B)
Class org.gradle.internal.exceptions.DefaultMultiCauseException                       : loaded 2 times (x 97B)
Class kotlin.jvm.functions.Function14                                                 : loaded 2 times (x 72B)
Class com.google.common.collect.ImmutableMultimap$2                                   : loaded 2 times (x 83B)
Class com.google.common.reflect.Types$JavaVersion$1                                   : loaded 2 times (x 85B)
Class com.google.common.collect.RegularImmutableBiMap                                 : loaded 2 times (x 150B)
Class com.google.common.collect.AbstractIterator$State                                : loaded 2 times (x 81B)
Class com.google.common.cache.LocalCache$ValueReference                               : loaded 2 times (x 72B)
Class com.google.devtools.ksp.gradle.KspGradleSubplugin$applyToCompilation$8          : loaded 2 times (x 77B)
Class com.google.gson.internal.Streams                                                : loaded 2 times (x 73B)
Class com.google.gson.internal.LazilyParsedNumber                                     : loaded 2 times (x 80B)
Class com.amazon.ion.impl.bin.IonRawBinaryWriter$StreamCloseMode                      : loaded 2 times (x 81B)
Class com.amazon.ion.impl._Private_IonBinaryWriterBuilder$Mutable                     : loaded 2 times (x 117B)
Class io.opentelemetry.api.trace.PropagatedSpan                                       : loaded 2 times (x 114B)
Class com.intellij.gradle.toolingExtension.impl.model.projectModel.GradleExternalProjectSerializationService: loaded 2 times (x 79B)
Class org.gradle.tooling.internal.adapter.ProtocolToModelAdapter$InvocationHandlerImpl: loaded 2 times (x 79B)
Class com.android.builder.model.v2.ide.ProjectInfo                                    : loaded 2 times (x 72B)
Class org.gradle.tooling.model.build.GradleEnvironment                                : loaded 2 times (x 72B)
Class com.android.builder.model.v2.models.VariantDependenciesAdjacencyList            : loaded 2 times (x 72B)
Class org.jetbrains.plugins.gradle.tooling.util.IntObjectMap$ObjectFactory            : loaded 2 times (x 72B)
Class org.gradle.tooling.model.HierarchicalElement                                    : loaded 2 times (x 72B)
Class kotlin.coroutines.jvm.internal.Boxing                                           : loaded 2 times (x 73B)
Class kotlin.jvm.functions.Function15                                                 : loaded 2 times (x 72B)
Class com.google.common.util.concurrent.AbstractFuture$Failure                        : loaded 2 times (x 74B)
Class com.google.common.reflect.Types$JavaVersion$2                                   : loaded 2 times (x 85B)
Class com.google.common.reflect.Types                                                 : loaded 2 times (x 73B)
Class com.google.common.base.Equivalence$Equals                                       : loaded 2 times (x 84B)
Class com.google.common.hash.PrimitiveSink                                            : loaded 2 times (x 72B)
Class com.google.common.collect.Hashing                                               : loaded 2 times (x 73B)
Class com.google.common.base.PatternCompiler                                          : loaded 2 times (x 72B)
Class com.google.devtools.ksp.gradle.KspGradleSubplugin$Companion$getKspResourceOutputDir$1: loaded 2 times (x 76B)
Class com.google.gson.stream.JsonReader                                               : loaded 2 times (x 99B)
Class com.amazon.ion.impl.bin.IonRawBinaryWriter$PatchPoint                           : loaded 2 times (x 74B)
Class com.amazon.ion.IonBlob                                                          : loaded 2 times (x 72B)
Class com.amazon.ion.IonLob                                                           : loaded 2 times (x 72B)
Class com.amazon.ion.IonSequence                                                      : loaded 2 times (x 72B)
Class io.opentelemetry.api.trace.TraceFlags                                           : loaded 2 times (x 72B)
Class org.jetbrains.plugins.gradle.tooling.serialization.ExternalTestsSerializationService: loaded 2 times (x 79B)
Class [Lio.opentelemetry.api.trace.ImmutableTraceFlags;                               : loaded 2 times (x 71B)
Class com.amazon.ion.IonException                                                     : loaded 2 times (x 86B)
Class com.android.builder.model.v2.dsl.DependenciesInfo                               : loaded 2 times (x 72B)
Class com.amazon.ion.util.GzipStreamInterceptor                                       : loaded 2 times (x 87B)
Class com.google.common.collect.ByFunctionOrdering                                    : loaded 2 times (x 117B)
Class com.amazon.ion.impl.bin.IonManagedBinaryWriter$UserState$3                      : loaded 2 times (x 87B)
Class com.google.gson.JsonObject                                                      : loaded 2 times (x 95B)
Class org.gradle.internal.time.Time                                                   : loaded 2 times (x 73B)
Class kotlin.jvm.functions.Function16                                                 : loaded 2 times (x 72B)
Class kotlin.LazyKt                                                                   : loaded 2 times (x 73B)
Class com.google.common.collect.ImmutableSetMultimap                                  : loaded 2 times (x 182B)
Class [Lorg.apache.commons.io.file.DeleteOption;                                      : loaded 2 times (x 71B)
Class org.objectweb.asm.Label                                                         : loaded 2 times (x 75B)
Class org.objectweb.asm.CurrentFrame                                                  : loaded 2 times (x 75B)
Class org.objectweb.asm.ClassTooLargeException                                        : loaded 2 times (x 84B)
Class com.google.common.io.CharSink                                                   : loaded 2 times (x 81B)
Class com.google.common.reflect.Types$JavaVersion$3                                   : loaded 2 times (x 85B)
Class org.gradle.kotlin.dsl.Accessors7cddnu26duc8nxp06w1clhaoeKt                      : loaded 2 times (x 73B)
Class com.google.devtools.ksp.gradle.KspAATask$Companion$registerKspAATask$isolatedClassLoaderCacheBuildServiceProvider$1: loaded 2 times (x 76B)
Class com.google.gson.internal.reflect.ReflectionHelper$RecordSupportedHelper         : loaded 2 times (x 80B)
Class com.amazon.ion.system.IonTextWriterBuilder                                      : loaded 2 times (x 99B)
Class com.amazon.ion.impl.bin.IonManagedBinaryWriter$ImportedSymbolResolverMode$1$1$1 : loaded 2 times (x 78B)
Class com.amazon.ion.impl._Private_LocalSymbolTableFactory                            : loaded 2 times (x 72B)
Class org.jetbrains.plugins.gradle.tooling.serialization.AnnotationProcessingModelSerializationService: loaded 2 times (x 79B)
Class com.intellij.gradle.toolingExtension.impl.initScript.util.GradleLifecycleUtil   : loaded 2 times (x 73B)
Class com.google.devtools.ksp.gradle.KspSubpluginKt$maybeRegisterTransform$2          : loaded 2 times (x 76B)
Class com.android.ide.common.gradle.Version$Companion$ParseState$NUMERIC              : loaded 2 times (x 76B)
Class org.gradle.internal.classloader.ClassLoaderHierarchy                            : loaded 2 times (x 72B)
Class com.android.ide.common.repository.AgpVersion$PreviewKind                        : loaded 2 times (x 81B)
Class com.android.builder.model.v2.models.ProjectGraph                                : loaded 2 times (x 72B)
Class [Lcom.google.common.base.AbstractIterator$State;                                : loaded 2 times (x 71B)
Class kotlin.InitializedLazyImpl                                                      : loaded 2 times (x 78B)
Class kotlin.jvm.functions.Function17                                                 : loaded 2 times (x 72B)
Class com.google.common.collect.RangeGwtSerializationDependencies                     : loaded 2 times (x 73B)
Class com.google.common.io.ByteSource$AsCharSource                                    : loaded 2 times (x 88B)
Class org.objectweb.asm.Frame                                                         : loaded 2 times (x 75B)
Class org.objectweb.asm.MethodVisitor                                                 : loaded 2 times (x 107B)
Class com.google.common.collect.MapMakerInternalMap$InternalEntryHelper               : loaded 2 times (x 72B)
Class com.google.common.collect.Table                                                 : loaded 2 times (x 72B)
Class com.google.common.reflect.Types$JavaVersion$4                                   : loaded 2 times (x 85B)
Class com.google.common.collect.Maps$IteratorBasedAbstractMap                         : loaded 2 times (x 127B)
Class com.google.common.cache.LocalCache$EntryFactory$1                               : loaded 2 times (x 85B)
Class [Lcom.google.common.cache.RemovalListener;                                      : loaded 2 times (x 71B)
Class com.google.gson.internal.bind.JsonAdapterAnnotationTypeAdapterFactory           : loaded 2 times (x 77B)
Class com.amazon.ion.impl.lite.IonNullLite                                            : loaded 2 times (x 178B)
Class org.jetbrains.plugins.gradle.model.DependencyAccessorsModel                     : loaded 2 times (x 72B)
Class [Lcom.intellij.openapi.externalSystem.model.project.dependencies.ResolutionState;: loaded 2 times (x 71B)
Class com.google.common.io.FileWriteMode                                              : loaded 2 times (x 81B)
Class [Lcom.google.common.collect.MapMakerInternalMap$Segment;                        : loaded 2 times (x 71B)
Class com.google.common.cache.LocalCache$ValueIterator                                : loaded 2 times (x 88B)
Class kotlin.jvm.functions.Function18                                                 : loaded 2 times (x 72B)
Class com.google.common.reflect.Types$JavaVersion$5                                   : loaded 2 times (x 73B)
Class [Lcom.google.common.reflect.Types$ClassOwnership;                               : loaded 2 times (x 71B)
Class com.google.common.cache.LocalCache$EntryFactory$2                               : loaded 2 times (x 85B)
Class com.google.devtools.ksp.gradle.AndroidPluginIntegration$tryUpdateKspWithAndroidSourceSets$1: loaded 2 times (x 77B)
Class com.google.devtools.ksp.gradle.model.builder.KspModelBuilder                    : loaded 2 times (x 77B)
Class com.google.gson.internal.bind.NumberTypeAdapter                                 : loaded 2 times (x 76B)
Class com.amazon.ion.impl.lite.IonClobLite                                            : loaded 2 times (x 223B)
Class com.amazon.ion.impl._Private_ValueFactory                                       : loaded 2 times (x 72B)
Class com.amazon.ion.impl.bin.IonRawBinaryWriter$PreallocationMode$1                  : loaded 2 times (x 83B)
Class [Lcom.amazon.ion.impl.bin._Private_IonManagedBinaryWriterBuilder$AllocatorMode; : loaded 2 times (x 71B)
Class org.jetbrains.kotlin.idea.gradleTooling.KotlinMPPGradleModel                    : loaded 2 times (x 72B)
Class io.opentelemetry.context.propagation.ContextPropagators                         : loaded 2 times (x 72B)
Class com.intellij.gradle.toolingExtension.impl.model.dependencyDownloadPolicyModel.GradleDependencyDownloadPolicy: loaded 2 times (x 72B)
Class org.gradle.tooling.model.BuildIdentifier                                        : loaded 2 times (x 72B)
Class kotlin.text.LinesIterator                                                       : loaded 2 times (x 81B)
Class kotlin.jvm.functions.Function19                                                 : loaded 2 times (x 72B)
Class kotlin.reflect.KMutableProperty$Setter                                          : loaded 2 times (x 72B)
Class kotlin.Lazy                                                                     : loaded 2 times (x 72B)
Class com.google.common.collect.CollectCollectors                                     : loaded 2 times (x 73B)
Class org.objectweb.asm.ModuleWriter                                                  : loaded 2 times (x 83B)
Class com.google.common.collect.ImmutableMapEntrySet$RegularEntrySet                  : loaded 2 times (x 154B)
Class com.google.common.cache.LocalCache$EntryFactory$3                               : loaded 2 times (x 85B)
Class com.google.common.base.Ticker$1                                                 : loaded 2 times (x 74B)
Class com.google.common.collect.Maps$BiMapConverter                                   : loaded 2 times (x 92B)
Class com.google.devtools.ksp.gradle.utils.AgpUtilsKt                                 : loaded 2 times (x 73B)
Class com.google.gson.ToNumberPolicy$1                                                : loaded 2 times (x 85B)
Class [Lcom.google.gson.FieldNamingStrategy;                                          : loaded 2 times (x 71B)
Class com.google.gson.internal.Excluder                                               : loaded 2 times (x 77B)
Class com.amazon.ion.IonInt                                                           : loaded 2 times (x 72B)
Class com.amazon.ion.impl.bin.IonRawBinaryWriter$PreallocationMode$2                  : loaded 2 times (x 83B)
Class org.jetbrains.kotlin.idea.gradleTooling.PrepareKotlinIdeImportTaskModel         : loaded 2 times (x 72B)
Class jdk.internal.jimage.BasicImageReader                                            : loaded 2 times (x 97B)
Class com.android.builder.model.v2.ide.VectorDrawablesOptions                         : loaded 2 times (x 72B)
Class org.gradle.tooling.model.BuildableElement                                       : loaded 2 times (x 72B)
Class org.gradle.tooling.model.HasGradleProject                                       : loaded 2 times (x 72B)
Class com.google.common.collect.CollectSpliterators$1                                 : loaded 2 times (x 92B)
Class com.google.common.collect.SetMultimap                                           : loaded 2 times (x 72B)
Class com.google.common.cache.LocalCache$EntryFactory$4                               : loaded 2 times (x 85B)
Class com.google.common.collect.ImmutableSet$Builder                                  : loaded 2 times (x 87B)
Class com.google.gson.internal.ReflectionAccessFilterHelper                           : loaded 2 times (x 73B)
Class com.google.gson.internal.reflect.ReflectionHelper$RecordHelper                  : loaded 2 times (x 77B)
Class com.google.gson.ToNumberPolicy$2                                                : loaded 2 times (x 85B)
Class com.amazon.ion.impl.bin.IonRawBinaryWriter$PreallocationMode$3                  : loaded 2 times (x 83B)
Class com.android.ide.gradle.model.GradlePluginModel                                  : loaded 2 times (x 72B)
Class com.android.builder.model.v2.ide.Edge                                           : loaded 2 times (x 72B)
Class com.google.common.collect.ReverseOrdering                                       : loaded 2 times (x 117B)
Class com.android.builder.model.v2.models.VariantDependenciesFlatList                 : loaded 2 times (x 72B)
Class org.gradle.tooling.model.build.JavaEnvironment                                  : loaded 2 times (x 72B)
Class kotlin.sequences.ConstrainedOnceSequence                                        : loaded 2 times (x 77B)
Class com.google.common.io.ByteStreams$1                                              : loaded 2 times (x 87B)
Class com.google.common.cache.LocalCache$EntryFactory$5                               : loaded 2 times (x 85B)
Class com.intellij.gradle.toolingExtension.impl.model.sourceSetModel.GradleSourceSetSerialisationService$Companion: loaded 2 times (x 73B)
Class com.google.devtools.ksp.gradle.KspConfigurations$3$1                            : loaded 2 times (x 77B)
Class org.jetbrains.plugins.gradle.model.GradleExtension                              : loaded 2 times (x 72B)
Class com.google.gson.internal.bind.ReflectiveTypeAdapterFactory$FieldsData           : loaded 2 times (x 74B)
Class com.google.gson.ToNumberPolicy$3                                                : loaded 2 times (x 85B)
Class com.amazon.ion.impl.lite.IonDecimalLite                                         : loaded 2 times (x 191B)
Class com.amazon.ion.IonBufferConfiguration$Builder                                   : loaded 2 times (x 80B)
Class com.android.builder.model.v2.ide.SourceSetContainer                             : loaded 2 times (x 72B)
Class org.gradle.internal.time.Timer                                                  : loaded 2 times (x 72B)
Class com.amazon.ion.impl._Private_IonValue                                           : loaded 2 times (x 72B)
Class kotlin.time.Duration                                                            : loaded 2 times (x 76B)
Class [Lkotlin.reflect.KProperty;                                                     : loaded 2 times (x 71B)
Class org.apache.commons.io.output.AppendableWriter                                   : loaded 2 times (x 102B)
Class com.google.common.collect.HashMultimap                                          : loaded 2 times (x 175B)
Class com.google.common.cache.LocalCache$EntryFactory$6                               : loaded 2 times (x 85B)
Class org.gradle.internal.installation.CurrentGradleInstallationLocator               : loaded 2 times (x 73B)
Class com.google.devtools.ksp.gradle.KspGradleSubplugin                               : loaded 2 times (x 85B)
Class com.google.gson.ToNumberPolicy$4                                                : loaded 2 times (x 85B)
Class [Lcom.amazon.ion.impl.bin.IonRawBinaryWriter$ContainerType;                     : loaded 2 times (x 71B)
Class com.amazon.ion.impl.bin.IonManagedBinaryWriter$UserState$2                      : loaded 2 times (x 87B)
Class com.android.builder.model.v2.ide.LintOptions                                    : loaded 2 times (x 72B)
Class com.google.devtools.ksp.gradle.KspAATask$Companion$registerKspAATask$kspTaskProvider$1: loaded 2 times (x 77B)
Class org.gradle.tooling.model.DomainObjectSet                                        : loaded 2 times (x 72B)
Class org.gradle.tooling.internal.adapter.ProtocolToModelAdapter$ViewGraphDetails     : loaded 2 times (x 74B)
Class org.gradle.tooling.model.idea.IdeaProject                                       : loaded 2 times (x 72B)
Class [Lkotlin.io.FileWalkDirection;                                                  : loaded 2 times (x 71B)
Class com.google.common.io.ByteSource$SlicedByteSource                                : loaded 2 times (x 87B)
Class org.apache.commons.io.output.ThresholdingOutputStream                           : loaded 2 times (x 97B)
Class com.google.common.collect.ImmutableMultimap$Builder                             : loaded 2 times (x 88B)
Class com.google.common.collect.Maps$KeySet                                           : loaded 2 times (x 139B)
Class com.google.common.collect.ImmutableSet$EmptySetBuilderImpl                      : loaded 2 times (x 78B)
Class com.google.common.cache.LocalCache$EntryFactory$7                               : loaded 2 times (x 85B)
Class org.gradle.internal.service.DefaultServiceLocator                               : loaded 2 times (x 85B)
Class com.google.devtools.ksp.gradle.KspSubpluginKt$maybeRegisterTransform$1          : loaded 2 times (x 76B)
Class com.google.gson.internal.sql.SqlTypesSupport                                    : loaded 2 times (x 73B)
Class com.google.gson.Gson                                                            : loaded 2 times (x 74B)
Class com.amazon.ion.impl.bin.utf8.Utf8StringEncoder$Result                           : loaded 2 times (x 76B)
Class com.amazon.ion.impl.bin.utf8.Pool$Allocator                                     : loaded 2 times (x 72B)
Class com.amazon.ion.IonText                                                          : loaded 2 times (x 72B)
Class com.amazon.ion.impl.SymbolTokenImpl                                             : loaded 2 times (x 83B)
Class com.amazon.ion.SubstituteSymbolTableException                                   : loaded 2 times (x 86B)
Class io.opentelemetry.api.trace.SpanContextKey                                       : loaded 2 times (x 73B)
Class com.android.builder.model.v2.ide.BasicArtifact                                  : loaded 2 times (x 72B)
Class org.gradle.internal.classloader.FilteringClassLoader                            : loaded 2 times (x 106B)
Class com.google.common.base.Equivalence$Identity                                     : loaded 2 times (x 84B)
Class org.gradle.util.GradleVersion                                                   : loaded 2 times (x 83B)
Class jdk.internal.jrtfs.JrtDirectoryStream                                           : loaded 2 times (x 91B)
Class kotlin.reflect.KMutableProperty0                                                : loaded 2 times (x 72B)
Class kotlin.reflect.KClassifier                                                      : loaded 2 times (x 72B)
Class kotlin.io.FileTreeWalk                                                          : loaded 2 times (x 77B)
Class com.google.common.cache.LocalCache$SoftValueReference                           : loaded 2 times (x 100B)
Class com.google.common.collect.ImmutableMultimap$EntryCollection                     : loaded 2 times (x 130B)
Class com.google.common.collect.Maps$EntrySet                                         : loaded 2 times (x 138B)
Class com.google.common.cache.LocalCache$EntryFactory$8                               : loaded 2 times (x 85B)
Class org.gradle.internal.installation.CurrentGradleInstallation                      : loaded 2 times (x 75B)
Class com.google.gson.Gson$1                                                          : loaded 2 times (x 78B)
Class com.amazon.ion.impl.bin.IonManagedBinaryWriter$ImportDescriptor                 : loaded 2 times (x 78B)
Class com.amazon.ion.SymbolTable                                                      : loaded 2 times (x 72B)
Class org.jetbrains.plugins.gradle.javaModel.JavaGradleManifestModel                  : loaded 2 times (x 72B)
Class org.jetbrains.plugins.gradle.tooling.serialization.GradleExtensionsSerializationService$WriteContext: loaded 2 times (x 74B)
Class com.intellij.gradle.toolingExtension.impl.model.taskModel.GradleTaskSerialisationService$Companion: loaded 2 times (x 73B)
Class com.google.common.base.PairwiseEquivalence                                      : loaded 2 times (x 85B)
Class com.google.common.collect.RegularImmutableMap$KeySet                            : loaded 2 times (x 154B)
Class com.google.common.io.LineReader                                                 : loaded 2 times (x 74B)
Class kotlin.coroutines.jvm.internal.CompletedContinuation                            : loaded 2 times (x 77B)
Class kotlin.sequences.DropTakeSequence                                               : loaded 2 times (x 72B)
Class kotlin.io.TextStreamsKt                                                         : loaded 2 times (x 73B)
Class org.gradle.tooling.internal.adapter.ProtocolToModelAdapter$MethodInvocationCache$MethodInvocationKey: loaded 2 times (x 75B)
Class org.gradle.tooling.model.gradle.ProjectPublications                             : loaded 2 times (x 72B)
Class kotlin.reflect.KMutableProperty1                                                : loaded 2 times (x 72B)
Class com.google.common.cache.CacheLoader$1                                           : loaded 2 times (x 77B)
Class org.gradle.util.internal.GUtil                                                  : loaded 2 times (x 73B)
Class com.google.devtools.ksp.gradle.KspGradleConfig_Decorated                        : loaded 2 times (x 195B)
Class com.google.gson.Gson$2                                                          : loaded 2 times (x 78B)
Class [Lcom.amazon.ion.impl.bin.IonManagedBinaryWriter$SymbolState;                   : loaded 2 times (x 71B)
Class com.amazon.ion.impl._Private_IonWriterBase                                      : loaded 2 times (x 164B)
Class com.amazon.ion.system.IonSystemBuilder                                          : loaded 2 times (x 77B)
Class com.amazon.ion.IonCatalog                                                       : loaded 2 times (x 72B)
Class io.opentelemetry.api.trace.TraceId                                              : loaded 2 times (x 73B)
Class com.intellij.gradle.toolingExtension.impl.model.sourceSetModel.GradleSourceSetSerialisationService$SourceSetModelReadContext: loaded 2 times (x 74B)
Class com.android.utils.StringHelper                                                  : loaded 2 times (x 73B)
Class kotlin.text.MatcherMatchResult                                                  : loaded 2 times (x 82B)
Class kotlin.text.MatchGroupCollection                                                : loaded 2 times (x 72B)
Class kotlin.reflect.KMutableProperty2                                                : loaded 2 times (x 72B)
Class com.google.common.io.ByteSource                                                 : loaded 2 times (x 86B)
Class com.google.common.cache.AbstractCache$StatsCounter                              : loaded 2 times (x 72B)
Class com.google.gson.internal.bind.ReflectiveTypeAdapterFactory$BoundField           : loaded 2 times (x 77B)
Class com.google.gson.Gson$3                                                          : loaded 2 times (x 77B)
Class io.opentelemetry.api.internal.ImmutableSpanContext                              : loaded 2 times (x 93B)
Class com.intellij.gradle.toolingExtension.impl.model.sourceSetModel.GradleSourceSetSerialisationService$SourceSetModelWriteContext: loaded 2 times (x 74B)
Class com.android.builder.model.v2.ide.ViewBindingOptions                             : loaded 2 times (x 72B)
Class com.android.ide.gradle.model.dependencies.DeclaredDependencies                  : loaded 2 times (x 72B)
Class com.android.builder.model.v2.dsl.BuildType                                      : loaded 2 times (x 72B)
Class org.jetbrains.plugins.gradle.tooling.serialization.internal.IdeaProjectSerializationService$ReadContext: loaded 2 times (x 74B)
Class com.amazon.ion.impl.bin.IonManagedBinaryWriter$UserState$1                      : loaded 2 times (x 87B)
Class com.google.gson.internal.bind.ObjectTypeAdapter$1                               : loaded 2 times (x 78B)
Class org.gradle.tooling.internal.adapter.WeakIdentityHashMap                         : loaded 2 times (x 78B)
Class org.gradle.tooling.GradleConnectionException                                    : loaded 2 times (x 85B)
Class org.gradle.tooling.internal.adapter.ProtocolToModelAdapter$1                    : loaded 2 times (x 77B)
Class org.gradle.tooling.internal.adapter.ProtocolToModelAdapter$ViewDecoration       : loaded 2 times (x 72B)
Class kotlin.time.DurationUnitKt                                                      : loaded 2 times (x 73B)
Class com.google.common.io.LineBuffer                                                 : loaded 2 times (x 77B)
Class com.google.common.collect.MapMakerInternalMap$1                                 : loaded 2 times (x 85B)
Class com.google.common.reflect.Types$TypeVariableImpl                                : loaded 2 times (x 74B)
Class org.gradle.internal.installation.GradleInstallation                             : loaded 2 times (x 77B)
Class com.google.gson.internal.bind.DefaultDateTypeAdapter$1                          : loaded 2 times (x 77B)
Class com.google.gson.Gson$4                                                          : loaded 2 times (x 78B)
Class com.google.gson.internal.ConstructorConstructor                                 : loaded 2 times (x 74B)
Class com.amazon.ion.impl.lite.ContainerlessContext                                   : loaded 2 times (x 82B)
Class io.opentelemetry.api.trace.DefaultTracer                                        : loaded 2 times (x 76B)
Class org.jetbrains.plugins.gradle.tooling.serialization.GradleExtensionsSerializationService$ReadContext: loaded 2 times (x 74B)
Class com.google.common.collect.ForwardingCollection                                  : loaded 2 times (x 132B)
Class com.google.common.collect.LexicographicalOrdering                               : loaded 2 times (x 117B)
Class org.gradle.tooling.internal.adapter.MethodInvoker                               : loaded 2 times (x 72B)
Class com.google.common.base.Splitter$Strategy                                        : loaded 2 times (x 72B)
Class com.google.common.collect.Iterables                                             : loaded 2 times (x 73B)
Class com.google.gson.ReflectionAccessFilter$FilterResult                             : loaded 2 times (x 81B)
Class com.google.gson.Gson$5                                                          : loaded 2 times (x 78B)
Class com.amazon.ion.UnexpectedEofException                                           : loaded 2 times (x 86B)
Class com.amazon.ion.IonSexp                                                          : loaded 2 times (x 72B)
Class com.amazon.ion.ReadOnlyValueException                                           : loaded 2 times (x 86B)
Class com.amazon.ion.impl._Private_LocalSymbolTable                                   : loaded 2 times (x 72B)
Class com.amazon.ion.BufferConfiguration$DataHandler                                  : loaded 2 times (x 72B)
Class com.amazon.ion.impl._Private_IonBinaryWriterBuilder                             : loaded 2 times (x 117B)
Class org.jetbrains.plugins.gradle.tooling.serialization.RepositoriesModelSerializationService$WriteContext: loaded 2 times (x 74B)
Class com.android.ide.gradle.model.LegacyAndroidGradlePluginProperties                : loaded 2 times (x 72B)
Class com.android.ide.common.gradle.Part                                              : loaded 2 times (x 79B)
Class com.google.common.collect.Lists$RandomAccessReverseList                         : loaded 2 times (x 202B)
Class com.google.gson.internal.bind.TypeAdapters$6                                    : loaded 2 times (x 77B)
Class org.gradle.tooling.model.gradle.GradleScript                                    : loaded 2 times (x 72B)
Class com.google.gson.Gson$FutureTypeAdapter                                          : loaded 2 times (x 78B)
Class kotlin.io.FileWalkDirection                                                     : loaded 2 times (x 81B)

---------------  S Y S T E M  ---------------

OS:
 Windows 11 , 64 bit Build 26100 (10.0.26100.9444)
OS uptime: 0 days 21:52 hours
Hyper-V role detected

CPU: total 12 (initial active 12) (12 cores per cpu, 2 threads per core) family 23 model 104 stepping 1 microcode 0x8608109, cx8, cmov, fxsr, ht, mmx, 3dnowpref, sse, sse2, sse3, ssse3, sse4a, sse4.1, sse4.2, popcnt, lzcnt, tsc, tscinvbit, avx, avx2, aes, clmul, bmi1, bmi2, adx, sha, fma, vzeroupper, clflush, clflushopt, clwb, hv, rdtscp, rdpid, f16c
Processor Information for the first 12 processors :
  Max Mhz: 2100, Current Mhz: 2100, Mhz Limit: 2100

Memory: 4k page, system-wide physical 7501M (468M free)
TotalPageFile size 26624M (AvailPageFile size 403M)
current process WorkingSet (physical memory assigned to process): 656M, peak: 922M
current process commit charge ("private bytes"): 1564M, peak: 1974M

vm_info: OpenJDK 64-Bit Server VM (25.0.3+-15898627-b508.16) for windows-amd64 JRE (25.0.3+-15898627-b508.16), built on 2026-07-20T17:54:23Z with MS VC++ 16.10 / 16.11 (VS2019)

END.
